oznaka,naziv,naselje,opcina,zupanija,klasifikacija,status,vrijeme_nastanka
Z-2579,Graditeljski sklop katedrale sv. Terezije,Bjelovar,BJELOVAR,Bjelovarsko-bilogorska,sakralno-profana graditeljska baština,zaštićeno kulturno dobro,1765. god. do 1774. god.
Z-2114,Crkva sv. 318 Bogonosnih Otaca,Daruvar,DARUVAR,Bjelovarsko-bilogorska,sakralna graditeljska baština,zaštićeno kulturno dobro,1756. god.
Z-5198,Crkva sv. Ilije,Doljani,DARUVAR,Bjelovarsko-bilogorska,sakralna graditeljska baština,zaštićeno kulturno dobro,1804. god.
Z-2116,Crkva sv. Apostola Tome,Dišnik,GAREŠNICA,Bjelovarsko-bilogorska,sakralna graditeljska baština,zaštićeno kulturno dobro,18. st.
Z-2243,Crkva sv. Jurja Mučenika i Srca Marijina,Kaniška Iva,GAREŠNICA,Bjelovarsko-bilogorska,sakralna graditeljska baština,zaštićeno kulturno dobro,1758. st.
Z-2246,Crkva sv. Paraskeve (Petke),Trnovitički Popovac,GAREŠNICA,Bjelovarsko-bilogorska,sakralna graditeljska baština,zaštićeno kulturno dobro,1752. god.
Z-2105,Crkva Roždenija Bogorodice,Mali Zdenci,GRUBIŠNO POLJE,Bjelovarsko-bilogorska,sakralna graditeljska baština,zaštićeno kulturno dobro,1761. god.
Z-2242,Crkva sv. Katarine,Samarica,IVANSKA,Bjelovarsko-bilogorska,sakralna graditeljska baština,zaštićeno kulturno dobro,18. st.
Z-2369,Crkva sv. Petra i Presvetog Trojstva,Gornja Petrička,IVANSKA,Bjelovarsko-bilogorska,sakralna graditeljska baština,zaštićeno kulturno dobro,1780. god.
Z-2110,Crkva sv. Oca Nikolaja,Kapela,KAPELA,Bjelovarsko-bilogorska,sakralna graditeljska baština,zaštićeno kulturno dobro,1846. god.
Z-2102,Crkva sv. Katarine,Nevinac,NOVA RAČA,Bjelovarsko-bilogorska,sakralna graditeljska baština,zaštićeno kulturno dobro,19. st.
Z-5195,Sklop građevina manastira Pakra,Donji Borki,SIRAČ,Bjelovarsko-bilogorska,sakralna graditeljska baština,zaštićeno kulturno dobro,18. st. do 19. st.
Z-2244,Crkva sv. Lazara,Velika Pisanica,VELIKA PISANICA,Bjelovarsko-bilogorska,sakralna graditeljska baština,zaštićeno kulturno dobro,18. st. do 20. st.
Z-2107,Kalvinistička crkva,Velika Pisanica,VELIKA PISANICA,Bjelovarsko-bilogorska,sakralna graditeljska baština,zaštićeno kulturno dobro,1906. god.
Z-3116,Crkva sv. Duha,Veliki Grđevac,VELIKI GRĐEVAC,Bjelovarsko-bilogorska,sakralna graditeljska baština,zaštićeno kulturno dobro,1833. god.
Z-3206,Crkva sv. Križa,Križ Gornji,ZRINSKI TOPOLOVAC,Bjelovarsko-bilogorska,sakralna graditeljska baština,zaštićeno kulturno dobro,13. st. do 19. st.
Z-1911,Crkva sv. Nikole,Gornji Miklouš,ČAZMA,Bjelovarsko-bilogorska,sakralna graditeljska baština,zaštićeno kulturno dobro,18. st. do 19. st.
Z-5196,Crkva sv. Nikole,Koreničani,ĐULOVAC,Bjelovarsko-bilogorska,sakralna graditeljska baština,zaštićeno kulturno dobro,18. st. do 20. st.
Z-1910,Crkva sv. Stjepana Prvomučenika,Štefanje,ŠTEFANJE,Bjelovarsko-bilogorska,sakralna graditeljska baština,zaštićeno kulturno dobro,14. st. do 19. st.
Z-1681,Crkva sv. Mihovila Arkanđela,Dubočac,BEBRINA,Brodsko-posavska,sakralna graditeljska baština,zaštićeno kulturno dobro,1785. god.
N-41,Crkva sv. Martina,Lovčić,BRODSKI STUPNIK,Brodsko-posavska,sakralna graditeljska baština,kulturno dobro od nacionalnog značenja,13. st. do 14. st.
Z-1283,Crkva sv. Martina,Lovčić,BRODSKI STUPNIK,Brodsko-posavska,sakralna graditeljska baština,zaštićeno kulturno dobro,13. st.
Z-1278,Crkva sv. Petra sa samostanom,Cernik,CERNIK,Brodsko-posavska,sakralna graditeljska baština,zaštićeno kulturno dobro,1730. god. do 1750. god.
Z-1284,Crkva sv. Ilije,Mašić,DRAGALIĆ,Brodsko-posavska,sakralna graditeljska baština,zaštićeno kulturno dobro,19. god.
Z-6066,Kapela Svih Svetih u Prvči (groblje u Novoj Gradiški),Prvča,NOVA GRADIŠKA,Brodsko-posavska,sakralna graditeljska baština,zaštićeno kulturno dobro,13. god. do 19. god.
Z-1299,Crkva sv. Luke,Srednji Lipovac,NOVA KAPELA,Brodsko-posavska,sakralna graditeljska baština,zaštićeno kulturno dobro,1275. god.
Z-5667,Grobljanska kapela Svih Svetih-mauzolej Aleksandra Seitza,Nova Kapela,NOVA KAPELA,Brodsko-posavska,sakralna graditeljska baština,zaštićeno kulturno dobro,1889. god.
Z-1277,Crkva sv. Petra,Brodski Zdenci,PODCRKAVLJE,Brodsko-posavska,sakralna graditeljska baština,zaštićeno kulturno dobro,15. st.
Z-1282,Crkva sv. Stjepana,Glogovica,PODCRKAVLJE,Brodsko-posavska,sakralna graditeljska baština,zaštićeno kulturno dobro,15. st.
Z-1293,Crkva sv. Trojstva sa samostanom,Slavonski Brod,SLAVONSKI BROD,Brodsko-posavska,sakralna graditeljska baština,zaštićeno kulturno dobro,1727. god.
Z-4862,Crkva Gospe od Polja,Blato,BLATO,Dubrovačko-neretvanska,sakralna graditeljska baština,zaštićeno kulturno dobro,14. st.
RST-0584-1971.,Crkva sv. Jerolima,Blato,BLATO,Dubrovačko-neretvanska,sakralna graditeljska baština,zaštićeno kulturno dobro,14. st.
Z-1422,Crkva sv. Jurja,Potirna,BLATO,Dubrovačko-neretvanska,sakralna graditeljska baština,zaštićeno kulturno dobro,
RST-0583-1971.,Crkva sv. Križa,Blato,BLATO,Dubrovačko-neretvanska,sakralna graditeljska baština,zaštićeno kulturno dobro,
Z-7083,Crkva sv. Mihovila,Blato,BLATO,Dubrovačko-neretvanska,sakralna graditeljska baština,zaštićeno kulturno dobro,14. st.
Z-958,Crkva sv. Ane,Podimoć,DUBROVAČKO PRIMORJE,Dubrovačko-neretvanska,sakralna graditeljska baština,zaštićeno kulturno dobro,13. st. do 16. st.
Z-2463,Crkva sv. Ivana Krstitelja,Slano,DUBROVAČKO PRIMORJE,Dubrovačko-neretvanska,sakralna graditeljska baština,zaštićeno kulturno dobro,16. st.
Z-971,Crkva sv. Ivana Krstitelja,Trnova,DUBROVAČKO PRIMORJE,Dubrovačko-neretvanska,sakralna graditeljska baština,zaštićeno kulturno dobro,
Z-972,Crkva sv. Ivana s grobljem,Trnovica,DUBROVAČKO PRIMORJE,Dubrovačko-neretvanska,sakralna graditeljska baština,zaštićeno kulturno dobro,14. st. do 18. st.
Z-957,Crkva sv. Križa s grobljem,Podgora,DUBROVAČKO PRIMORJE,Dubrovačko-neretvanska,sakralna graditeljska baština,zaštićeno kulturno dobro,19. st. do 20. st.
Z-1751,Crkva sv. Mihajla,Imotica,DUBROVAČKO PRIMORJE,Dubrovačko-neretvanska,sakralna graditeljska baština,zaštićeno kulturno dobro,14. st. do 16. st.
Z-974,Crkva sv. Nikole,Trnovica,DUBROVAČKO PRIMORJE,Dubrovačko-neretvanska,sakralna graditeljska baština,zaštićeno kulturno dobro,
Z-962,Crkva sv. Roka,Slano,DUBROVAČKO PRIMORJE,Dubrovačko-neretvanska,sakralna graditeljska baština,zaštićeno kulturno dobro,16. st.
ZDU-48-1963.,Benediktinski samostan s crkvom sv. Jakova na Višnjici,Dubrovnik,DUBROVNIK,Dubrovačko-neretvanska,sakralno-profana graditeljska baština,zaštićeno kulturno dobro,
RST-1170-1986.,Benediktinski samostan s crkvom sv. Mihovila Pećinskog i crkvom Velike Gospe,Suđurađ,DUBROVNIK,Dubrovačko-neretvanska,sakralno-profana graditeljska baština,zaštićeno kulturno dobro,
Z-924,Crkva Gospe od Milosrđa,Dubrovnik,DUBROVNIK,Dubrovačko-neretvanska,sakralna graditeljska baština,zaštićeno kulturno dobro,
Z-1612,Crkva Navještenja,Komolac,DUBROVNIK,Dubrovačko-neretvanska,sakralna graditeljska baština,zaštićeno kulturno dobro,15. st.
Z-5917,Crkva Navještenja,Dubrovnik,DUBROVNIK,Dubrovačko-neretvanska,sakralna graditeljska baština,zaštićeno kulturno dobro,16. st.
Z-981,Crkva Navještenja s grobljem,Zaton,DUBROVNIK,Dubrovačko-neretvanska,sakralna graditeljska baština,zaštićeno kulturno dobro,
Z-6019,Crkva Rozario i bratimska kuća,Dubrovnik,DUBROVNIK,Dubrovačko-neretvanska,sakralna graditeljska baština,zaštićeno kulturno dobro,1594. god. do 1659. god.
RST-1168-1986.,Crkva Sv. Spasa (Suspas),Šipanska Luka,DUBROVNIK,Dubrovačko-neretvanska,sakralna graditeljska baština,zaštićeno kulturno dobro,16. st.
Z-4391,Crkva i groblje sv. Mihajla,Dubrovnik,DUBROVNIK,Dubrovačko-neretvanska,sakralna graditeljska baština,zaštićeno kulturno dobro,13. st.
Z-4586,Crkva sv. Barbare,Suđurađ,DUBROVNIK,Dubrovačko-neretvanska,sakralna graditeljska baština,zaštićeno kulturno dobro,
Z-4578,Crkva sv. Ivana Krstitelja,Lopud,DUBROVNIK,Dubrovačko-neretvanska,sakralna graditeljska baština,zaštićeno kulturno dobro,
Z-4031,Crkva sv. Ivana Krstitelja,Dubrovnik,DUBROVNIK,Dubrovačko-neretvanska,sakralna graditeljska baština,zaštićeno kulturno dobro,17. st.
Z-508,Crkva sv. Ivana Krstitelja,Suđurađ,DUBROVNIK,Dubrovačko-neretvanska,sakralna graditeljska baština,zaštićeno kulturno dobro,
Z-6490,Crkva sv. Josipa,Dubrovnik,DUBROVNIK,Dubrovačko-neretvanska,sakralna graditeljska baština,zaštićeno kulturno dobro,17. st.
RST-1273-1986.,Crkva sv. Katarine,Lopud,DUBROVNIK,Dubrovačko-neretvanska,sakralna graditeljska baština,zaštićeno kulturno dobro,17. st.
Z-4581,Crkva sv. Križa,Lopud,DUBROVNIK,Dubrovačko-neretvanska,sakralna graditeljska baština,zaštićeno kulturno dobro,16. st.
Z-4030,Crkva sv. Lazara,Dubrovnik,DUBROVNIK,Dubrovačko-neretvanska,sakralna graditeljska baština,zaštićeno kulturno dobro,
Z-6413,Crkva sv. Margarite,Dubrovnik,DUBROVNIK,Dubrovačko-neretvanska,sakralna graditeljska baština,zaštićeno kulturno dobro,16. st.
Z-977,Crkva sv. Mihajla,Trsteno,DUBROVNIK,Dubrovačko-neretvanska,sakralna graditeljska baština,zaštićeno kulturno dobro,17. st.
Z-510,Crkva sv. Mihajla nad morem,Šipanska Luka,DUBROVNIK,Dubrovačko-neretvanska,sakralna graditeljska baština,zaštićeno kulturno dobro,
Z-5980,Crkva sv. Nikole,Dubrovnik,DUBROVNIK,Dubrovačko-neretvanska,sakralna graditeljska baština,zaštićeno kulturno dobro,11. st. do 17. st.
Z-976,Crkva sv. Nikole,Trsteno,DUBROVNIK,Dubrovačko-neretvanska,sakralna graditeljska baština,zaštićeno kulturno dobro,
Z-4579,Crkva sv. Nikole Grčkog,Lopud,DUBROVNIK,Dubrovačko-neretvanska,sakralna graditeljska baština,zaštićeno kulturno dobro,
Z-7252,Crkva sv. Roka,Dubrovnik,DUBROVNIK,Dubrovačko-neretvanska,sakralna graditeljska baština,zaštićeno kulturno dobro,16. st.
Z-7393,Crkva sv. Sebastijana,Dubrovnik,DUBROVNIK,Dubrovačko-neretvanska,sakralna graditeljska baština,zaštićeno kulturno dobro,15. st.
Z-5288,Crkva sv. Spasa,Dubrovnik,DUBROVNIK,Dubrovačko-neretvanska,sakralna graditeljska baština,zaštićeno kulturno dobro,16. st.
Z-5485,Crkva sv. Spasa s grobljem,Bosanka,DUBROVNIK,Dubrovačko-neretvanska,sakralna graditeljska baština,zaštićeno kulturno dobro,16. st.
Z-3631,Crkva sv. Stjepana,Sustjepan,DUBROVNIK,Dubrovačko-neretvanska,sakralna graditeljska baština,zaštićeno kulturno dobro,
Z-979,Crkva sv. Stjepana s grobljem,Zaton,DUBROVNIK,Dubrovačko-neretvanska,sakralna graditeljska baština,zaštićeno kulturno dobro,15. st. do 19. st.
Z-2428,Crkva sv. Tripuna,Komolac,DUBROVNIK,Dubrovačko-neretvanska,sakralna graditeljska baština,zaštićeno kulturno dobro,16. st.
Z-506,Crkva sv. Trojice,Suđurađ,DUBROVNIK,Dubrovačko-neretvanska,sakralna graditeljska baština,zaštićeno kulturno dobro,
Z-4580,Crkva sv. Trojstva,Lopud,DUBROVNIK,Dubrovačko-neretvanska,sakralna graditeljska baština,zaštićeno kulturno dobro,17. st.
Z-6220,Crkva sv. Vlaha,Dubrovnik,DUBROVNIK,Dubrovačko-neretvanska,sakralna graditeljska baština,zaštićeno kulturno dobro,18. st.
Z-926,Crkva sv. Vlaha na Gorici,Dubrovnik,DUBROVNIK,Dubrovačko-neretvanska,sakralna graditeljska baština,zaštićeno kulturno dobro,13. st. do 19. st.
Z-937,Crkva sv. Đurđa s grobljem,Ljubač,DUBROVNIK,Dubrovačko-neretvanska,sakralna graditeljska baština,zaštićeno kulturno dobro,
Z-952,Crkva sv. Đurđa s grobljem i stećcima,Orašac,DUBROVNIK,Dubrovačko-neretvanska,sakralna graditeljska baština,zaštićeno kulturno dobro,
Z-7297,Crkveno grobišni kompleks Tri crkve,Dubrovnik,DUBROVNIK,Dubrovačko-neretvanska,sakralno-profana graditeljska baština,zaštićeno kulturno dobro,13. st. do 20. st.
Z-7395,Dominikanski samostan s crkvom sv. Dominika,Dubrovnik,DUBROVNIK,Dubrovačko-neretvanska,sakralno-profana graditeljska baština,zaštićeno kulturno dobro,
Z-6443,Katedrala Gospe Velike,Dubrovnik,DUBROVNIK,Dubrovačko-neretvanska,sakralna graditeljska baština,zaštićeno kulturno dobro,17. st. do 18. st.
Z-5287,Kompleks samostana sv. Katarine Sijenske,Dubrovnik,DUBROVNIK,Dubrovačko-neretvanska,sakralno-profana graditeljska baština,zaštićeno kulturno dobro,1667. god.
Z-3271,Ladanjski kompleks s crkvom sv. Križa,Dubrovnik,DUBROVNIK,Dubrovačko-neretvanska,sakralno-profana graditeljska baština,zaštićeno kulturno dobro,17. st.
Z-5482,Ljetnikovac Dražić s kapelicom - Biskupija,Dubrovnik,DUBROVNIK,Dubrovačko-neretvanska,sakralno-profana graditeljska baština,zaštićeno kulturno dobro,18. st.
RST-1234-1986.,Palača Sorkočević (Biskupska palača),Dubrovnik,DUBROVNIK,Dubrovačko-neretvanska,sakralno-profana graditeljska baština,zaštićeno kulturno dobro,
ZDU-16 (16-16),Samostan Male braće s crkvom sv. Frana,Dubrovnik,DUBROVNIK,Dubrovačko-neretvanska,sakralno-profana graditeljska baština,zaštićeno kulturno dobro,
Z-1613,Samostan i crkva Pohođenja Marijina,Rožat,DUBROVNIK,Dubrovačko-neretvanska,sakralno-profana graditeljska baština,zaštićeno kulturno dobro,16. st.
Z-4114,Samostan i crkva sv. Križa,Dubrovnik,DUBROVNIK,Dubrovačko-neretvanska,sakralno-profana graditeljska baština,zaštićeno kulturno dobro,15. st.
RST-1226-1986.,Samostan i crkva sv. Marije od Kaštela,Dubrovnik,DUBROVNIK,Dubrovačko-neretvanska,sakralno-profana graditeljska baština,zaštićeno kulturno dobro,
Z-941,Samostan i crkva sv. Nikole,Lopud,DUBROVNIK,Dubrovačko-neretvanska,sakralno-profana graditeljska baština,zaštićeno kulturno dobro,15. st. do 16. st.
Z-1614,Samostanski kompleks s crkvom Gospe od Špilica,Lopud,DUBROVNIK,Dubrovačko-neretvanska,sakralno-profana graditeljska baština,zaštićeno kulturno dobro,15. st.
Z-4484,Crkva sv. Ivana Krstitelja Glavosijeka s grobljem,Ljuta,KONAVLE,Dubrovačko-neretvanska,sakralna graditeljska baština,zaštićeno kulturno dobro,15. st. do 18. st.
Z-4481,Crkva sv. Petra Apostola sa srednjovjekovnim grobljem,Pločice,KONAVLE,Dubrovačko-neretvanska,sakralna graditeljska baština,zaštićeno kulturno dobro,14. st. do 19. st.
Z-978,Crkva sv. Spasa s grobljem,Vitaljina,KONAVLE,Dubrovačko-neretvanska,sakralna graditeljska baština,zaštićeno kulturno dobro,15. st. do 20. st.
Z-1745,Ljetnikovac Pucić (Stara škola) s kapelom sv. Lucije,Čilipi,KONAVLE,Dubrovačko-neretvanska,sakralno-profana graditeljska baština,zaštićeno kulturno dobro,16. st.
Z-1740,Samostan i crkva Gospe od Snijega,Cavtat,KONAVLE,Dubrovačko-neretvanska,sakralno-profana graditeljska baština,zaštićeno kulturno dobro,15. st.
Z-4861,Crkva Gospojine,Korčula,KORČULA,Dubrovačko-neretvanska,sakralna graditeljska baština,zaštićeno kulturno dobro,14. st.
Z-4919,Crkva Navještenja,Korčula,KORČULA,Dubrovačko-neretvanska,sakralna graditeljska baština,zaštićeno kulturno dobro,1582. god.
Z-6807,Crkva Pomoćnice kršćana,Račišće,KORČULA,Dubrovačko-neretvanska,sakralna graditeljska baština,zaštićeno kulturno dobro,
Z-4854,Crkva sv. Antuna,Korčula,KORČULA,Dubrovačko-neretvanska,sakralna graditeljska baština,zaštićeno kulturno dobro,14. st. do 17. st.
Z-4921,Crkva sv. Filipa i Jakova,Žrnovo,KORČULA,Dubrovačko-neretvanska,sakralna graditeljska baština,zaštićeno kulturno dobro,16. st.
Z-4924,Crkva sv. Jurja,Pupnat,KORČULA,Dubrovačko-neretvanska,sakralna graditeljska baština,zaštićeno kulturno dobro,
Z-4922,Crkva sv. Mihovila,Žrnovo,KORČULA,Dubrovačko-neretvanska,sakralna graditeljska baština,zaštićeno kulturno dobro,
Z-4860,Crkva sv. Petra,Korčula,KORČULA,Dubrovačko-neretvanska,sakralna graditeljska baština,zaštićeno kulturno dobro,14. st.
Z-6627,Opatski dvor,Korčula,KORČULA,Dubrovačko-neretvanska,sakralno-profana graditeljska baština,zaštićeno kulturno dobro,1876. god. do 1880. god.
Z-5517,Ruševine crkve sv. Barbare na otoku Sutvara,Korčula,KORČULA,Dubrovačko-neretvanska,sakralna graditeljska baština,zaštićeno kulturno dobro,6. st.
RST-0049-1962.,Samostan i crkva Gospe od Milosrđa na Badiji,Korčula,KORČULA,Dubrovačko-neretvanska,sakralno-profana graditeljska baština,zaštićeno kulturno dobro,15. st. do 20. st.
Z-4918,Samostan s crkvom sv. Nikole,Korčula,KORČULA,Dubrovačko-neretvanska,sakralno-profana graditeljska baština,zaštićeno kulturno dobro,15. st.
RST-1111-1982.,Crkva Gospe na Grži,Lastovo,LASTOVO,Dubrovačko-neretvanska,sakralna graditeljska baština,zaštićeno kulturno dobro,15. st.
Z-5683,Crkva sv. Barbare,Lastovo,LASTOVO,Dubrovačko-neretvanska,sakralna graditeljska baština,zaštićeno kulturno dobro,14. st.
Z-5799,Crkva sv. Ilije,Lastovo,LASTOVO,Dubrovačko-neretvanska,sakralna graditeljska baština,zaštićeno kulturno dobro,18. st.
RST-1257-1986.,Crkva sv. Kuzme i Damjana,Lastovo,LASTOVO,Dubrovačko-neretvanska,sakralna graditeljska baština,zaštićeno kulturno dobro,15. st. do 16. st.
Z-5567,Crkva sv. Marka,Lastovo,LASTOVO,Dubrovačko-neretvanska,sakralna graditeljska baština,zaštićeno kulturno dobro,16. st.
Z-5566,Crkva sv. Nikole,Lastovo,LASTOVO,Dubrovačko-neretvanska,sakralna graditeljska baština,zaštićeno kulturno dobro,15. st. do 16. st.
Z-5513,Crkva sv. Roka,Lastovo,LASTOVO,Dubrovačko-neretvanska,sakralna graditeljska baština,zaštićeno kulturno dobro,16. st.
Z-5573,Crkva sv. Spasa,Lastovo,LASTOVO,Dubrovačko-neretvanska,sakralna graditeljska baština,zaštićeno kulturno dobro,16. st. do 18. st.
RST-1154-1986.,Crkva sv. Vincenca,Lastovo,LASTOVO,Dubrovačko-neretvanska,sakralna graditeljska baština,zaštićeno kulturno dobro,18. st.
RST-1283-1986.,Crkva sv. Vlaha,Lastovo,LASTOVO,Dubrovačko-neretvanska,sakralna graditeljska baština,zaštićeno kulturno dobro,14. st. do 18. st.
Z-4864,Crkva sv. Bartula,Lumbarda,LUMBARDA,Dubrovačko-neretvanska,sakralna graditeljska baština,zaštićeno kulturno dobro,
Z-4852,Crkva sv. Križa,Lumbarda,LUMBARDA,Dubrovačko-neretvanska,sakralna graditeljska baština,zaštićeno kulturno dobro,1776. god.
Z-4759,Crkva sv. Petra i Pavla,Lumbarda,LUMBARDA,Dubrovačko-neretvanska,sakralna graditeljska baština,zaštićeno kulturno dobro,
Z-6149,Crkva sv. Andrije,Babino Polje,MLJET,Dubrovačko-neretvanska,sakralna graditeljska baština,zaštićeno kulturno dobro,12. st. do 15. st.
Z-2461,Crkva sv. Mihajla,Babino Polje,MLJET,Dubrovačko-neretvanska,sakralna graditeljska baština,zaštićeno kulturno dobro,11. st. do 14. st.
Z-948,Samostan i crkva sv. Marije,Goveđari,MLJET,Dubrovačko-neretvanska,sakralno-profana graditeljska baština,zaštićeno kulturno dobro,12. st. do 16. st.
Z-6394,Crkva sv. Trojstva,Kučište,OREBIĆ,Dubrovačko-neretvanska,sakralna graditeljska baština,zaštićeno kulturno dobro,1752. god.
Z-4619,Franjevački samostan i crkva Gospe od Loreta - Delorita,Kuna Pelješka,OREBIĆ,Dubrovačko-neretvanska,sakralno-profana graditeljska baština,zaštićeno kulturno dobro,18. st.
Z-1403,Samostan i crkva Gospe od Anđela,Orebić,OREBIĆ,Dubrovačko-neretvanska,sakralno-profana graditeljska baština,zaštićeno kulturno dobro,
Z-6030,Crkva sv. Jurja s ostatcima antičke villae rusticae,Baćina,PLOČE,Dubrovačko-neretvanska,sakralna graditeljska baština,zaštićeno kulturno dobro,14. st. do 18. st.
Z-5325,Crkva sv. Mihovila,Smokvica,SMOKVICA,Dubrovačko-neretvanska,sakralna graditeljska baština,zaštićeno kulturno dobro,
Z-4560,Brijeg Gradac s crkvom sv. Mihajla i samostanom dominikanki,Ston,STON,Dubrovačko-neretvanska,sakralno-profana graditeljska baština,zaštićeno kulturno dobro,
Z-966,Crkva sv Đurđa,Sparagovići,STON,Dubrovačko-neretvanska,sakralna graditeljska baština,zaštićeno kulturno dobro,11. st. do 12. st.
Z-1758,Crkva sv. Andrije,Ston,STON,Dubrovačko-neretvanska,sakralna graditeljska baština,zaštićeno kulturno dobro,15. st. do 16. st.
RST-0022-1962.,Crkva sv. Jeronima,Ston,STON,Dubrovačko-neretvanska,sakralna graditeljska baština,zaštićeno kulturno dobro,
RST-1192-1986.,Franjevački samostan i crkva sv. Nikole,Ston,STON,Dubrovačko-neretvanska,sakralno-profana graditeljska baština,zaštićeno kulturno dobro,14. st. do 15. st.
Z-4765,Ostaci crkve sv. Ivana,Ston,STON,Dubrovačko-neretvanska,sakralna graditeljska baština,zaštićeno kulturno dobro,12. st.
RST-0069-1963.,Ostaci crkve sv. Srđa,Ston,STON,Dubrovačko-neretvanska,sakralna graditeljska baština,zaštićeno kulturno dobro,14. st.
Z-4620,Crkva sv. Roka s grobljem,Trpanj,TRPANJ,Dubrovačko-neretvanska,sakralna graditeljska baština,zaštićeno kulturno dobro,16. st. do 19. st.
Z-4856,Arheološko nalazište Gradina sa crkvom sv. Ivana Krstitelja,Vela Luka,VELA LUKA,Dubrovačko-neretvanska,sakralna graditeljska baština,zaštićeno kulturno dobro,
Z-6588,Crkva sv. Kuzme i Damjana s arheološkim nalazištem,Vela Luka,VELA LUKA,Dubrovačko-neretvanska,sakralna graditeljska baština,zaštićeno kulturno dobro,11. st. do 15. st.
Z-5292,Crkva sv. Vinćenta,Vela Luka,VELA LUKA,Dubrovačko-neretvanska,sakralna graditeljska baština,zaštićeno kulturno dobro,1589. god.
Z-967,Crkva Presvetog Srca Isusova,Srebreno,ŽUPA DUBROVAČKA,Dubrovačko-neretvanska,sakralna graditeljska baština,zaštićeno kulturno dobro,1913. god.
Z-929,Crkva sv. Ane (stara),Gornji Brgat,ŽUPA DUBROVAČKA,Dubrovačko-neretvanska,sakralna graditeljska baština,zaštićeno kulturno dobro,14. st.
Z-930,Crkva sv. Ivana Krstitelja,Gornji Brgat,ŽUPA DUBROVAČKA,Dubrovačko-neretvanska,sakralna graditeljska baština,zaštićeno kulturno dobro,14. st.
Z-956,Crkva sv. Ivana Krstitelja,Plat,ŽUPA DUBROVAČKA,Dubrovačko-neretvanska,sakralna graditeljska baština,zaštićeno kulturno dobro,
Z-917,Crkva sv. Luke s grobljem,Čibača,ŽUPA DUBROVAČKA,Dubrovačko-neretvanska,sakralna graditeljska baština,zaštićeno kulturno dobro,18. st.
Z-1744,Crkva sv. Mateja,Čibača,ŽUPA DUBROVAČKA,Dubrovačko-neretvanska,sakralna graditeljska baština,zaštićeno kulturno dobro,14. st. do 16. st.
Z-1760,Crkva sv. Mihajla,Čibača,ŽUPA DUBROVAČKA,Dubrovačko-neretvanska,sakralna graditeljska baština,zaštićeno kulturno dobro,16. st. do 17. st.
Z-936,Crkva sv. Stjepana s grobljem,Kupari,ŽUPA DUBROVAČKA,Dubrovačko-neretvanska,sakralna graditeljska baština,zaštićeno kulturno dobro,13. st. do 19. st.
Z-6529,Crkva sv. Đurđa sa srednjovjekovnim grobljem kod Buića,Petrača,ŽUPA DUBROVAČKA,Dubrovačko-neretvanska,sakralna graditeljska baština,zaštićeno kulturno dobro,6. st. do 20. st.
Z-945,Kapela Gospe od Rozarija,Mlini,ŽUPA DUBROVAČKA,Dubrovačko-neretvanska,sakralna graditeljska baština,zaštićeno kulturno dobro,
Z-914,Samostan i crkva sv. Vićenca (Vinka),Čelopeci,ŽUPA DUBROVAČKA,Dubrovačko-neretvanska,sakralno-profana graditeljska baština,zaštićeno kulturno dobro,17. st.
Z-706,Crkva Blažene Djevice Marije,Brezovica,GRAD ZAGREB,Grad Zagreb,sakralna graditeljska baština,zaštićeno kulturno dobro,18. st.
Z-2282,Crkva Blažene Djevice Marije i župni dvor,Zagreb,GRAD ZAGREB,Grad Zagreb,sakralno-profana graditeljska baština,zaštićeno kulturno dobro,1885. god. do 1901. god.
Z-1471,Crkva Majke Božje Žalosne,Zagreb,GRAD ZAGREB,Grad Zagreb,sakralna graditeljska baština,zaštićeno kulturno dobro,1763. god.
Z-1474,Crkva Pohoda Blažene Djevice Marije,Zagreb,GRAD ZAGREB,Grad Zagreb,sakralna graditeljska baština,zaštićeno kulturno dobro,18. st.
Z-719,Crkva Uznesenja Blažene Djevice Marije,Zagreb,GRAD ZAGREB,Grad Zagreb,sakralna graditeljska baština,zaštićeno kulturno dobro,1758. god.
Z-1316,Crkva Uznesenja Blažene Djevice Marije i samostan u Remetama,Zagreb,GRAD ZAGREB,Grad Zagreb,sakralno-profana graditeljska baština,zaštićeno kulturno dobro,1272. god. do 1908. god.
Z-3571,Crkva sv. Antuna,Zagreb,GRAD ZAGREB,Grad Zagreb,sakralna graditeljska baština,zaštićeno kulturno dobro,1926. god.
Z-721,Crkva sv. Barbare,Zagreb,GRAD ZAGREB,Grad Zagreb,sakralna graditeljska baština,zaštićeno kulturno dobro,1700. god. do 1703. god.
Z-1478,Crkva sv. Franje Ksaverskog,Vugrovec Donji,GRAD ZAGREB,Grad Zagreb,sakralna graditeljska baština,zaštićeno kulturno dobro,18. st.
Z-488,Crkva sv. Ivana Krstitelja,Zagreb,GRAD ZAGREB,Grad Zagreb,sakralna graditeljska baština,zaštićeno kulturno dobro,1795. god. do 1800. god.
Z-2387,Crkva sv. Jakova na Velikom Plazuru,Zagreb,GRAD ZAGREB,Grad Zagreb,sakralna graditeljska baština,zaštićeno kulturno dobro,1847. god.
Z-717,Crkva sv. Jurja,Planina Donja,GRAD ZAGREB,Grad Zagreb,sakralna graditeljska baština,zaštićeno kulturno dobro,13. st.
Z-716,Crkva sv. Jurja,Odra,GRAD ZAGREB,Grad Zagreb,sakralna graditeljska baština,zaštićeno kulturno dobro,14. st. do 18. st.
Z-712,Crkva sv. Klare,Zagreb,GRAD ZAGREB,Grad Zagreb,sakralna graditeljska baština,zaštićeno kulturno dobro,1768. god.
Z-182,Crkva sv. Marka Evanđelista,Zagreb,GRAD ZAGREB,Grad Zagreb,sakralna graditeljska baština,zaštićeno kulturno dobro,15. st.
Z-709,"Crkva sv. Marka Evanđelista, Jakuševac",Zagreb,GRAD ZAGREB,Grad Zagreb,sakralna graditeljska baština,zaštićeno kulturno dobro,1832. god.
Z-718,Crkva sv. Martina,Zagreb,GRAD ZAGREB,Grad Zagreb,sakralna graditeljska baština,zaštićeno kulturno dobro,10. st. do 19. st.
Z-671,Crkva sv. Martina i salezijanski samostan,Zagreb,GRAD ZAGREB,Grad Zagreb,sakralno-profana graditeljska baština,zaštićeno kulturno dobro,17. st. do 20. st.
Z-723,Crkva sv. Mihaela Arhanđela,Zagreb,GRAD ZAGREB,Grad Zagreb,sakralna graditeljska baština,zaštićeno kulturno dobro,1610. god. do 1899. god.
Z-2386,Crkva sv. Roka,Zagreb,GRAD ZAGREB,Grad Zagreb,sakralna graditeljska baština,zaštićeno kulturno dobro,18. st.
Z-458,Crkva sv. Roka,Zagreb,GRAD ZAGREB,Grad Zagreb,sakralna graditeljska baština,zaštićeno kulturno dobro,1647. god.
Z-333,Evangelička crkva sa župnim dvorom,Zagreb,GRAD ZAGREB,Grad Zagreb,sakralno-profana graditeljska baština,zaštićeno kulturno dobro,1882. god. do 1884. god.
Z-184,"Isusovački samostan (Galerija ""Klovićevi dvori""), Jezuitski trg 4",Zagreb,GRAD ZAGREB,Grad Zagreb,sakralno-profana graditeljska baština,zaštićeno kulturno dobro,17. st. do 18. st.
Z-204,"Kanonička kurija, Kaptol 3",Zagreb,GRAD ZAGREB,Grad Zagreb,sakralno-profana graditeljska baština,zaštićeno kulturno dobro,17. st.
Z-6957,"Kapela sv. Križa, Ilirski trg",Zagreb,GRAD ZAGREB,Grad Zagreb,sakralna graditeljska baština,zaštićeno kulturno dobro,1893. god.
Z-681,Kompleks arkada s crkvom Krista Kralja,Zagreb,GRAD ZAGREB,Grad Zagreb,sakralno-profana graditeljska baština,zaštićeno kulturno dobro,1879. god. do 1933. god.
Z-724,Kompleks crkve i samostana sv. Franje Ksaverskog,Zagreb,GRAD ZAGREB,Grad Zagreb,sakralno-profana graditeljska baština,zaštićeno kulturno dobro,1748. god. do 1939. god.
Z-4468,Kompleks crkve sv. Marije Pomoćnice i Omladinskog doma Salezijanaca,Zagreb,GRAD ZAGREB,Grad Zagreb,sakralno-profana graditeljska baština,zaštićeno kulturno dobro,1929. god. do 1965. god.
Z-615,Kompleks crkve sv. Ćirila i Metoda i grkokatoličko sjemenište,Zagreb,GRAD ZAGREB,Grad Zagreb,sakralno-profana graditeljska baština,zaštićeno kulturno dobro,1768. god. do 1830. god.
Z-1314,Kompleks sakralnih građevina u Markuševcu,Zagreb,GRAD ZAGREB,Grad Zagreb,sakralno-profana graditeljska baština,zaštićeno kulturno dobro,1328. god.
Z-3447,"Kurija s perivojem i kapela, Luje Naletilića 84",Botinec,GRAD ZAGREB,Grad Zagreb,sakralno-profana graditeljska baština,zaštićeno kulturno dobro,19. st.
Z-720,"Kurija župnog dvora, Vrapčanska 113",Zagreb,GRAD ZAGREB,Grad Zagreb,sakralno-profana graditeljska baština,zaštićeno kulturno dobro,1806. god.
Z-682,Mrtvačnica na Mirogoju,Zagreb,GRAD ZAGREB,Grad Zagreb,sakralno-profana graditeljska baština,zaštićeno kulturno dobro,1884. god. do 1886. god.
Z-219,"Palača Nadbiskupskog sjemeništa, Kaptol 29",Zagreb,GRAD ZAGREB,Grad Zagreb,sakralno-profana graditeljska baština,zaštićeno kulturno dobro,16. god. do 19. god.
Z-2653,Poklonac sv. Izidora,Odra,GRAD ZAGREB,Grad Zagreb,sakralno-profana graditeljska baština,zaštićeno kulturno dobro,18. st.
Z-3935,Raspelo na križanju Dobrodolskog i Novog puta,Dobrodol,GRAD ZAGREB,Grad Zagreb,sakralna graditeljska baština,zaštićeno kulturno dobro,1915. god.
Z-3570,"Raspelo, Trg Dragutina Domjanića",Sesvete,GRAD ZAGREB,Grad Zagreb,sakralna graditeljska baština,zaštićeno kulturno dobro,20. st.
Z-331,Samostan sestara milosrdnica s crkvom sv. Vinka Paulskoga,Zagreb,GRAD ZAGREB,Grad Zagreb,sakralno-profana graditeljska baština,zaštićeno kulturno dobro,1841. god. do 1845. god.
Z-500,"Zgrada Kolegija Družbe Isusove, Jordanovac 110",Zagreb,GRAD ZAGREB,Grad Zagreb,sakralno-profana graditeljska baština,zaštićeno kulturno dobro,1929. god. do 1930. god.
Z-640,Župni dvor crkve sv. Marka Evanđelista,Zagreb,GRAD ZAGREB,Grad Zagreb,sakralno-profana graditeljska baština,zaštićeno kulturno dobro,1706. god.
Z-2651,"Župni dvor, Golobreška 21",Brezovica,GRAD ZAGREB,Grad Zagreb,sakralno-profana graditeljska baština,zaštićeno kulturno dobro,1906. god.
Z-711,"Župni dvor, Kašina bb",Kašina,GRAD ZAGREB,Grad Zagreb,sakralno-profana graditeljska baština,zaštićeno kulturno dobro,13. st. do 19. st.
Z-3668,Crkva sv. Maura,Bale,BALE - VALLE,Istarska,sakralna graditeljska baština,zaštićeno kulturno dobro,6. st. do 17. st.
Z-4812,Crkva sv. Nikole,Bale,BALE - VALLE,Istarska,sakralna graditeljska baština,zaštićeno kulturno dobro,15. st.
Z-2198,Crkva sv. Antuna,Barban,BARBAN,Istarska,sakralna graditeljska baština,zaštićeno kulturno dobro,
Z-1304,Crkva sv. Jakova,Barban,BARBAN,Istarska,sakralna graditeljska baština,zaštićeno kulturno dobro,
Z-7361,Crkva svetog Ivana Krstitelja (sv. Ivanac nad Rašom),Sutivanac,BARBAN,Istarska,sakralna graditeljska baština,zaštićeno kulturno dobro,
Z-1838,Crkva sv. Duha,Štrped,BUZET,Istarska,sakralna graditeljska baština,zaštićeno kulturno dobro,
Z-1341,Crkva sv. Trojstva,Račice,BUZET,Istarska,sakralna graditeljska baština,zaštićeno kulturno dobro,
Z-7380,Ruševine crkve sv. Marije,Račice,BUZET,Istarska,sakralna graditeljska baština,zaštićeno kulturno dobro,
Z-7362,Crkva Blažene Djevice Marije „kod Lokve“,Gologorica,CEROVLJE,Istarska,sakralna graditeljska baština,zaštićeno kulturno dobro,14. st. do 15. st.
Z-866,Crkva sv. Elizeja,Fažana,FAŽANA - FASANA,Istarska,sakralna graditeljska baština,zaštićeno kulturno dobro,6. st.
Z-588,Crkva sv. Ilije,Kanfanar,KANFANAR,Istarska,sakralna graditeljska baština,zaštićeno kulturno dobro,12. st. do 15. st.
Z-2479,Crkva sv. Trojstva,Labinci,KAŠTELIR-LABINCI - CASTELLIERE-S. DOMENICA,Istarska,sakralna graditeljska baština,zaštićeno kulturno dobro,
Z-4015,Bivši pavlinski samostan sv. Marije,Kršan,KRŠAN,Istarska,sakralno-profana graditeljska baština,zaštićeno kulturno dobro,13. st. do 18. st.
Z-360,Crkva sv. Jurja Starog,Plomin,KRŠAN,Istarska,sakralna graditeljska baština,zaštićeno kulturno dobro,11. st. do 16. st.
Z-1380,Crkva sv. Kvirina na groblju,Jesenovik,KRŠAN,Istarska,sakralna graditeljska baština,zaštićeno kulturno dobro,12. st. do 16. st.
Z-354,Crkva sv. Kuzme i Damjana,Labin,LABIN,Istarska,sakralna graditeljska baština,zaštićeno kulturno dobro,14. st. do 17. st.
Z-2199,Crkva sv. Flora (Cvitka),Pomer,MEDULIN,Istarska,sakralna graditeljska baština,zaštićeno kulturno dobro,
RRI-447,Samostanski kompleks,Dajla,NOVIGRAD - CITTANOVA,Istarska,sakralna graditeljska baština,zaštićeno kulturno dobro,
RRI-0235-1970.,Crkva sv. Marije Snježne,Čepić,OPRTALJ - PORTOLE,Istarska,sakralna graditeljska baština,zaštićeno kulturno dobro,15. st.
Z-358,Crkva sv. Roka,Oprtalj,OPRTALJ - PORTOLE,Istarska,sakralna graditeljska baština,zaštićeno kulturno dobro,16. st.
Z-856,Crkva sv. Križa,Butoniga,PAZIN,Istarska,sakralna graditeljska baština,zaštićeno kulturno dobro,
N-6,Crkva sv. Marije na Škriljanah,Beram,PAZIN,Istarska,sakralna graditeljska baština,kulturno dobro od nacionalnog značenja,15. god.
Z-5305,Kompleks franjevačkog samostana s crkvom Pohođenja Blažene Djevice Marije,Pazin,PAZIN,Istarska,sakralna graditeljska baština,zaštićeno kulturno dobro,
Z-584,Crkva sv. Mihovila,Pićan,PIĆAN,Istarska,sakralna graditeljska baština,zaštićeno kulturno dobro,
Z-2433,Istarska sabornica (bivša crkva sv. Franje),Poreč,POREČ - PARENZO,Istarska,sakralno-profana graditeljska baština,zaštićeno kulturno dobro,5. st. do 19. st.
Z-2432,Kompleks Eufrazijeve bazilike,Poreč,POREČ - PARENZO,Istarska,sakralna graditeljska baština,zaštićeno kulturno dobro,4. st. do 14. st.
N-4,Kompleks Eufrazijeve bazilike,Poreč,POREČ - PARENZO,Istarska,sakralna graditeljska baština,kulturno dobro od nacionalnog značenja,4. st. do 14. st.
Z-7332,Arhitektonski sklop dvorca Hütterott (bivšeg samostana sv. Andrije) s crkvom na otoku Svetog Andrije,Rovinj,ROVINJ - ROVIGNO,Istarska,sakralno-profana graditeljska baština,zaštićeno kulturno dobro,7. st. do 20. st.
Z-4012,Crkva Blažene Djevice Marije od Milosti,Rovinj,ROVINJ - ROVIGNO,Istarska,sakralna graditeljska baština,zaštićeno kulturno dobro,1750. god.
Z-7314,Crkva Blažene Djevice Marije od Polja,Rovinj,ROVINJ - ROVIGNO,Istarska,sakralna graditeljska baština,zaštićeno kulturno dobro,1785. god.
Z-7308,Crkva Blažene Djevice Marije od Zdravlja (Chiesa della B. V. della Salute),Rovinj,ROVINJ - ROVIGNO,Istarska,sakralno-profana graditeljska baština,zaštićeno kulturno dobro,18. st.
Z-1765,Crkva sv. Brigide,Rovinj,ROVINJ - ROVIGNO,Istarska,sakralna graditeljska baština,zaštićeno kulturno dobro,
Z-3105,Crkva sv. Cecilije,Rovinj,ROVINJ - ROVIGNO,Istarska,sakralna graditeljska baština,zaštićeno kulturno dobro,
Z-7312,Crkva sv. Ciprijana,Rovinj,ROVINJ - ROVIGNO,Istarska,sakralna graditeljska baština,zaštićeno kulturno dobro,
Z-361,Crkva sv. Trojstva (Trojice),Rovinj,ROVINJ - ROVIGNO,Istarska,sakralna graditeljska baština,zaštićeno kulturno dobro,
Z-7311,"Sklop župne crkve sv. Jurja i sv. Eufemije sa zvonikom, starim grobljem i arheološkim ostatcima crkve sv. Mihovila",Rovinj,ROVINJ - ROVIGNO,Istarska,sakralna graditeljska baština,zaštićeno kulturno dobro,17. st. do 19. st.
Z-593,Crkva sv. Martina i Gradska loža,Sveti Lovreč Pazenatički,SVETI LOVREČ,Istarska,sakralno-profana graditeljska baština,zaštićeno kulturno dobro,11. st. do 19. st.
Z-3265,Crkva sv. Roka,Sveti Petar u Šumi,SVETI PETAR U ŠUMI,Istarska,sakralna graditeljska baština,zaštićeno kulturno dobro,1737. god.
Z-868,Crkva sv. Kvirina i ostaci trobrodne predromaničke bazilike,Juršići,SVETVINČENAT,Istarska,sakralna graditeljska baština,zaštićeno kulturno dobro,8. st. do 17. st.
Z-1307,Crkva sv. Vincenta na groblju,Svetvinčenat,SVETVINČENAT,Istarska,sakralna graditeljska baština,zaštićeno kulturno dobro,12. st. do 15. st.
Z-4102,Ostaci crkve sv. Križa,Tar,TAR-VABRIGA - TORRE-ABREGA,Istarska,sakralna graditeljska baština,zaštićeno kulturno dobro,
Z-4473,Staro gradsko groblje s ostacima crkve sv. Andrije,Umag,UMAG - UMAGO,Istarska,sakralna graditeljska baština,zaštićeno kulturno dobro,17. st. do 19. st.
RRI-0100-1965.,Crkva sv. Marije na Božjem polju,Vižinada,VIŽINADA - VISINADA,Istarska,sakralna graditeljska baština,zaštićeno kulturno dobro,15. st.
Z-859,Crkva sv. Katarine,Vodnjan,VODNJAN - DIGNANO,Istarska,sakralna graditeljska baština,zaštićeno kulturno dobro,
RRI-0099-1966.,Crkva sv. Martina (kapela),Peroj,VODNJAN - DIGNANO,Istarska,sakralna graditeljska baština,zaštićeno kulturno dobro,
Z-7320,Sklop crkve sv. Antuna Opata i bolnice,Vodnjan,VODNJAN - DIGNANO,Istarska,sakralno-profana graditeljska baština,zaštićeno kulturno dobro,13. st. do 20. st.
Z-586,Crkva sv. Antuna,Žminj,ŽMINJ,Istarska,sakralna graditeljska baština,zaštićeno kulturno dobro,1381. god.
Z-4814,Crkva sv. Jakova,Žminj,ŽMINJ,Istarska,sakralna graditeljska baština,zaštićeno kulturno dobro,12. st. do 17. st.
Z-362,Kapela sv. Trojstva,Žminj,ŽMINJ,Istarska,sakralna graditeljska baština,zaštićeno kulturno dobro,15. st. do 18. st.
Z-7171,Crkva sv. Arhanđela Mihajla i Gavrila,Perjasica,BARILOVIĆ,Karlovačka,sakralna graditeljska baština,zaštićeno kulturno dobro,1747. god. do 1749. god.
Z-278,Crkva sv. Mateja,Johi,BOSILJEVO,Karlovačka,sakralna graditeljska baština,zaštićeno kulturno dobro,14. st. do 18. st.
Z-4007,Kapela sv. Ivana Krstitelja,Umol,BOSILJEVO,Karlovačka,sakralna graditeljska baština,zaštićeno kulturno dobro,17. st.
Z-6254,Kapela sv. Antuna Pustinjaka,Draganić,DRAGANIĆ,Karlovačka,sakralna graditeljska baština,zaštićeno kulturno dobro,18. st. do 19. st.
Z-274,Kapela sv. Trojstva,Draganić,DRAGANIĆ,Karlovačka,sakralna graditeljska baština,zaštićeno kulturno dobro,17. st. do 19. st.
Z-3093,Crkva sv. Antuna Padovanskog i kapela poklonac,Generalski Stol,GENERALSKI STOL,Karlovačka,sakralna graditeljska baština,zaštićeno kulturno dobro,1829. st.
Z-272,Crkva Uznesenja Marijina,Oštarije,JOSIPDOL,Karlovačka,sakralna graditeljska baština,zaštićeno kulturno dobro,15. st. do 20. st.
Z-3087,Ruševine crkve sv. Nikole i pavlinskog samostana,Modruš,JOSIPDOL,Karlovačka,sakralno-profana graditeljska baština,zaštićeno kulturno dobro,14. st. do 18. st.
Z-3557,Crkva sv. Filipa i Jakova,Reštovo,KAMANJE,Karlovačka,sakralna graditeljska baština,zaštićeno kulturno dobro,18. st. do 19. st.
L-59,Kapela poklonac Srca Isusova,Kamanje,KAMANJE,Karlovačka,sakralna graditeljska baština,kulturno dobro od lokalnog značenja,19. st.
L-60,Poklonac Majke Božje,Reštovo,KAMANJE,Karlovačka,sakralna graditeljska baština,kulturno dobro od lokalnog značenja,19. st.
Z-2715,Crkva Majke Božje Snježne,Karlovac,KARLOVAC,Karlovačka,sakralna graditeljska baština,zaštićeno kulturno dobro,17. st. do 19. st.
Z-268,Crkva Majke Božje Snježne s pavlinskim samostanom,Karlovac,KARLOVAC,Karlovačka,sakralno-profana graditeljska baština,zaštićeno kulturno dobro,15. st. do 19. st.
Z-3552,Crkva sv. Martina,Karlovac,KARLOVAC,Karlovačka,sakralna graditeljska baština,zaštićeno kulturno dobro,18. st. do 19. st.
Z-6658,Kapela sv. Marka,Gornje Stative,KARLOVAC,Karlovačka,sakralna graditeljska baština,zaštićeno kulturno dobro,17. st. do 19. st.
Z-5113,Kurija starog župnog dvora,Vukmanić,KARLOVAC,Karlovačka,sakralno-profana graditeljska baština,zaštićeno kulturno dobro,1798. god.
Z-7262,Župna crkva sv. Franje Ksaverskog,Karlovac,KARLOVAC,Karlovačka,sakralna graditeljska baština,zaštićeno kulturno dobro,19. st. do 20. st.
Z-5766,Kapela sv. Josipa i kurija župnog dvora,Završje Netretićko,NETRETIĆ,Karlovačka,sakralno-profana graditeljska baština,zaštićeno kulturno dobro,18. st.
Z-303,Crkva Blažene Djevice Marije Utješiteljice,Trošmarija,OGULIN,Karlovačka,sakralna graditeljska baština,zaštićeno kulturno dobro,1776. god.
Z-3172,Crkva sv. Petke,Gornje Dubrave,OGULIN,Karlovačka,sakralna graditeljska baština,zaštićeno kulturno dobro,18. st. do 19. st.
Z-4095,Crkva sv. Petra,Sveti Petar,OGULIN,Karlovačka,sakralna graditeljska baština,zaštićeno kulturno dobro,16. st. do 20. st.
Z-3175,Crkva sv. Franje Ksaverskog,Gornji Lović,OZALJ,Karlovačka,sakralna graditeljska baština,zaštićeno kulturno dobro,18. st. do 19. st.
Z-3171,Crkva sv. Jurja,Dojutrovica,OZALJ,Karlovačka,sakralna graditeljska baština,zaštićeno kulturno dobro,14. st. do 20. st.
Z-294,Hram Vavedenija Presvete Bogorodice,Plaški,PLAŠKI,Karlovačka,sakralna graditeljska baština,zaštićeno kulturno dobro,18. god. do 20. god.
Z-3377,Kapela sv. Ane,Griče,RIBNIK,Karlovačka,sakralna graditeljska baština,zaštićeno kulturno dobro,1745. god.
Z-3091,Crkva sv. Marije od Rozarija,Saborsko,SABORSKO,Karlovačka,sakralna graditeljska baština,zaštićeno kulturno dobro,16. st. do 19. st.
Z-7266,Crkva sv. Arhanđela Mihajla,Slunj,SLUNJ,Karlovačka,sakralna graditeljska baština,zaštićeno kulturno dobro,1890. god. do 1900. god.
Z-3413,Crkva sv. Trojstva,Slunj,SLUNJ,Karlovačka,sakralna graditeljska baština,zaštićeno kulturno dobro,15. st. do 19. st.
Z-3329,Crkva Uznesenja Blažene Djevice Marije,Žakanje,ŽAKANJE,Karlovačka,sakralna graditeljska baština,zaštićeno kulturno dobro,1896. god.
Z-2759,Crkva sv. Stjepana Kralja,Torčec,DRNJE,Koprivničko-križevačka,sakralna graditeljska baština,zaštićeno kulturno dobro,1842. god.
Z-821,Crkva Sošestvija sv. Duha,Koprivnica,KOPRIVNICA,Koprivničko-križevačka,sakralna graditeljska baština,zaštićeno kulturno dobro,1793. god.
Z-2760,Crkva sv. Andrije,Jagnjedovec,KOPRIVNICA,Koprivničko-križevačka,sakralna graditeljska baština,zaštićeno kulturno dobro,1835. god.
Z-820,Crkva sv. Nikole sa župnim dvorom,Koprivnica,KOPRIVNICA,Koprivničko-križevačka,sakralna graditeljska baština,zaštićeno kulturno dobro,1675. god.
Z-819,Kompleks franjevačkog samostana s crkvom sv. Antuna,Koprivnica,KOPRIVNICA,Koprivničko-križevačka,sakralno-profana graditeljska baština,zaštićeno kulturno dobro,17. st. do 19. st.
Z-2643,Stara bolnica s kapelom sv. Florijana i pilom Trpećeg Krista,Koprivnica,KOPRIVNICA,Koprivničko-križevačka,sakralno-profana graditeljska baština,zaštićeno kulturno dobro,1875. god.
Z-2929,Crkva sv. Velikomučenika Georgija,Glogovac,KOPRIVNIČKI BREGI,Koprivničko-križevačka,sakralna graditeljska baština,zaštićeno kulturno dobro,18. st.
Z-1899,Crkva sv. Katarine,Erdovec,KRIŽEVCI,Koprivničko-križevačka,sakralna graditeljska baština,zaštićeno kulturno dobro,20. st.
Z-2078,Crkva sv. Križa,Križevci,KRIŽEVCI,Koprivničko-križevačka,sakralna graditeljska baština,zaštićeno kulturno dobro,14. st. do 20. st.
RZG-0549-1969.,Crkva sv. Ladislava,Mali Raven,KRIŽEVCI,Koprivničko-križevačka,sakralna graditeljska baština,zaštićeno kulturno dobro,14. st. do 19. st.
Z-2075,Crkva sv. Marka Križevčanina,Križevci,KRIŽEVCI,Koprivničko-križevačka,sakralna graditeljska baština,zaštićeno kulturno dobro,17. st.
Z-1782,Crkva sv. Nikolaja,Osijek Vojakovački,KRIŽEVCI,Koprivničko-križevačka,sakralna graditeljska baština,zaštićeno kulturno dobro,1763. god.
Z-1781,Crkva sv. Petra,Apatovec,KRIŽEVCI,Koprivničko-križevačka,sakralna graditeljska baština,zaštićeno kulturno dobro,19. st.
RZG-0547-1969.,Crkva sv. Vida,Sveta Helena,KRIŽEVCI,Koprivničko-križevačka,sakralna graditeljska baština,zaštićeno kulturno dobro,14. st. do 18. st.
Z-3383,Crkva sv. Jelene,Kutnjak,LEGRAD,Koprivničko-križevačka,sakralna graditeljska baština,zaštićeno kulturno dobro,18. st. do 19. st.
Z-3201,Crkva sv. Martina,Zablatje,LEGRAD,Koprivničko-križevačka,sakralna graditeljska baština,zaštićeno kulturno dobro,1878. god.
Z-3262,Crkva Žalosne Gospe,Legrad,LEGRAD,Koprivničko-križevačka,sakralna graditeljska baština,zaštićeno kulturno dobro,1840. god.
Z-2761,Crkva sv. Četverodnevnog Lazara,Plavšinac,NOVIGRAD PODRAVSKI,Koprivničko-križevačka,sakralna graditeljska baština,zaštićeno kulturno dobro,18. st. do 19. st.
Z-3073,Crkva sv. Kuzme i Damjana i stari župni dvor,Kuzminec,RASINJA,Koprivničko-križevačka,sakralna graditeljska baština,zaštićeno kulturno dobro,18. st.
RZG-0548-1969.,Crkva sv. Margarete,Subotica Podravska,RASINJA,Koprivničko-križevačka,sakralna graditeljska baština,zaštićeno kulturno dobro,1846. god.
Z-3378,Crkva sv. Trojice,Duga Rijeka,RASINJA,Koprivničko-križevačka,sakralna graditeljska baština,zaštićeno kulturno dobro,18. st.
Z-3261,Pil Presvetog Trojstva,Cvetkovec,RASINJA,Koprivničko-križevačka,sakralna graditeljska baština,zaštićeno kulturno dobro,18. st.
Z-3039,Crkva sv. Arhangela Mihajla,Velika Mučna,SOKOLOVAC,Koprivničko-križevačka,sakralna graditeljska baština,zaštićeno kulturno dobro,1740. god.
Z-3928,Crkva sv. Arhanđela Stevana,Mali Poganac,SOKOLOVAC,Koprivničko-križevačka,sakralna graditeljska baština,zaštićeno kulturno dobro,1777. god.
Z-3927,Crkva sv. Ilije,Široko Selo,SOKOLOVAC,Koprivničko-križevačka,sakralna graditeljska baština,zaštićeno kulturno dobro,1770. god.
RZG-0522-1969.,Crkva sv. Julijane,Trema,SVETI IVAN ŽABNO,Koprivničko-križevačka,sakralna graditeljska baština,zaštićeno kulturno dobro,16. st. do 17. st.
Z-3115,Crkva sv. Marije od Pohoda i župni dvor,Cirkvena,SVETI IVAN ŽABNO,Koprivničko-križevačka,sakralna graditeljska baština,zaštićeno kulturno dobro,18. st.
Z-3379,Crkva sv. Antuna i ostaci kaštela - dvorca s gospodarskim posjedom,Guščerovec,SVETI PETAR OREHOVEC,Koprivničko-križevačka,sakralna graditeljska baština,zaštićeno kulturno dobro,1822. god.
Z-2987,Crkva sv. Martina,Virje,VIRJE,Koprivničko-križevačka,sakralna graditeljska baština,zaštićeno kulturno dobro,1833. god.
Z-3550,Crkva Žalosne Gospe,Mičetinac,ĐURĐEVAC,Koprivničko-križevačka,sakralna graditeljska baština,zaštićeno kulturno dobro,1888. god.
Z-2089,Crkva Majke Božje Žalosne,Sveti Križ,BUDINŠČINA,Krapinsko-zagorska,sakralna graditeljska baština,zaštićeno kulturno dobro,16. st. do 18. st.
Z-2081,Crkva sv. Ane i župni dvor,Desinić,DESINIĆ,Krapinsko-zagorska,sakralno-profana graditeljska baština,zaštićeno kulturno dobro,19. st.
Z-3515,Crkva sv. Marije Snježne,Dubovec,GORNJA STUBICA,Krapinsko-zagorska,sakralna graditeljska baština,zaštićeno kulturno dobro,
Z-2491,Kapela sv. Fabijana i Sebastijana,Slani Potok,GORNJA STUBICA,Krapinsko-zagorska,sakralna graditeljska baština,zaštićeno kulturno dobro,17. st. do 19. st.
Z-3523,Pil sv. Marka,Domovec,HRAŠĆINA,Krapinsko-zagorska,sakralna graditeljska baština,zaštićeno kulturno dobro,1645. god.
Z-3522,Pil sv. Trojstva,Vrbovo,HRAŠĆINA,Krapinsko-zagorska,sakralna graditeljska baština,zaštićeno kulturno dobro,1740. god.
Z-6729,Poklonac sv. Ane Samotreće s uzidanom rimskom stelom,Hrašćina,HRAŠĆINA,Krapinsko-zagorska,sakralna graditeljska baština,zaštićeno kulturno dobro,17. st. do 19. st.
Z-2240,Crkva Majke Božje Jeruzalemske,Trški Vrh,KRAPINA,Krapinsko-zagorska,sakralna graditeljska baština,zaštićeno kulturno dobro,
Z-2920,Crkva sv. Jurja,Lepajci,KRAPINA,Krapinsko-zagorska,sakralna graditeljska baština,zaštićeno kulturno dobro,1905. god.
Z-7055,Grobna kapela obitelji Lovrec,Krapina,KRAPINA,Krapinsko-zagorska,sakralno-profana graditeljska baština,zaštićeno kulturno dobro,19. st.
Z-3516,Kapela sv. Tri kralja,Tkalci,KRAPINA,Krapinsko-zagorska,sakralna graditeljska baština,zaštićeno kulturno dobro,16. st.
Z-3486,Župni dvor,Krapina,KRAPINA,Krapinsko-zagorska,sakralno-profana graditeljska baština,zaštićeno kulturno dobro,18. st.
Z-2233,Crkva Blažene Djevice Marije,Klupci-dio,KRAPINSKE TOPLICE,Krapinsko-zagorska,sakralna graditeljska baština,zaštićeno kulturno dobro,17. st.
Z-2362,Crkva sv. Antuna,Lobor,LOBOR,Krapinsko-zagorska,sakralna graditeljska baština,zaštićeno kulturno dobro,
Z-2844,Kapela sv. Petra,Petrova Gora,LOBOR,Krapinsko-zagorska,sakralna graditeljska baština,zaštićeno kulturno dobro,14. st. do 18. st.
Z-2363,Crkva sv. Ladislava,Podgorje Bistričko,MARIJA BISTRICA,Krapinsko-zagorska,sakralna graditeljska baština,zaštićeno kulturno dobro,18. st. do 19. st.
Z-2361,Crkva sv. Marije Bistričke,Marija Bistrica,MARIJA BISTRICA,Krapinsko-zagorska,sakralna graditeljska baština,zaštićeno kulturno dobro,14. st. do 19. st.
Z-3518,Crkva sv. Marije Magdalene,Hum Bistrički,MARIJA BISTRICA,Krapinsko-zagorska,sakralna graditeljska baština,zaštićeno kulturno dobro,16. st. do 19. st.
Z-2490,Kapela sv. Roka,Tugonica,MARIJA BISTRICA,Krapinsko-zagorska,sakralna graditeljska baština,zaštićeno kulturno dobro,18. st. do 19. st.
Z-2847,Kapela sv. Margarete,Peršaves,MAČE,Krapinsko-zagorska,sakralna graditeljska baština,zaštićeno kulturno dobro,17. st.
Z-3513,Kapela sv. Marije Magdalene,Kuzminec,MIHOVLJAN,Krapinsko-zagorska,sakralna graditeljska baština,zaštićeno kulturno dobro,15. st.
Z-2227,Crkva sv. Petra,Krušljevo Selo,OROSLAVJE,Krapinsko-zagorska,sakralna graditeljska baština,zaštićeno kulturno dobro,19. st.
Z-2494,Crkva sv. Benedikta,Petrovsko,PETROVSKO,Krapinsko-zagorska,sakralna graditeljska baština,zaštićeno kulturno dobro,18. st.
Z-2235,Crkva Uznesenja Blažene Djevice Marije i župni dvor,Pregrada,PREGRADA,Krapinsko-zagorska,sakralno-profana graditeljska baština,zaštićeno kulturno dobro,18. st. do 19. st.
Z-2082,Crkva sv. Donata,Pavlovec Pregradski,PREGRADA,Krapinsko-zagorska,sakralna graditeljska baština,zaštićeno kulturno dobro,1730. god.
Z-2364,Crkva sv. Leonarda,Pregrada,PREGRADA,Krapinsko-zagorska,sakralna graditeljska baština,zaštićeno kulturno dobro,18. st. do 19. st.
Z-2092,Crkva sv. Mihaela,Sopot,PREGRADA,Krapinsko-zagorska,sakralna graditeljska baština,zaštićeno kulturno dobro,
Z-4663,Kapela Kristovog Raspeća,Pregrada,PREGRADA,Krapinsko-zagorska,sakralna graditeljska baština,zaštićeno kulturno dobro,
Z-2634,Kapela sv. Stjepana Kralja,Bregi Kostelski,PREGRADA,Krapinsko-zagorska,sakralna graditeljska baština,zaštićeno kulturno dobro,17. st.
Z-2084,"Kompleks crkve sv. Mirka (Emerika), stari župni dvor i kapela Trpećeg Isusa",Kostel,PREGRADA,Krapinsko-zagorska,sakralno-profana graditeljska baština,zaštićeno kulturno dobro,18. st. do 19. st.
Z-2230,Crkva sv. Jakova,Gorjani Sutinski,RADOBOJ,Krapinsko-zagorska,sakralna graditeljska baština,zaštićeno kulturno dobro,14. st. do 18. st.
Z-2492,Župni dvor,Radoboj,RADOBOJ,Krapinsko-zagorska,sakralno-profana graditeljska baština,zaštićeno kulturno dobro,1778. god. do 1829. god.
Z-2093,Crkva Blažene Djevice Marije,Strmec,VELIKO TRGOVIŠĆE,Krapinsko-zagorska,sakralna graditeljska baština,zaštićeno kulturno dobro,18. st.
Z-3524,Crkva Majke Božje od Sedam Žalosti,Veliko Trgovišće,VELIKO TRGOVIŠĆE,Krapinsko-zagorska,sakralna graditeljska baština,zaštićeno kulturno dobro,1876. god.
Z-2100,Crkva sv. Antuna,Grabrovec,ZABOK,Krapinsko-zagorska,sakralna graditeljska baština,zaštićeno kulturno dobro,17. st. do 19. st.
Z-2237,Crkva sv. Ivana Evanđeliste,Ivanić Miljanski,ZAGORSKA SELA,Krapinsko-zagorska,sakralna graditeljska baština,zaštićeno kulturno dobro,15. st. do 18. st.
Z-4104,Kurija župnog dvora,Zlatar,ZLATAR,Krapinsko-zagorska,sakralno-profana graditeljska baština,zaštićeno kulturno dobro,1870. god.
Z-2766,Župni dvor,Belec,ZLATAR,Krapinsko-zagorska,sakralno-profana graditeljska baština,zaštićeno kulturno dobro,18. st.
Z-2791,Crkva sv. Lovre,Lovrečan,ZLATAR BISTRICA,Krapinsko-zagorska,sakralna graditeljska baština,zaštićeno kulturno dobro,18. st.
Z-6745,Crkva Preobraženja Gospodnjeg,Brinje,BRINJE,Ličko-senjska,sakralna graditeljska baština,zaštićeno kulturno dobro,1933. god.
Z-6352,Kapela sv. Petra i Pavla,Stajnica,BRINJE,Ličko-senjska,sakralna graditeljska baština,zaštićeno kulturno dobro,19. st.
Z-2710,Ruševine starog grada Sokolca,Brinje,BRINJE,Ličko-senjska,sakralno-profana graditeljska baština,zaštićeno kulturno dobro,14. st.
Z-7234,Crkva Rođenja Blažene Djevice Marije,Boričevac,DONJI LAPAC,Ličko-senjska,sakralna graditeljska baština,zaštićeno kulturno dobro,1844. god.
Z-6568,Crkva Rođenja Presvete Bogorodice,Doljani,DONJI LAPAC,Ličko-senjska,sakralna graditeljska baština,zaštićeno kulturno dobro,1799. god. do 1912. god.
Z-6569,Crkva sv. Ilije Proroka,Nebljusi,DONJI LAPAC,Ličko-senjska,sakralna graditeljska baština,zaštićeno kulturno dobro,1795. god.
Z-2938,Crkva Navještenja Blažene Djevice Marije,Klanac,GOSPIĆ,Ličko-senjska,sakralno-profana graditeljska baština,zaštićeno kulturno dobro,1842. god.
Z-3344,Crkva Rođenja sv. Jovana Preteče,Medak,GOSPIĆ,Ličko-senjska,sakralna graditeljska baština,zaštićeno kulturno dobro,1880. god.
Z-6845,Crkva Vozdiženija Časnog Krsta,Barlete,GOSPIĆ,Ličko-senjska,sakralna graditeljska baština,zaštićeno kulturno dobro,19. st.
Z-2375,Crkva sv. Duha,Mušaluk,GOSPIĆ,Ličko-senjska,sakralna graditeljska baština,zaštićeno kulturno dobro,1700. god.
Z-4551,Crkva sv. Marije Karmelske,Smiljan,GOSPIĆ,Ličko-senjska,sakralna graditeljska baština,zaštićeno kulturno dobro,1864. god.
Z-3772,Kapela Bezgrešnog Začeća Blažene Djevice Marije,Smiljan,GOSPIĆ,Ličko-senjska,sakralna graditeljska baština,zaštićeno kulturno dobro,1863. god.
Z-3774,Kapela sv. Marije Magdalene,Gospić,GOSPIĆ,Ličko-senjska,sakralna graditeljska baština,zaštićeno kulturno dobro,1856. god.
Z-5790,Crkva Pohoda sv. Elizabete,Baške Oštarije,KARLOBAG,Ličko-senjska,sakralna graditeljska baština,zaštićeno kulturno dobro,1820. god.
Z-6344,Crkva sv. arhanđela Mihovila,Lovinac,LOVINAC,Ličko-senjska,sakralna graditeljska baština,zaštićeno kulturno dobro,18. st.
Z-6342,Hram sv. Apostola Petra i Pavla,Štikada,LOVINAC,Ličko-senjska,sakralna graditeljska baština,zaštićeno kulturno dobro,1905. god.
Z-3773,Crkva sv. Anđela Čuvara,Lun,NOVALJA,Ličko-senjska,sakralna graditeljska baština,zaštićeno kulturno dobro,17. st.
Z-2485,Crkva sv. Kristofora,Stara Novalja,NOVALJA,Ličko-senjska,sakralna graditeljska baština,zaštićeno kulturno dobro,14. st.
Z-6730,Crkva sv. Kristofora,Metajna,NOVALJA,Ličko-senjska,sakralna graditeljska baština,zaštićeno kulturno dobro,14. st.
Z-4553,Crkva sv. Marije od Ružarija,Novalja,NOVALJA,Ličko-senjska,sakralna graditeljska baština,zaštićeno kulturno dobro,5. st. do 15. st.
Z-5657,Ostaci ladanjskog kompleksa biskupa Palčića s crkvom sv. Antuna Padovanskog,Caska,NOVALJA,Ličko-senjska,sakralno-profana graditeljska baština,zaštićeno kulturno dobro,1400. god. do 1450. god.
Z-4702,Ruševine crkve sv. Jurja,Caska,NOVALJA,Ličko-senjska,sakralna graditeljska baština,zaštićeno kulturno dobro,2. st. do 14. st.
Z-319,Crkva Sv. Trojstva,Otočac,OTOČAC,Ličko-senjska,sakralna graditeljska baština,zaštićeno kulturno dobro,18. st.
Z-5804,Crkva sv. Arhanđela Mihovila,Dabar,OTOČAC,Ličko-senjska,sakralna graditeljska baština,zaštićeno kulturno dobro,1730. god.
Z-6567,Crkva sv. Arhanđela Mihovila,Ramljani,OTOČAC,Ličko-senjska,sakralna graditeljska baština,zaštićeno kulturno dobro,1730. god.
Z-3180,Crkva sv. Franje Paulskog,Ličko Lešće,OTOČAC,Ličko-senjska,sakralna graditeljska baština,zaštićeno kulturno dobro,1740. god.
Z-4660,Crkva sv. Save,Brlog,OTOČAC,Ličko-senjska,sakralna graditeljska baština,zaštićeno kulturno dobro,1740. god.
Z-3181,Crkva sv. Velikomučenika Georgija,Otočac,OTOČAC,Ličko-senjska,sakralna graditeljska baština,zaštićeno kulturno dobro,1863. god.
Z-2585,Kapela Bezgrešnog začeća Blažene Djevice Marije,Otočac,OTOČAC,Ličko-senjska,sakralna graditeljska baština,zaštićeno kulturno dobro,1723. god.
Z-1732,Crkva Sv. Trojice,Bukovac Perušićki,PERUŠIĆ,Ličko-senjska,sakralna graditeljska baština,zaštićeno kulturno dobro,14. st.
Z-309,Crkva sv. Križa,Perušić,PERUŠIĆ,Ličko-senjska,sakralna graditeljska baština,zaštićeno kulturno dobro,14. st.
Z-6629,Crkva svetog apostola evanđelista Luke,Studenci,PERUŠIĆ,Ličko-senjska,sakralna graditeljska baština,zaštićeno kulturno dobro,1774. god.
Z-6566,Kapela sv. Ane,Gornji Kosinj,PERUŠIĆ,Ličko-senjska,sakralna graditeljska baština,zaštićeno kulturno dobro,1905. god.
Z-5792,Kapela sv. Roka,Perušić,PERUŠIĆ,Ličko-senjska,sakralna graditeljska baština,zaštićeno kulturno dobro,1901. god.
Z-7229,Crkva Svetih Arhangela Mihajla i Gavrila,Korenica,PLITVIČKA JEZERA,Ličko-senjska,sakralna graditeljska baština,zaštićeno kulturno dobro,1842. god.
Z-2001,Crkva Majke Božje Snježne,Krivi Put,SENJ,Ličko-senjska,sakralna graditeljska baština,zaštićeno kulturno dobro,1865. god.
Z-6353,Crkva sv. Josipa,Jablanac,SENJ,Ličko-senjska,sakralna graditeljska baština,zaštićeno kulturno dobro,18. st.
Z-2004,Crkva sv. Martina,Senj,SENJ,Ličko-senjska,sakralna graditeljska baština,zaštićeno kulturno dobro,14. st.
Z-2002,Kapela sv. Mihovila s fontanom i grobnicom,Senjska Draga,SENJ,Ličko-senjska,sakralno-profana graditeljska baština,zaštićeno kulturno dobro,1857. god.
Z-3858,Crkva Blažene Djevice Marije,Bunić,UDBINA,Ličko-senjska,sakralna graditeljska baština,zaštićeno kulturno dobro,1852. god. do 1864. god.
Z-6664,Crkva Rođenja Presvete Bogorodice,Debelo Brdo,UDBINA,Ličko-senjska,sakralna graditeljska baština,zaštićeno kulturno dobro,1764. god.
Z-7230,Crkva Svetog Velikomučenika Georgija,Donji Mekinjar,UDBINA,Ličko-senjska,sakralna graditeljska baština,zaštićeno kulturno dobro,1861. god.
Z-328,Crkva sv. Jovana,Jošan,UDBINA,Ličko-senjska,sakralna graditeljska baština,zaštićeno kulturno dobro,12. st. do 18. st.
Z-6061,Crkva sv. Petra i Pavla,Zalužnica,VRHOVINE,Ličko-senjska,sakralna graditeljska baština,zaštićeno kulturno dobro,1770. god.
Z-1107,Pil sv. Trojstva,Belica,BELICA,Međimurska,sakralna graditeljska baština,zaštićeno kulturno dobro,1793. god.
Z-1111,Crkva sv. Magdalene i pil sv. Trojstva,Donji Kraljevec,DONJI KRALJEVEC,Međimurska,sakralna graditeljska baština,zaštićeno kulturno dobro,18. st. do 19. st.
Z-1113,Crkva sv. Vida i župni dvor,Donji Vidovec,DONJI VIDOVEC,Međimurska,sakralno-profana graditeljska baština,zaštićeno kulturno dobro,15. st. do 18. st.
Z-2623,"Crkva sv. Martina, Ivana Grščića 2",Podturen,PODTUREN,Međimurska,sakralna graditeljska baština,zaštićeno kulturno dobro,15. st. do 18. st.
Z-1110,Crkva sv. Jakova,Čukovec,PRELOG,Međimurska,sakralna graditeljska baština,zaštićeno kulturno dobro,19. st.
Z-1119,Crkva sv. Jakova i pil sv. Obitelji,Prelog,PRELOG,Međimurska,sakralna graditeljska baština,zaštićeno kulturno dobro,1758. st. do 1761. st.
Z-1109,Crkva sv. Lovre,Cirkovljan,PRELOG,Međimurska,sakralna graditeljska baština,zaštićeno kulturno dobro,15. st. do 19. st.
Z-1114,Poklonac sv. Florijana,Draškovec,PRELOG,Međimurska,sakralna graditeljska baština,zaštićeno kulturno dobro,1793. god.
Z-3946,Poklonac sv. Trojstva,Pribislavec,PRIBISLAVEC,Međimurska,sakralna graditeljska baština,zaštićeno kulturno dobro,1800. god.
Z-1121,"Crkva Uznesenja Blažene Djevice Marije, kurija župnog dvora i pil Bogorodice",Sveta Marija,SVETA MARIJA,Međimurska,sakralno-profana graditeljska baština,zaštićeno kulturno dobro,1789. god.
Z-1117,Crkva sv. Jurja i župni dvor,Lopatinec,SVETI JURAJ NA BREGU,Međimurska,sakralno-profana graditeljska baština,zaštićeno kulturno dobro,18. st.
Z-6168,Kameni pil Sv. Trojstva,Čakovec,ČAKOVEC,Međimurska,sakralna graditeljska baština,zaštićeno kulturno dobro,1794. god. do 1794. god.
N-25,Kapela sv. Jelene,Šenkovec,ŠENKOVEC,Međimurska,sakralna graditeljska baština,kulturno dobro od nacionalnog značenja,14. st. do 19. st.
Z-911,Kapela sv. Jelene,Šenkovec,ŠENKOVEC,Međimurska,sakralna graditeljska baština,zaštićeno kulturno dobro,14. st. do 19. st.
Z-912,Crkva sv. Jeronima i nekadašnja pavlinska rezidencija,Štrigova,ŠTRIGOVA,Međimurska,sakralno-profana graditeljska baština,zaštićeno kulturno dobro,1738. god.
Z-1619,Crkva sv. Arhanđela Mihajla,Beli Manastir,BELI MANASTIR,Osječko-baranjska,sakralna graditeljska baština,zaštićeno kulturno dobro,1771. st.
Z-1650,Crkva reformiranih,Kopačevo,BILJE,Osječko-baranjska,sakralna graditeljska baština,zaštićeno kulturno dobro,1804. god.
Z-1653,Crkva reformiranih,Lug,BILJE,Osječko-baranjska,sakralna graditeljska baština,zaštićeno kulturno dobro,
Z-5820,Reformirana kršćanska crkva sa župnim stanom i školom,Vardarac,BILJE,Osječko-baranjska,sakralno-profana graditeljska baština,zaštićeno kulturno dobro,
Z-1628,Crkva sv. Ivana Krstitelja,Darda,DARDA,Osječko-baranjska,sakralna graditeljska baština,zaštićeno kulturno dobro,
Z-1630,Crkva sv. Mihaila Arhanđela,Darda,DARDA,Osječko-baranjska,sakralna graditeljska baština,zaštićeno kulturno dobro,1777. god.
Z-1632,Crkva sv. Mihovila Arkanđela,Donji Miholjac,DONJI MIHOLJAC,Osječko-baranjska,sakralna graditeljska baština,zaštićeno kulturno dobro,
Z-1636,Crkva sv. Mihovila Arkanđela,Drenje,DRENJE,Osječko-baranjska,sakralna graditeljska baština,zaštićeno kulturno dobro,1770. god.
Z-1621,Crkva sv. Nikolaja,Bijelo Brdo,ERDUT,Osječko-baranjska,sakralna graditeljska baština,zaštićeno kulturno dobro,1764. god.
Z-1245,Patrijaršijski dvor,Dalj,ERDUT,Osječko-baranjska,sakralno-profana graditeljska baština,zaštićeno kulturno dobro,
Z-1762,Reformatorska crkva,Laslovo,ERNESTINOVO,Osječko-baranjska,sakralna graditeljska baština,zaštićeno kulturno dobro,1878. god.
Z-6326,Crkva sv. Trojice,Gazije,FERIČANCI,Osječko-baranjska,sakralna graditeljska baština,zaštićeno kulturno dobro,1754. god.
Z-1644,Kapela sv. Tri kralja,Gorjani,GORJANI,Osječko-baranjska,sakralna graditeljska baština,zaštićeno kulturno dobro,
Z-1647,Crkva sv. Nikolaja,Jagodnjak,JAGODNJAK,Osječko-baranjska,sakralna graditeljska baština,zaštićeno kulturno dobro,1794. god.
Z-1649,Reformatorska crkva,Kneževi Vinogradi,KNEŽEVI VINOGRADI,Osječko-baranjska,sakralna graditeljska baština,zaštićeno kulturno dobro,
Z-5947,Reformatska crkva sa župnim stanom i školom,Zmajevac,KNEŽEVI VINOGRADI,Osječko-baranjska,sakralno-profana graditeljska baština,zaštićeno kulturno dobro,19. st.
Z-5819,Reformirana kršćanska crkva sa župnim stanom i gospodarskom zgradom,Kotlina,KNEŽEVI VINOGRADI,Osječko-baranjska,sakralno-profana graditeljska baština,zaštićeno kulturno dobro,19. st.
Z-1666,Isusovački samostan,Osijek,OSIJEK,Osječko-baranjska,sakralna graditeljska baština,zaštićeno kulturno dobro,1719. god.
Z-1261,Kapela sv. Roka,Osijek,OSIJEK,Osječko-baranjska,sakralna graditeljska baština,zaštićeno kulturno dobro,1748. god. do 1754. god.
Z-1661,Kapela sv. Roka,Osijek,OSIJEK,Osječko-baranjska,sakralna graditeljska baština,zaštićeno kulturno dobro,1742. god.
Z-2324,Mauzolej Pejačević,Osijek,OSIJEK,Osječko-baranjska,sakralna graditeljska baština,zaštićeno kulturno dobro,1891. god.
Z-1663,Novi samostan sv. Križa,Osijek,OSIJEK,Osječko-baranjska,sakralna graditeljska baština,zaštićeno kulturno dobro,1705. god. do 1732. god.
Z-1266,Reformirana kršćanska crkva,Osijek,OSIJEK,Osječko-baranjska,sakralna graditeljska baština,zaštićeno kulturno dobro,1823. god.
Z-1270,Crkva sv. Ilije,Poganovci,PODGORAČ,Osječko-baranjska,sakralna graditeljska baština,zaštićeno kulturno dobro,
Z-6998,Mauzolej Pavla Pejačevića,Podgorač,PODGORAČ,Osječko-baranjska,sakralna graditeljska baština,zaštićeno kulturno dobro,1909. god.
Z-1627,Crkva sv. Nikolaja,Branjina,POPOVAC,Osječko-baranjska,sakralna graditeljska baština,zaštićeno kulturno dobro,1796. god.
Z-7074,Kapelica na izvoru Studenac,Branjina,POPOVAC,Osječko-baranjska,sakralna graditeljska baština,zaštićeno kulturno dobro,19. st.
Z-1634,Crkva Uznesenja Blažene Djevice Marije,Dragotin,TRNAVA,Osječko-baranjska,sakralna graditeljska baština,zaštićeno kulturno dobro,
Z-1273,Crkva Bezgrešnog začeća Blažene Djevice Marije sa župnim dvorom,Valpovo,VALPOVO,Osječko-baranjska,sakralna graditeljska baština,zaštićeno kulturno dobro,18. st. do 20. st.
Z-1761,Reformirana kršćanska crkva,Hrastin,VLADISLAVCI,Osječko-baranjska,sakralna graditeljska baština,zaštićeno kulturno dobro,1793. god. do 1795. god.
Z-1693,Crkva sv. Trojstva,Čepin,ČEPIN,Osječko-baranjska,sakralna graditeljska baština,zaštićeno kulturno dobro,1769. god.
Z-1638,Biskupski dvor,Đakovo,ĐAKOVO,Osječko-baranjska,sakralno-profana graditeljska baština,zaštićeno kulturno dobro,18. st.
Z-1640,Bogoslovno sjemenište,Đakovo,ĐAKOVO,Osječko-baranjska,sakralno-profana graditeljska baština,zaštićeno kulturno dobro,20. st.
Z-1639,Kanoničke kurije,Đakovo,ĐAKOVO,Osječko-baranjska,sakralno-profana graditeljska baština,zaštićeno kulturno dobro,18. st.
Z-3872,Samostanska zgrada časnih sestara sv. Križa s crkvom sv. Križa (nova samostanska zgrada),Đakovo,ĐAKOVO,Osječko-baranjska,sakralna graditeljska baština,zaštićeno kulturno dobro,1906. god.
Z-3873,Samostanska zgrada časnih sestara sv. Križa s crkvom sv. Križa (stara samostanska zgrada),Đakovo,ĐAKOVO,Osječko-baranjska,sakralna graditeljska baština,zaštićeno kulturno dobro,1856. god. do 1859. god.
Z-1249,Crkva Male Gospe,Koprivna,ŠODOLOVCI,Osječko-baranjska,sakralna graditeljska baština,zaštićeno kulturno dobro,18. st.
Z-395,Stari grad Kaptol,Kaptol,KAPTOL,Požeško-slavonska,sakralno-profana graditeljska baština,zaštićeno kulturno dobro,14. st. do 18. st.
Z-398,Povijesni kompleks Kutjevo,Kutjevo,KUTJEVO,Požeško-slavonska,sakralno-profana graditeljska baština,zaštićeno kulturno dobro,13. st. do 19. st.
Z-396,Crkva Prepodobne Matere Paraskeve,Kukunjevac,LIPIK,Požeško-slavonska,sakralna graditeljska baština,zaštićeno kulturno dobro,18. st.
L-71,Evangelistička crkva sv. Martina,Antunovac,LIPIK,Požeško-slavonska,sakralna graditeljska baština,kulturno dobro od lokalnog značenja,1885. god.
L-70,Kalvinska crkva,Brekinska,LIPIK,Požeško-slavonska,sakralna graditeljska baština,kulturno dobro od lokalnog značenja,1900. god.
Z-388,Kapela sv. Andrije,Brezine,LIPIK,Požeško-slavonska,sakralna graditeljska baština,zaštićeno kulturno dobro,18. st.
Z-4261,Župni dvor,Gaj,LIPIK,Požeško-slavonska,sakralno-profana graditeljska baština,zaštićeno kulturno dobro,1810. god.
Z-386,Crkva sv. Ivana Krstitelja,Badljevina,PAKRAC,Požeško-slavonska,sakralna graditeljska baština,zaštićeno kulturno dobro,1770. god.
Z-417,Crkva sv. Pantelejmona,Toranj,PAKRAC,Požeško-slavonska,sakralna graditeljska baština,zaštićeno kulturno dobro,14. st.
Z-389,Crkva sv. Petra i Pavla,Donji Grahovljani,PAKRAC,Požeško-slavonska,sakralna graditeljska baština,zaštićeno kulturno dobro,19. st.
Z-400,Crkva sv. Trojice,Pakrac,PAKRAC,Požeško-slavonska,sakralna graditeljska baština,zaštićeno kulturno dobro,1757. god. do 1768. god.
Z-401,Episkopski dvor,Pakrac,PAKRAC,Požeško-slavonska,sakralno-profana graditeljska baština,zaštićeno kulturno dobro,1732. god.
Z-1972,Kapela sv. Ivana Nepomuka,Pakrac,PAKRAC,Požeško-slavonska,sakralna graditeljska baština,zaštićeno kulturno dobro,1903. god.
L-64,Kapela sv. Josipa,Pakrac,PAKRAC,Požeško-slavonska,sakralna graditeljska baština,kulturno dobro od lokalnog značenja,20. st.
L-63,Kapela sv. Roka,Pakrac,PAKRAC,Požeško-slavonska,sakralna graditeljska baština,kulturno dobro od lokalnog značenja,
L-62,Kapela sv. Vida,Pakrac,PAKRAC,Požeško-slavonska,sakralna graditeljska baština,kulturno dobro od lokalnog značenja,19. st.
Z-387,Kapela sv. Jurja,Bilice,PLETERNICA,Požeško-slavonska,sakralna graditeljska baština,zaštićeno kulturno dobro,14. st. do 18. st.
Z-414,Kapela sv. Mihovila,Ratkovica,PLETERNICA,Požeško-slavonska,sakralna graditeljska baština,zaštićeno kulturno dobro,15. st.
Z-409,Kolegij Isusovaca,Požega,POŽEGA,Požeško-slavonska,sakralno-profana graditeljska baština,zaštićeno kulturno dobro,1705. god.
Z-410,Kužni pil sv. Trojstva,Požega,POŽEGA,Požeško-slavonska,sakralno-profana graditeljska baština,zaštićeno kulturno dobro,1749. god.
Z-2906,"Zgrada Isusovačke gimnazije, Trg sv. Trojstva 16 i 17",Požega,POŽEGA,Požeško-slavonska,sakralna graditeljska baština,zaštićeno kulturno dobro,1726. god.
Z-415,Crkva sv. Mihovila Arkanđela,Stražeman,VELIKA,Požeško-slavonska,sakralna graditeljska baština,zaštićeno kulturno dobro,1775. god.
Z-1985,Crkva sv. Marije Škapularske (sv. Marije Snježne),Moravička Sela,BROD MORAVICE,Primorsko-goranska,sakralna graditeljska baština,zaštićeno kulturno dobro,1663. god.
Z-1684,Benediktinski samostan sv. Petra Apostola,Cres,CRES,Primorsko-goranska,sakralno-profana graditeljska baština,zaštićeno kulturno dobro,15. st.
Z-1842,Crkva Prikazanja Bogorodice u hramu,Beli,CRES,Primorsko-goranska,sakralna graditeljska baština,zaštićeno kulturno dobro,11. st.
Z-784,Crkva i samostan sv. Franje,Cres,CRES,Primorsko-goranska,sakralno-profana graditeljska baština,zaštićeno kulturno dobro,13. st.
Z-127,Crkva sv. Izidora,Cres,CRES,Primorsko-goranska,sakralna graditeljska baština,zaštićeno kulturno dobro,13. st. do 16. st.
Z-2211,Kapela sv. Ivana,Orlec,CRES,Primorsko-goranska,sakralna graditeljska baština,zaštićeno kulturno dobro,12. st. do 13. st.
Z-2212,Kapela sv. Jurja,Vrana,CRES,Primorsko-goranska,sakralna graditeljska baština,zaštićeno kulturno dobro,12. st. do 13. st.
Z-1843,Kapela sv. Marije,Beli,CRES,Primorsko-goranska,sakralna graditeljska baština,zaštićeno kulturno dobro,12. st. do 13. st.
Z-2210,Kapela sv. Marije Magdalene,Filozići,CRES,Primorsko-goranska,sakralna graditeljska baština,zaštićeno kulturno dobro,15. st.
Z-2200,Kapela sv. Marije Magdalene,Cres,CRES,Primorsko-goranska,sakralna graditeljska baština,zaštićeno kulturno dobro,1402. god.
Z-2201,Kapela sv. Marije Magdalene s pomoćnom južnom građevinom,Cres,CRES,Primorsko-goranska,sakralna graditeljska baština,zaštićeno kulturno dobro,14. st. do 15. st.
Z-1845,Kapela sv. Mihovila,Orlec,CRES,Primorsko-goranska,sakralna graditeljska baština,zaštićeno kulturno dobro,12. st. do 13. st.
Z-1847,Kapela sv. Roka,Vrana,CRES,Primorsko-goranska,sakralna graditeljska baština,zaštićeno kulturno dobro,15. st.
Z-2202,Kapela sv. Šimuna,Cres,CRES,Primorsko-goranska,sakralna graditeljska baština,zaštićeno kulturno dobro,12. st. do 13. st.
Z-130,Samostan (ruševina) i crkva sv. Nikole,Porozina,CRES,Primorsko-goranska,sakralno-profana graditeljska baština,zaštićeno kulturno dobro,15. st.
Z-1990,Župnička kuća,Lubenice,CRES,Primorsko-goranska,sakralno-profana graditeljska baština,zaštićeno kulturno dobro,17. st. do 19. st.
Z-345,Kompleks bivšeg pavlinskog samostana u Crikvenici – Kaštel,Crikvenica,CRIKVENICA,Primorsko-goranska,sakralno-profana graditeljska baština,zaštićeno kulturno dobro,14. god. do 15. god.
Z-1772,Crkva sv. Ivana Krstitelja,Sužan,DOBRINJ,Primorsko-goranska,sakralna graditeljska baština,zaštićeno kulturno dobro,
Z-344,Zvonik župne crkve,Dobrinj,DOBRINJ,Primorsko-goranska,sakralna graditeljska baština,zaštićeno kulturno dobro,18. st.
Z-3030,Crkva Majke Božje Lurdske,Vrata,FUŽINE,Primorsko-goranska,sakralna graditeljska baština,zaštićeno kulturno dobro,1929. god. do 1932. god.
Z-1991,Crekvina-nedovršena građevina Crkve Uznesenja Blažene Djevice Marije,Kastav,KASTAV,Primorsko-goranska,sakralna graditeljska baština,zaštićeno kulturno dobro,1769. god.
Z-2206,Crkva Sv. Trojstva (Sveta Trojica),Kastav,KASTAV,Primorsko-goranska,sakralna graditeljska baština,zaštićeno kulturno dobro,14. st. do 15. st.
Z-2205,Crkva sv. Antuna Pustinjaka,Kastav,KASTAV,Primorsko-goranska,sakralna graditeljska baština,zaštićeno kulturno dobro,15. st.
Z-1992,Crkva sv. Fabijana i Sebastijana,Kastav,KASTAV,Primorsko-goranska,sakralna graditeljska baština,zaštićeno kulturno dobro,16. st.
Z-1766,Crkva Bezgrešnog začeća Blažene Djevice Marije,Breza,KLANA,Primorsko-goranska,sakralna graditeljska baština,zaštićeno kulturno dobro,1908. god.
Z-1770,Crkva sv. Jerolima,Klana,KLANA,Primorsko-goranska,sakralna graditeljska baština,zaštićeno kulturno dobro,17. st.
Z-1848,Crkva sv. Vincenca,Škalnica,KLANA,Primorsko-goranska,sakralna graditeljska baština,zaštićeno kulturno dobro,1892. god.
Z-790,Stari grad Zrinskih s crkvom sv. Nikole,Kraljevica,KRALJEVICA,Primorsko-goranska,sakralno-profana graditeljska baština,zaštićeno kulturno dobro,17. st.
Z-5026,Crkva sv. Krševana,Milohnići,KRK,Primorsko-goranska,sakralna graditeljska baština,zaštićeno kulturno dobro,
Z-133,Kompleks Katedrale Uznesenja Blažene Djevice Marije i crkve sv. Kvirina,Krk,KRK,Primorsko-goranska,sakralno-profana graditeljska baština,zaštićeno kulturno dobro,12. st.
Z-111,Kapela sv. Trojstva u Lovranu,Lovran,LOVRAN,Primorsko-goranska,sakralna graditeljska baština,zaštićeno kulturno dobro,13. st.
Z-123,Biskupski dvori (Župna kuća),Osor,MALI LOŠINJ,Primorsko-goranska,sakralno-profana graditeljska baština,zaštićeno kulturno dobro,1481. god. do 1484. god.
Z-121,Crkva sv. Gaudencija,Osor,MALI LOŠINJ,Primorsko-goranska,sakralna graditeljska baština,zaštićeno kulturno dobro,14. st. do 15. st.
Z-122,Crkva sv. Marije,Osor,MALI LOŠINJ,Primorsko-goranska,sakralna graditeljska baština,zaštićeno kulturno dobro,1463. god. do 1498. god.
Z-124,Ruševine crkve sv. Marije i samostana na Bijaru,Osor,MALI LOŠINJ,Primorsko-goranska,sakralno-profana graditeljska baština,zaštićeno kulturno dobro,1414. god. do 1732. god.
Z-785,Ruševine opatije sv. Petra,Osor,MALI LOŠINJ,Primorsko-goranska,sakralno-profana graditeljska baština,zaštićeno kulturno dobro,11. st.
Z-1771,Crkva sv. Kuzme i Damjana,Sveti Vid-Miholjice,MALINSKA-DUBAŠNICA,Primorsko-goranska,sakralna graditeljska baština,zaštićeno kulturno dobro,14. st.
Z-6742,Crkva sv. Marina s arheološkim nalazištem na otočiću Sveti Marin,Novi Vinodolski,NOVI VINODOLSKI,Primorsko-goranska,sakralna graditeljska baština,zaštićeno kulturno dobro,17. st. do 19. st.
Z-1775,Crkva sv. Jelene,Omišalj,OMIŠALJ,Primorsko-goranska,sakralna graditeljska baština,zaštićeno kulturno dobro,
Z-2209,Crkva sv. Jurja,Omišalj,OMIŠALJ,Primorsko-goranska,sakralna graditeljska baština,zaštićeno kulturno dobro,15. st.
Z-2345,Crkva sv. Mihovila,Omišalj,OMIŠALJ,Primorsko-goranska,sakralna graditeljska baština,zaštićeno kulturno dobro,
Z-6405,Arhitektonski sklop Evangeličke crkve,Opatija,OPATIJA,Primorsko-goranska,sakralno-profana graditeljska baština,zaštićeno kulturno dobro,1904. god.
Z-134,Kompleks Franjevačkog samostana s crkvom Navještenja Marijina,Punat,PUNAT,Primorsko-goranska,sakralno-profana graditeljska baština,zaštićeno kulturno dobro,15. st. do 16. st.
Z-3033,Franjevački samostanski kompleks sv. Bernarda Sienskog,Kampor,RAB,Primorsko-goranska,sakralno-profana graditeljska baština,zaštićeno kulturno dobro,1446. god.
Z-142,Kapela sv. Franje,Rab,RAB,Primorsko-goranska,sakralna graditeljska baština,zaštićeno kulturno dobro,15. st.
Z-139,Katedrala sv. Marije,Rab,RAB,Primorsko-goranska,sakralna graditeljska baština,zaštićeno kulturno dobro,
Z-143,"Ostaci crkve sv. Ivana, samostana i zvonika",Rab,RAB,Primorsko-goranska,sakralno-profana graditeljska baština,zaštićeno kulturno dobro,11. st. do 15. st.
Z-144,Samostan benediktinaca s crkvom sv. Petra,Supetarska Draga,RAB,Primorsko-goranska,sakralno-profana graditeljska baština,zaštićeno kulturno dobro,11. st.
Z-140,Veli zvonik,Rab,RAB,Primorsko-goranska,sakralna graditeljska baština,zaštićeno kulturno dobro,
Z-107,"Bivši augustinski, danas dominikanski samostan",Rijeka,RIJEKA,Primorsko-goranska,sakralno-profana graditeljska baština,zaštićeno kulturno dobro,14. st. do 19. st.
Z-3700,Crkva sv. Marije,Rijeka,RIJEKA,Primorsko-goranska,sakralna graditeljska baština,zaštićeno kulturno dobro,19. st.
Z-1151,Franjevački samostan s crkvom Gospe Trsatske,Rijeka,RIJEKA,Primorsko-goranska,sakralno-profana graditeljska baština,zaštićeno kulturno dobro,
Z-5022,Crkva sv. Petra i Pavla,Osojnik,VRBOVSKO,Primorsko-goranska,sakralna graditeljska baština,zaštićeno kulturno dobro,17. st.
RZG-0227-1969.,Manastir Gomirje sa crkvom Roždenija sv. Jovana Preteče,Gomirje,VRBOVSKO,Primorsko-goranska,sakralno-profana graditeljska baština,zaštićeno kulturno dobro,17. st.
Z-3385,Crkva sv. Petke Paraskeve,Gornji Javoranj,DVOR,Sisačko-moslavačka,sakralna graditeljska baština,zaštićeno kulturno dobro,18. st. do 19. st.
Z-7407,Memorijalno mjesto pravoslavne kapele sv. Spasa,Ljeskovac,DVOR,Sisačko-moslavačka,sakralna graditeljska baština,zaštićeno kulturno dobro,18. st.
Z-6047,Pravoslavni parohijalni hram Preobraženja Hristovog u Rujevcu,Rujevac,DVOR,Sisačko-moslavačka,sakralna graditeljska baština,zaštićeno kulturno dobro,1887. god.
Z-4415,Ruševine crkve sv. Marije Magdalene,Zrin,DVOR,Sisačko-moslavačka,sakralna graditeljska baština,zaštićeno kulturno dobro,
Z-4397,Crkva Hristovog Vaskrsenja,Majske Poljane,GLINA,Sisačko-moslavačka,sakralna graditeljska baština,zaštićeno kulturno dobro,1820. god.
Z-6868,Kapela Svetog Arhangela Mihaila na pravoslavnom groblju,Donje Selište,GLINA,Sisačko-moslavačka,sakralna graditeljska baština,zaštićeno kulturno dobro,18. st.
Z-4394,Memorijalno mjesto pravoslavne parohijske crkve sv. Ilije,Buzeta,GLINA,Sisačko-moslavačka,sakralna graditeljska baština,zaštićeno kulturno dobro,18. st. do 19. st.
Z-3633,Ostaci kapele sv. Ane s grobljem i lokalitet srednjovjekovnog samostana,Hrvatska Kostajnica,HRVATSKA KOSTAJNICA,Sisačko-moslavačka,sakralna graditeljska baština,zaštićeno kulturno dobro,18. st. do 19. st.
Z-2984,Ruševine crkve sv. Nikole i župnog dvora i arheološko nalazište kapele sv. Rok s grobljem,Hrvatska Kostajnica,HRVATSKA KOSTAJNICA,Sisačko-moslavačka,sakralna graditeljska baština,zaštićeno kulturno dobro,
Z-2445,Crkva sv. Nikole,Jasenovac,JASENOVAC,Sisačko-moslavačka,sakralna graditeljska baština,zaštićeno kulturno dobro,1791. god. do 1829. god.
Z-1925,Crkva sv. Marije Snježne,Kutina,KUTINA,Sisačko-moslavačka,sakralna graditeljska baština,zaštićeno kulturno dobro,18. st.
Z-7151,Ostatci pavlinskog samostana Blažene Djevice Marije,Mikleuška,KUTINA,Sisačko-moslavačka,sakralno-profana graditeljska baština,zaštićeno kulturno dobro,
Z-4404,Kompleks crkve sv. Marte i župnog dvora,Šišinec,LEKENIK,Sisačko-moslavačka,sakralno-profana graditeljska baština,zaštićeno kulturno dobro,18. st.
Z-7272,Župna crkva Pohoda Blažene Djevice Marije,Stari Farkašić,LEKENIK,Sisačko-moslavačka,sakralna graditeljska baština,zaštićeno kulturno dobro,19. st.
Z-3488,Kapela sv. Petra i Pavla i barokni pil,Bok Palanječki,MARTINSKA VES,Sisačko-moslavačka,sakralna graditeljska baština,zaštićeno kulturno dobro,1752. god.
Z-1919,Crkva Pohođenja Blažene Djevice Marije,Stara Subocka,NOVSKA,Sisačko-moslavačka,sakralna graditeljska baština,zaštićeno kulturno dobro,1890. god.
Z-7408,Ostaci parohijske crkve sv. Teodora Tirona,Lovska,NOVSKA,Sisačko-moslavačka,sakralna graditeljska baština,zaštićeno kulturno dobro,
Z-1451,Crkva Majke Božje Snježne,Mala Gorica,PETRINJA,Sisačko-moslavačka,sakralna graditeljska baština,zaštićeno kulturno dobro,1927. god.
Z-1593,Crkva sv. Ante Padovanskog s franjevačkim samostanom,Hrvatski Čuntić,PETRINJA,Sisačko-moslavačka,sakralno-profana graditeljska baština,zaštićeno kulturno dobro,18. st.
Z-1595,Crkva sv. Georgija,Jošavica,PETRINJA,Sisačko-moslavačka,sakralna graditeljska baština,zaštićeno kulturno dobro,19. st.
Z-1447,Crkva sv. Ilije,Blinja,PETRINJA,Sisačko-moslavačka,sakralna graditeljska baština,zaštićeno kulturno dobro,19. st.
Z-1446,Crkva sv. Jakova,Mošćenica,PETRINJA,Sisačko-moslavačka,sakralna graditeljska baština,zaštićeno kulturno dobro,19. st.
Z-1415,Crkva sv. Petra,Taborište,PETRINJA,Sisačko-moslavačka,sakralna graditeljska baština,zaštićeno kulturno dobro,16. st. do 18. st.
Z-1448,Kapela Glavosjeka sv. Ivana,Pecki,PETRINJA,Sisačko-moslavačka,sakralna graditeljska baština,zaštićeno kulturno dobro,19. st.
Z-1443,Kurija na starom kaptolskom imanju,Mala Gorica,PETRINJA,Sisačko-moslavačka,sakralno-profana graditeljska baština,zaštićeno kulturno dobro,1865. god.
Z-1450,Kurija župnog dvora,Mala Gorica,PETRINJA,Sisačko-moslavačka,sakralno-profana graditeljska baština,zaštićeno kulturno dobro,19. st.
Z-7404,Župna crkva sv. Lovre,Petrinja,PETRINJA,Sisačko-moslavačka,sakralna graditeljska baština,zaštićeno kulturno dobro,
Z-2835,Crkva sv. Fabijana i Sebastijana,Vurot,SISAK,Sisačko-moslavačka,sakralna graditeljska baština,zaštićeno kulturno dobro,18. st. do 19. st.
Z-2120,Kapela Mučeništva sv. Ivana Krstitelja,Topolovac,SISAK,Sisačko-moslavačka,sakralna graditeljska baština,zaštićeno kulturno dobro,19. st.
Z-4401,Župni dvor,Gušće,SISAK,Sisačko-moslavačka,sakralno-profana graditeljska baština,zaštićeno kulturno dobro,1833. god.
Z-3384,Stari župni dvor,Greda Sunjska,SUNJA,Sisačko-moslavačka,sakralno-profana graditeljska baština,zaštićeno kulturno dobro,19. st.
Z-4411,Kompleks ruševina cistercitske opatije,Topusko,TOPUSKO,Sisačko-moslavačka,sakralno-profana graditeljska baština,zaštićeno kulturno dobro,
Z-3260,Pavlinski samostan sv. Petra na Petrovoj gori,Topusko,TOPUSKO,Sisačko-moslavačka,sakralno-profana graditeljska baština,zaštićeno kulturno dobro,14. st.
Z-5749,Crkva sv. Lovre i arheološki ostaci,Baška Voda,BAŠKA VODA,Splitsko-dalmatinska,sakralna graditeljska baština,zaštićeno kulturno dobro,18. st.
Z-5281,Crkva sv. Nikole biskupa,Baška Voda,BAŠKA VODA,Splitsko-dalmatinska,sakralna graditeljska baština,zaštićeno kulturno dobro,1889. god.
Z-4999,Crkva i kuće Pustinje Stipančić,Murvica,BOL,Splitsko-dalmatinska,sakralna graditeljska baština,zaštićeno kulturno dobro,1477. god.
Z-4773,Crkva sv. Ivana,Bol,BOL,Splitsko-dalmatinska,sakralna graditeljska baština,zaštićeno kulturno dobro,7. st. do 11. st.
Z-4784,Dragonjina špilja,Murvica,BOL,Splitsko-dalmatinska,sakralna graditeljska baština,zaštićeno kulturno dobro,15. st.
Z-5139,Pustinja Dračeva Luka,Murvica,BOL,Splitsko-dalmatinska,sakralno-profana graditeljska baština,zaštićeno kulturno dobro,1519. god.
Z-4869,Crkva sv. Ilije,Brela,BRELA,Splitsko-dalmatinska,sakralna graditeljska baština,zaštićeno kulturno dobro,18. st.
Z-7062,Crkva sv. Stjepana i lapidarij s grobnim pločama,Brela,BRELA,Splitsko-dalmatinska,sakralna graditeljska baština,zaštićeno kulturno dobro,15. st. do 20. st.
Z-3850,Sklop Vuletić,Dobranje,CISTA PROVO,Splitsko-dalmatinska,sakralno-profana graditeljska baština,zaštićeno kulturno dobro,18. st.
Z-4876,Crkva Gospina Vaznešenja,Sušci,DICMO,Splitsko-dalmatinska,sakralna graditeljska baština,zaštićeno kulturno dobro,19. st.
Z-4893,Crkva sv. Ivana Krstitelja,Podaca,GRADAC,Splitsko-dalmatinska,sakralna graditeljska baština,zaštićeno kulturno dobro,11. st. do 12. st.
Z-4877,Crkva sv. Jurja,Drvenik,GRADAC,Splitsko-dalmatinska,sakralna graditeljska baština,zaštićeno kulturno dobro,15. st. do 18. st.
Z-5060,Crkva sv. Margarite,Brist,GRADAC,Splitsko-dalmatinska,sakralna graditeljska baština,zaštićeno kulturno dobro,1751. god.
Z-5930,Franjevački samostan i župna crkva Uznesenja Blažene Djevice Marije,Zaostrog,GRADAC,Splitsko-dalmatinska,sakralno-profana graditeljska baština,zaštićeno kulturno dobro,16. st. do 18. st.
Z-6013,Bivši hospicij i tvrđava Veneranda,Hvar,HVAR,Splitsko-dalmatinska,sakralno-profana graditeljska baština,zaštićeno kulturno dobro,16. st.
RST-0485-1970.,Crkva Blažene Djevice Marije,Zaraće,HVAR,Splitsko-dalmatinska,sakralna graditeljska baština,zaštićeno kulturno dobro,16. st.
Z-6397,Crkva Gospe Anuncijate (Navještenja Blažene Djevice Marije),Hvar,HVAR,Splitsko-dalmatinska,sakralna graditeljska baština,zaštićeno kulturno dobro,
Z-6710,Crkva sv. Ivana Krstitelja,Hvar,HVAR,Splitsko-dalmatinska,sakralna graditeljska baština,zaštićeno kulturno dobro,14. st. do 15. st.
Z-6448,Crkva sv. Klementa,Hvar,HVAR,Splitsko-dalmatinska,sakralna graditeljska baština,zaštićeno kulturno dobro,16. st.
Z-5810,Crkva sv. Nikole na groblju,Hvar,HVAR,Splitsko-dalmatinska,sakralno-profana graditeljska baština,zaštićeno kulturno dobro,19. st.
Z-5817,Crkva sv. Roka,Hvar,HVAR,Splitsko-dalmatinska,sakralno-profana graditeljska baština,zaštićeno kulturno dobro,15. st. do 20. st.
Z-5084,Katedrala sv. Stjepana Pape,Hvar,HVAR,Splitsko-dalmatinska,sakralna graditeljska baština,zaštićeno kulturno dobro,16. st. do 18. st.
RST-0527-1971.,Pustinjački stan sa crkvom,Sveta Nedjelja,HVAR,Splitsko-dalmatinska,sakralno-profana graditeljska baština,zaštićeno kulturno dobro,15. god. do 18. god.
Z-5875,Ruševni ostaci crkve sv. Pelegrina,Hvar,HVAR,Splitsko-dalmatinska,sakralna graditeljska baština,zaštićeno kulturno dobro,15. st. do 16. st.
Z-5805,Sklop crkve sv. Magdalene s arheološkim nalazištem,Hvar,HVAR,Splitsko-dalmatinska,sakralna graditeljska baština,zaštićeno kulturno dobro,15. st.
Z-4594,Crkva sv. Franje Asiškog i samostan,Imotski,IMOTSKI,Splitsko-dalmatinska,sakralna graditeljska baština,zaštićeno kulturno dobro,18. st. do 20. st.
Z-7061,Kapela Gospe od Karmela na groblju,Imotski,IMOTSKI,Splitsko-dalmatinska,sakralna graditeljska baština,zaštićeno kulturno dobro,1866. god. do 1867. god.
Z-4786,Crkva Bezgrešnog začeća Blažene Djevice Marije,Svirče,JELSA,Splitsko-dalmatinska,sakralna graditeljska baština,zaštićeno kulturno dobro,19. st.
Z-5600,Crkva Uznesenja Marijnog (ex. sv. Fabijana i Sebastijana),Jelsa,JELSA,Splitsko-dalmatinska,sakralna graditeljska baština,zaštićeno kulturno dobro,16. st. do 19. st.
Z-5097,Crkva i samostan dominikanaca na otoku Šćedro,Pitve,JELSA,Splitsko-dalmatinska,sakralna graditeljska baština,zaštićeno kulturno dobro,15. st. do 16. st.
Z-4872,Crkva sv. Ivana,Jelsa,JELSA,Splitsko-dalmatinska,sakralna graditeljska baština,zaštićeno kulturno dobro,16. st.
Z-6582,Crkva sv. Jakova,Pitve,JELSA,Splitsko-dalmatinska,sakralna graditeljska baština,zaštićeno kulturno dobro,15. st. do 19. st.
Z-4785,Crkva sv. Jurja,Gdinj,JELSA,Splitsko-dalmatinska,sakralna graditeljska baština,zaštićeno kulturno dobro,16. st. do 19. st.
Z-5742,Crkva sv. Magdalene,Svirče,JELSA,Splitsko-dalmatinska,sakralna graditeljska baština,zaštićeno kulturno dobro,16. st.
Z-4871,Crkva sv. Roka,Jelsa,JELSA,Splitsko-dalmatinska,sakralna graditeljska baština,zaštićeno kulturno dobro,17. st.
Z-7219,Nova crkva sv. Jurja,Gdinj,JELSA,Splitsko-dalmatinska,sakralna graditeljska baština,zaštićeno kulturno dobro,1900. god. do 1902. god.
Z-3572,Crkva sv. Ivana Krstitelja na Birnju,Kaštel Lukšić,KAŠTELA,Splitsko-dalmatinska,sakralna graditeljska baština,zaštićeno kulturno dobro,13. st. do 19. st.
Z-3585,Crkva sv. Jerolima sa župnom kućom,Kaštel Gomilica,KAŠTELA,Splitsko-dalmatinska,sakralno-profana graditeljska baština,zaštićeno kulturno dobro,1914. god.
Z-3577,Crkva sv. Kuzme i Damjana s grobljem,Kaštel Gomilica,KAŠTELA,Splitsko-dalmatinska,sakralna graditeljska baština,zaštićeno kulturno dobro,5. st. do 12. st.
Z-4471,Crkva sv. Marije od Špiljana (Stomorija),Kaštel Novi,KAŠTELA,Splitsko-dalmatinska,sakralna graditeljska baština,zaštićeno kulturno dobro,12. st. do 19. st.
Z-4317,Crkva sv. Mihovila od Lažana i kula na Krugu,Kaštel Kambelovac,KAŠTELA,Splitsko-dalmatinska,sakralna graditeljska baština,zaštićeno kulturno dobro,12. st. do 16. st.
Z-3395,Crkva sv. Nikole,Kaštel Stari,KAŠTELA,Splitsko-dalmatinska,sakralna graditeljska baština,zaštićeno kulturno dobro,19. st.
Z-3578,Opatička kuća u Kaštilcu,Kaštel Gomilica,KAŠTELA,Splitsko-dalmatinska,sakralno-profana graditeljska baština,zaštićeno kulturno dobro,1726. god. do 1831. god.
Z-3333,Stara crkva sv. Jerolima,Kaštel Gomilica,KAŠTELA,Splitsko-dalmatinska,sakralna graditeljska baština,zaštićeno kulturno dobro,1731. god.
Z-5695,Crkva Blažene Djevice Marije (Gospe od Planice),Komiža,KOMIŽA,Splitsko-dalmatinska,sakralna graditeljska baština,zaštićeno kulturno dobro,17. st.
Z-6489,Crkva sv. Marije Gusarice,Komiža,KOMIŽA,Splitsko-dalmatinska,sakralna graditeljska baština,zaštićeno kulturno dobro,16. st.
Z-7177,Crkva sv. Silvestra,Biševo,KOMIŽA,Splitsko-dalmatinska,sakralna graditeljska baština,zaštićeno kulturno dobro,11. st. do 16. st.
RST-0554-1971.,Ruševine crkve sv. Andrije,Komiža,KOMIŽA,Splitsko-dalmatinska,sakralna graditeljska baština,zaštićeno kulturno dobro,13. st. do 18. st.
Z-6649,Crkva sv. Ante u Kotišini,Makarska,MAKARSKA,Splitsko-dalmatinska,sakralna graditeljska baština,zaštićeno kulturno dobro,17. st. do 20. st.
Z-5226,Crkva Stomorica,Ložišća,MILNA,Splitsko-dalmatinska,sakralna graditeljska baština,zaštićeno kulturno dobro,
Z-1864,Crkva-tvrđava na otočiću Mrdulja,Milna,MILNA,Splitsko-dalmatinska,sakralna graditeljska baština,zaštićeno kulturno dobro,
Z-4456,Crkva Gospe Karmelske na groblju,Donji Humac,NEREŽIŠĆA,Splitsko-dalmatinska,sakralna graditeljska baština,zaštićeno kulturno dobro,17. st.
Z-1868,Crkva sv. Filipa i Jakova,Nerežišća,NEREŽIŠĆA,Splitsko-dalmatinska,sakralna graditeljska baština,zaštićeno kulturno dobro,15. st.
Z-4780,Crkva sv. Trojstva,Nerežišća,NEREŽIŠĆA,Splitsko-dalmatinska,sakralna graditeljska baština,zaštićeno kulturno dobro,12. st. do 19. st.
Z-5138,Ostaci crkve sv. Vida na Vidovoj gori,Nerežišća,NEREŽIŠĆA,Splitsko-dalmatinska,sakralna graditeljska baština,zaštićeno kulturno dobro,
Z-1553,Pustinja Blaca,Nerežišća,NEREŽIŠĆA,Splitsko-dalmatinska,sakralno-profana graditeljska baština,zaštićeno kulturno dobro,16. st. do 18. st.
Z-4457,Ruševine crkve sv. Jadre i arheološko nalazište,Donji Humac,NEREŽIŠĆA,Splitsko-dalmatinska,sakralna graditeljska baština,zaštićeno kulturno dobro,14. st.
Z-4381,Crkva sv. Karla Boromejskog,Okrug Gornji,OKRUG,Splitsko-dalmatinska,sakralna graditeljska baština,zaštićeno kulturno dobro,1735. god.
Z-4315,Crkva sv. Tudora,Okrug Gornji,OKRUG,Splitsko-dalmatinska,sakralna graditeljska baština,zaštićeno kulturno dobro,16. st.
Z-6774,Crkva Gospe od Bezgrešnog začeća i bratimska kuća u zaseoku Truša,Tugare,OMIŠ,Splitsko-dalmatinska,sakralna graditeljska baština,zaštićeno kulturno dobro,16. st. do 18. st.
Z-6399,Crkva Uznesenja Marijina (Gospa od Smova),Gata,OMIŠ,Splitsko-dalmatinska,sakralna graditeljska baština,zaštićeno kulturno dobro,17. st.
Z-6300,Crkva sv. Antuna Opata,Naklice,OMIŠ,Splitsko-dalmatinska,sakralna graditeljska baština,zaštićeno kulturno dobro,15. st.
Z-6507,Crkva sv. Arnira,Dubrava,OMIŠ,Splitsko-dalmatinska,sakralna graditeljska baština,zaštićeno kulturno dobro,17. st.
Z-6316,Crkva sv. Kate,Tugare,OMIŠ,Splitsko-dalmatinska,sakralna graditeljska baština,zaštićeno kulturno dobro,14. st.
Z-6415,Crkva sv. Kuzme i Damjana,Lokva Rogoznica,OMIŠ,Splitsko-dalmatinska,sakralna graditeljska baština,zaštićeno kulturno dobro,16. st. do 17. st.
Z-5043,Crkva sv. Mihovila,Omiš,OMIŠ,Splitsko-dalmatinska,sakralna graditeljska baština,zaštićeno kulturno dobro,17. st. do 18. st.
Z-5062,Crkva sv. Petra,Omiš,OMIŠ,Splitsko-dalmatinska,sakralna graditeljska baština,zaštićeno kulturno dobro,11. st.
Z-7024,Crkva sv. Roka,Donji Dolac,OMIŠ,Splitsko-dalmatinska,sakralna graditeljska baština,zaštićeno kulturno dobro,18. st.
Z-5126,Franjevački samostan i crkva na Skalicama,Omiš,OMIŠ,Splitsko-dalmatinska,sakralno-profana graditeljska baština,zaštićeno kulturno dobro,18. st. do 20. st.
Z-6862,Sklop crkve sv. Ante opata i župne kuće,Seoca,OMIŠ,Splitsko-dalmatinska,sakralno-profana graditeljska baština,zaštićeno kulturno dobro,18. st.
Z-4799,Starokršćanska bazilika,Otok,OTOK,Splitsko-dalmatinska,sakralna graditeljska baština,zaštićeno kulturno dobro,6. st.
Z-4792,Crkva sv. Stjepana,Drašnice,PODGORA,Splitsko-dalmatinska,sakralna graditeljska baština,zaštićeno kulturno dobro,17. st. do 18. st.
Z-4791,Crkva sv. Tekle,Podgora,PODGORA,Splitsko-dalmatinska,sakralna graditeljska baština,zaštićeno kulturno dobro,17. st. do 20. st.
Z-4790,Kapela Mrkušić,Podgora,PODGORA,Splitsko-dalmatinska,sakralna graditeljska baština,zaštićeno kulturno dobro,1804. god.
Z-6856,Crkva sv. Ante Padovanskog,Podstrana,PODSTRANA,Splitsko-dalmatinska,sakralna graditeljska baština,zaštićeno kulturno dobro,17. st. do 19. st.
Z-5124,Crkva sv. Ivana Krstitelja i ranokršćanska crkva,Postira,POSTIRA,Splitsko-dalmatinska,sakralna graditeljska baština,zaštićeno kulturno dobro,6. st. do 19. st.
Z-2901,Crkva sv. Stjepana i groblje,Prgomet,PRGOMET,Splitsko-dalmatinska,sakralna graditeljska baština,zaštićeno kulturno dobro,1863. god.
Z-5340,Gospina crkva na Durmiševcu,Donji Proložac,PROLOŽAC,Splitsko-dalmatinska,sakralna graditeljska baština,zaštićeno kulturno dobro,1873. god.
Z-3826,Crkva Blažene Gospe od Utjehe na groblju,Pučišća,PUČIŠĆA,Splitsko-dalmatinska,sakralna graditeljska baština,zaštićeno kulturno dobro,6. st. do 18. st.
Z-4681,Crkva sv. Jurja na Veloj Bračuti,Pučišća,PUČIŠĆA,Splitsko-dalmatinska,sakralna graditeljska baština,zaštićeno kulturno dobro,14. st.
Z-4571,Crkva sv. Marije na groblju,Gornji Humac,PUČIŠĆA,Splitsko-dalmatinska,sakralna graditeljska baština,zaštićeno kulturno dobro,
Z-4683,Crkva sv. Nikole,Gornji Humac,PUČIŠĆA,Splitsko-dalmatinska,sakralna graditeljska baština,zaštićeno kulturno dobro,1749. god.
Z-4903,Crkva Gospe od Sniga (Zvirača),Seget Donji,SEGET,Splitsko-dalmatinska,sakralna graditeljska baština,zaštićeno kulturno dobro,14. st. do 17. st.
Z-4569,Crkva sv. Vida s grobljem,Seget Gornji,SEGET,Splitsko-dalmatinska,sakralna graditeljska baština,zaštićeno kulturno dobro,10. st. do 13. st.
Z-5027,Crkva Gospe Sinjske s franjevačkim samostanom,Sinj,SINJ,Splitsko-dalmatinska,sakralna graditeljska baština,zaštićeno kulturno dobro,1699. god.
Z-5457,Arheološko nalazište i crkva Gospe od Spinuta (od Pohođenja),Split,SPLIT,Splitsko-dalmatinska,sakralna graditeljska baština,zaštićeno kulturno dobro,11. st. do 20. st.
Z-4897,Crikvine-Kaštelet (Meštrovićeve Crikvine-Kaštilac),Split,SPLIT,Splitsko-dalmatinska,sakralno-profana graditeljska baština,zaštićeno kulturno dobro,16. st. do 20. st.
Z-4692,Crkva Bezgrešnog začeća Blažene Djevice Marije,Split,SPLIT,Splitsko-dalmatinska,sakralna graditeljska baština,zaštićeno kulturno dobro,1895. god.
Z-3862,Crkva Gospe od Zdravlja,Split,SPLIT,Splitsko-dalmatinska,sakralna graditeljska baština,zaštićeno kulturno dobro,19. st. do 20. st.
Z-3863,Crkva Gospe od Zvonika,Split,SPLIT,Splitsko-dalmatinska,sakralna graditeljska baština,zaštićeno kulturno dobro,6. st. do 11. st.
Z-5477,Crkva i samostan Gospe od Pojišana,Split,SPLIT,Splitsko-dalmatinska,sakralno-profana graditeljska baština,zaštićeno kulturno dobro,17. st. do 20. st.
Z-3864,Crkva i samostan sv. Klare,Split,SPLIT,Splitsko-dalmatinska,sakralna graditeljska baština,zaštićeno kulturno dobro,1884. god. do 1913. god.
Z-3425,Crkva sv. Filipa Neria,Split,SPLIT,Splitsko-dalmatinska,sakralna graditeljska baština,zaštićeno kulturno dobro,1735. god.
Z-3427,Crkva sv. Jurja na rtu Marjana,Split,SPLIT,Splitsko-dalmatinska,sakralna graditeljska baština,zaštićeno kulturno dobro,9. st.
Z-4632,Crkva sv. Križa,Split,SPLIT,Splitsko-dalmatinska,sakralna graditeljska baština,zaštićeno kulturno dobro,17. st. do 19. st.
Z-3859,Crkva sv. Lovre od Pazdigrada,Split,SPLIT,Splitsko-dalmatinska,sakralna graditeljska baština,zaštićeno kulturno dobro,13. st. do 19. st.
Z-4801,Crkva sv. Luke,Split,SPLIT,Splitsko-dalmatinska,sakralna graditeljska baština,zaštićeno kulturno dobro,15. st.
Z-4639,Crkva sv. Mande na Marjanu,Split,SPLIT,Splitsko-dalmatinska,sakralna graditeljska baština,zaštićeno kulturno dobro,12. st. do 19. st.
Z-5458,Crkva sv. Mihovila,Žrnovnica,SPLIT,Splitsko-dalmatinska,sakralna graditeljska baština,zaštićeno kulturno dobro,13. st. do 14. st.
Z-4631,Crkva sv. Nikole,Split,SPLIT,Splitsko-dalmatinska,sakralna graditeljska baština,zaštićeno kulturno dobro,1068. god.
Z-3423,Crkva sv. Roka na Peristilu,Split,SPLIT,Splitsko-dalmatinska,sakralna graditeljska baština,zaštićeno kulturno dobro,1516. god.
Z-4643,Crkvica Betlehem na južnim padinama Marjana,Split,SPLIT,Splitsko-dalmatinska,sakralna graditeljska baština,zaštićeno kulturno dobro,1500. god.
Z-4685,Franjevački samostan sv. Ante i crkva sv. Marije na Poljudu,Split,SPLIT,Splitsko-dalmatinska,sakralna graditeljska baština,zaštićeno kulturno dobro,15. st. do 20. st.
Z-4686,Gradska vijećnica i kapelica sv. Lovre,Split,SPLIT,Splitsko-dalmatinska,sakralno-profana graditeljska baština,zaštićeno kulturno dobro,14. st. do 19. st.
Z-4640,Kapelica sv. Dujma,Split,SPLIT,Splitsko-dalmatinska,sakralna graditeljska baština,zaštićeno kulturno dobro,18. st. do 19. st.
Z-4688,Katedrala sv. Dujma (Dioklecijanov mauzolej),Split,SPLIT,Splitsko-dalmatinska,sakralna graditeljska baština,zaštićeno kulturno dobro,4. st. do 17. st.
Z-5953,Nekadašnji samostan sv. Marije de Taurello,Split,SPLIT,Splitsko-dalmatinska,sakralno-profana graditeljska baština,zaštićeno kulturno dobro,13. st. do 20. st.
Z-4642,Samostan i crkva Isusovaca,Split,SPLIT,Splitsko-dalmatinska,sakralna graditeljska baština,zaštićeno kulturno dobro,1898. god.
Z-5086,Crkva sv. Jerolima sa hospicijem,Stari Grad,STARI GRAD,Splitsko-dalmatinska,sakralna graditeljska baština,zaštićeno kulturno dobro,1385. god.
Z-7002,Crkva sv. Mihovila,Dol,STARI GRAD,Splitsko-dalmatinska,sakralna graditeljska baština,zaštićeno kulturno dobro,1898. god. do 1908. god.
Z-5713,Crkva sv. Roka,Stari Grad,STARI GRAD,Splitsko-dalmatinska,sakralna graditeljska baština,zaštićeno kulturno dobro,16. st.
Z-6536,Dominikanski samostan i crkva sv. Petra Mučenika,Stari Grad,STARI GRAD,Splitsko-dalmatinska,sakralna graditeljska baština,zaštićeno kulturno dobro,15. st. do 19. st.
Z-1559,Crkva sv. Jelene,Škrip,SUPETAR,Splitsko-dalmatinska,sakralna graditeljska baština,zaštićeno kulturno dobro,18. st.
Z-5944,Mauzolej obitelji Petrinović,Supetar,SUPETAR,Splitsko-dalmatinska,sakralna graditeljska baština,zaštićeno kulturno dobro,1924. god. do 1927. god.
Z-5001,Crkva sv. Ivana i temelji ranokršćanske crkve,Sutivan,SUTIVAN,Splitsko-dalmatinska,sakralna graditeljska baština,zaštićeno kulturno dobro,6. st. do 17. st.
Z-4996,Crkva sv. Ante,Sućuraj,SUĆURAJ,Splitsko-dalmatinska,sakralna graditeljska baština,zaštićeno kulturno dobro,1663. god.
Z-4891,Crkva sv. Mihovila s arheološkim nalazištem,Bisko,TRILJ,Splitsko-dalmatinska,sakralna graditeljska baština,zaštićeno kulturno dobro,16. st. do 18. st.
Z-5165,Arheološko nalazište s crkvom sv. Eufemije,Trogir,TROGIR,Splitsko-dalmatinska,sakralna graditeljska baština,zaštićeno kulturno dobro,6. st. do 17. st.
Z-4567,Crkva Gospe Delmunta,Trogir,TROGIR,Splitsko-dalmatinska,sakralna graditeljska baština,zaštićeno kulturno dobro,14. st. do 18. st.
Z-4568,Crkva Gospe od Anđela,Trogir,TROGIR,Splitsko-dalmatinska,sakralna graditeljska baština,zaštićeno kulturno dobro,14. st. do 17. st.
Z-3491,Crkva i samostan sv. Dominika,Trogir,TROGIR,Splitsko-dalmatinska,sakralno-profana graditeljska baština,zaštićeno kulturno dobro,14. st. do 18. st.
Z-3492,Crkva i samostan sv. Križa,Arbanija,TROGIR,Splitsko-dalmatinska,sakralno-profana graditeljska baština,zaštićeno kulturno dobro,1432. god.
Z-3490,Crkva i samostan sv. Nikole,Trogir,TROGIR,Splitsko-dalmatinska,sakralno-profana graditeljska baština,zaštićeno kulturno dobro,11. st. do 18. st.
Z-4902,Crkva sv. Andrije,Trogir,TROGIR,Splitsko-dalmatinska,sakralna graditeljska baština,zaštićeno kulturno dobro,7. st. do 16. st.
Z-3685,Crkva sv. Eustahija,Plano,TROGIR,Splitsko-dalmatinska,sakralna graditeljska baština,zaštićeno kulturno dobro,1348. god.
Z-4901,Crkva sv. Jerolima,Trogir,TROGIR,Splitsko-dalmatinska,sakralna graditeljska baština,zaštićeno kulturno dobro,1646. god.
"RST-247, rj.br.: 35/121-1964",Crkva sv. Jerolima,Trogir,TROGIR,Splitsko-dalmatinska,sakralna graditeljska baština,zaštićeno kulturno dobro,17. st.
Z-4314,Crkva sv. Jurja sa župnim kućama,Drvenik Veliki,TROGIR,Splitsko-dalmatinska,sakralno-profana graditeljska baština,zaštićeno kulturno dobro,16. st. do 19. st.
Z-4562,Crkva sv. Lazara (Josipa),Trogir,TROGIR,Splitsko-dalmatinska,sakralna graditeljska baština,zaštićeno kulturno dobro,15. st. do 17. st.
Z-6606,Crkva sv. Nikole na Čiovu,Trogir,TROGIR,Splitsko-dalmatinska,sakralna graditeljska baština,zaštićeno kulturno dobro,1594. god.
Z-4307,Crkva sv. Petra,Trogir,TROGIR,Splitsko-dalmatinska,sakralna graditeljska baština,zaštićeno kulturno dobro,17. st.
Z-3878,Franjevački samostan sv. Ante na Dridu,Trogir,TROGIR,Splitsko-dalmatinska,sakralno-profana graditeljska baština,zaštićeno kulturno dobro,15. st. do 17. st.
Z-4312,Grobljanska kapela,Trogir,TROGIR,Splitsko-dalmatinska,sakralna graditeljska baština,zaštićeno kulturno dobro,13. st. do 17. st.
Z-4444,Ruševine crkve sv. Stjepana,Trogir,TROGIR,Splitsko-dalmatinska,sakralna graditeljska baština,zaštićeno kulturno dobro,13. st.
Z-5095,Crkva Male Gospe i groblje,Tučepi,TUČEPI,Splitsko-dalmatinska,sakralna graditeljska baština,zaštićeno kulturno dobro,18. st.
Z-5312,Crkva sv. Jurja s arheološkim nalazištem,Tučepi,TUČEPI,Splitsko-dalmatinska,sakralna graditeljska baština,zaštićeno kulturno dobro,12. st. do 14. st.
Z-4883,Crkva sv. Mihovila,Tučepi,TUČEPI,Splitsko-dalmatinska,sakralna graditeljska baština,zaštićeno kulturno dobro,18. st.
Z-5370,Crkva sv. Ciprijana i Justine,Vis,VIS,Splitsko-dalmatinska,sakralna graditeljska baština,zaštićeno kulturno dobro,18. st.
Z-5614,Crkva sv. Marije,Vis,VIS,Splitsko-dalmatinska,sakralna graditeljska baština,zaštićeno kulturno dobro,14. st. do 20. st.
Z-7243,Franjevački samostan sv. Jerolima,Vis,VIS,Splitsko-dalmatinska,sakralno-profana graditeljska baština,zaštićeno kulturno dobro,16. st.
Z-3998,Crkva Porođenja Blažene Djevice Marije,Zavojane,VRGORAC,Splitsko-dalmatinska,sakralna graditeljska baština,zaštićeno kulturno dobro,18. st.
Z-2802,Crkva Svih Svetih i srednjovjekovno groblje sa stećcima,Kljenak,VRGORAC,Splitsko-dalmatinska,sakralna graditeljska baština,zaštićeno kulturno dobro,18. st.
Z-2803,Crkva sv. Ivana i srednjovjekovno groblje sa stećcima,Stilja,VRGORAC,Splitsko-dalmatinska,sakralna graditeljska baština,zaštićeno kulturno dobro,15. st. do 18. st.
Z-5487,Crkva sv. Petra,Dusina,VRGORAC,Splitsko-dalmatinska,sakralna graditeljska baština,zaštićeno kulturno dobro,17. st. do 18. st.
Z-5533,Crkva sv. Stjepana i arheološko nalazište,Rašćane,VRGORAC,Splitsko-dalmatinska,sakralna graditeljska baština,zaštićeno kulturno dobro,15. st. do 20. st.
Z-3844,Crkva Svih Svetih,Zagvozd,ZAGVOZD,Splitsko-dalmatinska,sakralna graditeljska baština,zaštićeno kulturno dobro,17. st.
Z-3847,Crkva Velike Gospe,Zagvozd,ZAGVOZD,Splitsko-dalmatinska,sakralna graditeljska baština,zaštićeno kulturno dobro,17. st.
Z-3845,Crkva sv. Stipana,Rastovac,ZAGVOZD,Splitsko-dalmatinska,sakralna graditeljska baština,zaštićeno kulturno dobro,1863. god.
Z-6931,Crkva sv. Marije u Borima,Gornje Selo,ŠOLTA,Splitsko-dalmatinska,sakralna graditeljska baština,zaštićeno kulturno dobro,6. st. do 19. st.
Z-1092,Crkva sv. Tri Kralja,Meljan,BEDNJA,Varaždinska,sakralna graditeljska baština,zaštićeno kulturno dobro,17. st. do 18. st.
Z-1066,Pil Madone,Bednja,BEDNJA,Varaždinska,sakralna graditeljska baština,zaštićeno kulturno dobro,17. st.
Z-3942,Pil Pieta,Beretinec,BERETINEC,Varaždinska,sakralna graditeljska baština,zaštićeno kulturno dobro,1830. god.
Z-1438,Crkva Blažene Djevice Marije (Miklova kapela),Križanče,CESTICA,Varaždinska,sakralna graditeljska baština,zaštićeno kulturno dobro,1872. god.
Z-1439,Crkva sv. Lovre,Mali Lovrečan,CESTICA,Varaždinska,sakralna graditeljska baština,zaštićeno kulturno dobro,18. st.
Z-3940,Pil Tužnog Krista,Kolarovec,CESTICA,Varaždinska,sakralna graditeljska baština,zaštićeno kulturno dobro,17. st.
Z-3941,Pil sa skulpturom Tužnog Krista,Dubrava Križovljanska,CESTICA,Varaždinska,sakralna graditeljska baština,zaštićeno kulturno dobro,1674. god.
Z-1077,Crkva sv. Martina i kurija župnog dvora,Donja Voća,DONJA VOĆA,Varaždinska,sakralno-profana graditeljska baština,zaštićeno kulturno dobro,18. st.
Z-1076,Crkva sv. Tome,Donja Voća,DONJA VOĆA,Varaždinska,sakralna graditeljska baština,zaštićeno kulturno dobro,16. st. do 18. st.
Z-1096,Crkva Blažene Djevice Marije,Radovan,IVANEC,Varaždinska,sakralna graditeljska baština,zaštićeno kulturno dobro,18. st.
Z-1441,Crkva sv. Elizabete i kurija župnog dvora,Jalžabet,JALŽABET,Varaždinska,sakralno-profana graditeljska baština,zaštićeno kulturno dobro,18. st. do 19. st.
Z-1237,Crkva sv. Jakova,Jakopovec,JALŽABET,Varaždinska,sakralna graditeljska baština,zaštićeno kulturno dobro,14. st. do 19. st.
Z-1440,Crkva sv. Klementa,Kelemen,JALŽABET,Varaždinska,sakralna graditeljska baština,zaštićeno kulturno dobro,14. st. do 18. st.
Z-1930,Pil sv. Florijana,Kelemen,JALŽABET,Varaždinska,sakralna graditeljska baština,zaštićeno kulturno dobro,19. st.
Z-1932,Pil sv. Jakoba,Jakopovec,JALŽABET,Varaždinska,sakralna graditeljska baština,zaštićeno kulturno dobro,18. st.
Z-1103,Crkva sv. Wolfganga i župna kuća,Vukovoj,KLENOVNIK,Varaždinska,sakralno-profana graditeljska baština,zaštićeno kulturno dobro,16. st. do 19. st.
Z-1084,Kameni spomenik sv. Ivana Nepomuka,Klenovnik,KLENOVNIK,Varaždinska,sakralna graditeljska baština,zaštićeno kulturno dobro,1766. god.
Z-882,"Crkva Bezgrešnog začeća Blažene Djevice Marije, bivši pavlinski samostan i Gostinjac",Lepoglava,LEPOGLAVA,Varaždinska,sakralno-profana graditeljska baština,zaštićeno kulturno dobro,17. st. do 18. st.
Z-1105,Crkva Majke Božje Sniježne (sv. Helene),Žarovnica,LEPOGLAVA,Varaždinska,sakralna graditeljska baština,zaštićeno kulturno dobro,18. st.
Z-885,Crkva sv. Jurja,Lepoglava,LEPOGLAVA,Varaždinska,sakralna graditeljska baština,zaštićeno kulturno dobro,1749. god.
Z-1082,Crkva sv. Tome,Kamenica,LEPOGLAVA,Varaždinska,sakralna graditeljska baština,zaštićeno kulturno dobro,1867. god.
Z-1065,Crkva Srca Isusova,Apatija,LUDBREG,Varaždinska,sakralna graditeljska baština,zaštićeno kulturno dobro,20. st.
Z-7111,Crkva sv. Antuna,Selnik,LUDBREG,Varaždinska,sakralna graditeljska baština,zaštićeno kulturno dobro,17. st. do 19. st.
Z-4751,Crkva sv. Oca Nikolaja,Čukovec,LUDBREG,Varaždinska,sakralna graditeljska baština,zaštićeno kulturno dobro,18. st.
Z-3437,Crkva Žalosne Gospe,Ludbreg,LUDBREG,Varaždinska,sakralna graditeljska baština,zaštićeno kulturno dobro,1765. god.
Z-1106,Crkva Blažene Djevice Marije,Županec,MALI BUKOVEC,Varaždinska,sakralna graditeljska baština,zaštićeno kulturno dobro,14. st. do 18. st.
Z-1239,Crkva sv. Katarine,Mali Bukovec,MALI BUKOVEC,Varaždinska,sakralna graditeljska baština,zaštićeno kulturno dobro,1757. god. do 1758. god.
Z-3442,Pil sv. Florijana,Mali Bukovec,MALI BUKOVEC,Varaždinska,sakralna graditeljska baština,zaštićeno kulturno dobro,1800. god.
Z-1090,Crkva sv. Martina i župni dvor,Martijanec,MARTIJANEC,Varaždinska,sakralno-profana graditeljska baština,zaštićeno kulturno dobro,18. st.
Z-1097,Crkva Blažene Djevice Marije i župni dvor,Remetinec,NOVI MAROF,Varaždinska,sakralno-profana graditeljska baština,zaštićeno kulturno dobro,15. st. do 17. st.
Z-2617,Crkva sv. Katarine,Nova Ves Petrijanečka,PETRIJANEC,Varaždinska,sakralna graditeljska baština,zaštićeno kulturno dobro,17. st.
Z-2278,Crkva sv. Petra i Pavla i kurija župnog dvora,Petrijanec,PETRIJANEC,Varaždinska,sakralno-profana graditeljska baština,zaštićeno kulturno dobro,14. st. do 19. st.
Z-1937,Grobna kapela obitelji Bombelles,Zelendvor,PETRIJANEC,Varaždinska,sakralna graditeljska baština,zaštićeno kulturno dobro,18. st. do 19. st.
Z-1929,Pil s likom Trpećeg Isusa (Krista Premišljevača),Majerje,PETRIJANEC,Varaždinska,sakralna graditeljska baština,zaštićeno kulturno dobro,18. st.
Z-1926,Pil s likom Trpećeg Isusa (Krista Premišljevača),Petrijanec,PETRIJANEC,Varaždinska,sakralna graditeljska baština,zaštićeno kulturno dobro,18. st.
Z-1927,Pil sv. Florijana,Petrijanec,PETRIJANEC,Varaždinska,sakralna graditeljska baština,zaštićeno kulturno dobro,1832. god.
Z-1928,Pil sv. Jurja na konju,Petrijanec,PETRIJANEC,Varaždinska,sakralna graditeljska baština,zaštićeno kulturno dobro,1764. god.
Z-2276,Poklonac Kraljice Marije s Isusom,Družbinec,PETRIJANEC,Varaždinska,sakralna graditeljska baština,zaštićeno kulturno dobro,1867. god.
Z-1938,Crkva sv. Benedikta,Svibovec Podravski,SRAČINEC,Varaždinska,sakralna graditeljska baština,zaštićeno kulturno dobro,14. st.
Z-3938,Crkva sv. Ilije i kurija župnog dvora,Sveti Ilija,SVETI ILIJA,Varaždinska,sakralno-profana graditeljska baština,zaštićeno kulturno dobro,1912. god. do 1914. god.
Z-1575,Crkva sv. Bartola i župni dvor,Bartolovec,TRNOVEC BARTOLOVEČKI,Varaždinska,sakralno-profana graditeljska baština,zaštićeno kulturno dobro,13. st. do 20. st.
N-19,Crkva Uznesenja Blažene Djevice Marije,Varaždin,VARAŽDIN,Varaždinska,sakralna graditeljska baština,kulturno dobro od nacionalnog značenja,1642. god. do 1656. god.
Z-888,Crkva Uznesenja Blažene Djevice Marije,Varaždin,VARAŽDIN,Varaždinska,sakralna graditeljska baština,zaštićeno kulturno dobro,1642. god. do 1656. god.
Z-2266,Crkva Uznesenja Blažene Djevice Marije i kurija župnog dvora,Varaždin,VARAŽDIN,Varaždinska,sakralno-profana graditeljska baština,zaštićeno kulturno dobro,13. st. do 17. st.
Z-2945,Crkva sv. Georgija,Varaždin,VARAŽDIN,Varaždinska,sakralna graditeljska baština,zaštićeno kulturno dobro,1884. god.
Z-2269,Crkva sv. Trojstva i kapucinski samostan,Varaždin,VARAŽDIN,Varaždinska,sakralna graditeljska baština,zaštićeno kulturno dobro,1701. god. do 1705. god.
Z-2275,Crkva sv.Ivana Krstitelja i franjevački samostan,Varaždin,VARAŽDIN,Varaždinska,sakralna graditeljska baština,zaštićeno kulturno dobro,17. st.
Z-2613,Kameni spomenik sa skulpturom Immaculatae,Varaždin,VARAŽDIN,Varaždinska,sakralna graditeljska baština,zaštićeno kulturno dobro,1728. god.
Z-2272,Kameni spomenik sv. Ivana Nepomuka,Varaždin,VARAŽDIN,Varaždinska,sakralna graditeljska baština,zaštićeno kulturno dobro,1767. god.
Z-2612,Kameni spomenik sv. Trojstva (Prijestolje milosti),Varaždin,VARAŽDIN,Varaždinska,sakralna graditeljska baština,zaštićeno kulturno dobro,1682. god.
Z-3944,Pavlinski samostan,Varaždin,VARAŽDIN,Varaždinska,sakralna graditeljska baština,zaštićeno kulturno dobro,17. st.
Z-3464,Skulptura Grgura Ninskog,Varaždin,VARAŽDIN,Varaždinska,sakralna graditeljska baština,zaštićeno kulturno dobro,20. st.
Z-1101,Pil sv. Ivana Nepomuka,Veliki Bukovec,VELIKI BUKOVEC,Varaždinska,sakralna graditeljska baština,zaštićeno kulturno dobro,1767. god.
Z-1931,Pil s likom Trpećeg Isusa (Krista Premišljevača),Vidovec,VIDOVEC,Varaždinska,sakralna graditeljska baština,zaštićeno kulturno dobro,17. st.
Z-4548,Crkva sv. Marka i kurija župnog dvora,Marčan,VINICA,Varaždinska,sakralno-profana graditeljska baština,zaštićeno kulturno dobro,13. st. do 19. st.
Z-1936,Pil sv. Benedikta,Vinica,VINICA,Varaždinska,sakralna graditeljska baština,zaštićeno kulturno dobro,18. st.
Z-1935,Zdenac s kipom sv. Ivana Nepomuka,Vinica,VINICA,Varaždinska,sakralna graditeljska baština,zaštićeno kulturno dobro,18. st.
Z-7384,Crkva sv. Marije Magdalene,Vinično,VISOKO,Varaždinska,sakralna graditeljska baština,zaštićeno kulturno dobro,14. st. do 19. st.
Z-368,Crkva sv. Lovre,Crkvari,ORAHOVICA,Virovitičko-podravska,sakralna graditeljska baština,zaštićeno kulturno dobro,15. st.
Z-2195,Crkva sv. Trojstva,Turnašica,PITOMAČA,Virovitičko-podravska,sakralna graditeljska baština,zaštićeno kulturno dobro,1334. god.
Z-371,Crkva sv. Trojice,Gornji Miholjac,SLATINA,Virovitičko-podravska,sakralna graditeljska baština,zaštićeno kulturno dobro,1793. god.
Z-383,Samostan i samostanska crkva sv. Roka,Virovitica,VIROVITICA,Virovitičko-podravska,sakralna graditeljska baština,zaštićeno kulturno dobro,1740. god. do 1752. god.
Z-385,Crkva Blažene Djevice Marije,Voćin,VOĆIN,Virovitičko-podravska,sakralna graditeljska baština,zaštićeno kulturno dobro,15. st.
Z-372,Crkva sv. Georgija,Lisičine,VOĆIN,Virovitičko-podravska,sakralna graditeljska baština,zaštićeno kulturno dobro,18. st.
Z-1163,"Ruševine Opatije Poljana ""Rokovačka zidina""",Rokovci,ANDRIJAŠEVCI,Vukovarsko-srijemska,sakralna graditeljska baština,zaštićeno kulturno dobro,1415. god.
Z-1143,Crkva sv. Mihovila,Cerna,CERNA,Vukovarsko-srijemska,sakralna graditeljska baština,zaštićeno kulturno dobro,15. st. do 18. st.
Z-1145,Crkva sv. Mihaela,Drenovci,DRENOVCI,Vukovarsko-srijemska,sakralna graditeljska baština,zaštićeno kulturno dobro,1797. god.
Z-1147,Turski mauzolej - Turbe,Ilok,ILOK,Vukovarsko-srijemska,sakralna graditeljska baština,zaštićeno kulturno dobro,1526. god. do 1688. god.
Z-7386,Poklonac Blažene Djevice Marije od krunice (Sv. Rožarije),Prkovci,IVANKOVO,Vukovarsko-srijemska,sakralna graditeljska baština,zaštićeno kulturno dobro,1910. god. do 1910. god.
Z-1160,Crkva sv. Velikomučenika Georgija,Opatovac,LOVAS,Vukovarsko-srijemska,sakralna graditeljska baština,zaštićeno kulturno dobro,1802. god.
Z-1155,Crkva sv. Duha,Markušica,MARKUŠICA,Vukovarsko-srijemska,sakralna graditeljska baština,zaštićeno kulturno dobro,1810. god.
Z-5174,Crkva sv. Georgija,Marinci,NUŠTAR,Vukovarsko-srijemska,sakralna graditeljska baština,zaštićeno kulturno dobro,1758. god.
Z-1144,Crkva Vavedenja Bogorodice,Čakovci,TOMPOJEVCI,Vukovarsko-srijemska,sakralna graditeljska baština,zaštićeno kulturno dobro,1762. god.
Z-1170,Crkva sv. Bartola i Mateja,Tovarnik,TOVARNIK,Vukovarsko-srijemska,sakralna graditeljska baština,zaštićeno kulturno dobro,1804. god.
Z-6701,Crkva sv. Velikomučenika Georgija,Tovarnik,TOVARNIK,Vukovarsko-srijemska,sakralna graditeljska baština,zaštićeno kulturno dobro,1797. god. do 1799. god.
Z-4423,Kip sv. Trojstva,Vinkovci,VINKOVCI,Vukovarsko-srijemska,sakralna graditeljska baština,zaštićeno kulturno dobro,19. st.
Z-4427,Župni dvor,Vinkovci,VINKOVCI,Vukovarsko-srijemska,sakralno-profana graditeljska baština,zaštićeno kulturno dobro,18. st. do 19. st.
ROS-0708-1988.,Crkva sv. Petke,Vukovar,VUKOVAR,Vukovarsko-srijemska,sakralna graditeljska baština,zaštićeno kulturno dobro,1808. god. do 1811. god.
Z-1183,Franjevački samostan i crkva sv. Filipa i Jakova,Vukovar,VUKOVAR,Vukovarsko-srijemska,sakralno-profana graditeljska baština,zaštićeno kulturno dobro,1723. st. do 1736. st.
Z-1184,Mauzolej obitelji Eltz (Kapela Uzašašća Kristova),Vukovar,VUKOVAR,Vukovarsko-srijemska,sakralna graditeljska baština,zaštićeno kulturno dobro,1907. god. do 1909. god.
Z-1185,Saborni hram sv. Oca Nikolaja,Vukovar,VUKOVAR,Vukovarsko-srijemska,sakralna graditeljska baština,zaštićeno kulturno dobro,1737. god.
Z-7327,Crkva Uznesenja BDM,Perušić Benkovački,BENKOVAC,Zadarska,sakralna graditeljska baština,zaštićeno kulturno dobro,14. st. do 18. st.
RST-1065,Crkva sv. Jeronima,Korlat,BENKOVAC,Zadarska,sakralna graditeljska baština,zaštićeno kulturno dobro,
N-8,Crkva sv. Nikole,Kula Atlagić,BENKOVAC,Zadarska,sakralna graditeljska baština,kulturno dobro od nacionalnog značenja,1446. god.
Z-1221,Crkva sv. Nikole,Kula Atlagić,BENKOVAC,Zadarska,sakralna graditeljska baština,zaštićeno kulturno dobro,1446. god.
Z-1222,Crkva sv. Petra,Kula Atlagić,BENKOVAC,Zadarska,sakralna graditeljska baština,zaštićeno kulturno dobro,11. st.
Z-1213,Crkva sv. Đurđa i okolno groblje,Gornje Biljane,BENKOVAC,Zadarska,sakralna graditeljska baština,zaštićeno kulturno dobro,14. st. do 18. st.
N-27,Kaštel Benković i crkva sv. Ante,Benkovac,BENKOVAC,Zadarska,sakralno-profana graditeljska baština,kulturno dobro od nacionalnog značenja,
Z-1212,Kaštel Benković i crkva sv. Ante,Benkovac,BENKOVAC,Zadarska,sakralno-profana graditeljska baština,zaštićeno kulturno dobro,15. st. do 18. st.
Z-4197,Mauzolej obitelji Meštrović,Benkovac,BENKOVAC,Zadarska,sakralna graditeljska baština,zaštićeno kulturno dobro,1905. god.
Z-6004,Crkva Rođenja Presvete Bogorodice,Mazin,GRAČAC,Zadarska,sakralna graditeljska baština,zaštićeno kulturno dobro,1775. god. do 1872. god.
Z-6024,Crkva sv. Proroka Ilije,Velika Popina,GRAČAC,Zadarska,sakralna graditeljska baština,zaštićeno kulturno dobro,1876. god.
Z-6350,Pravoslavna Crkva sv. Paraskeve (sv. Petke),Pribudić,GRAČAC,Zadarska,sakralna graditeljska baština,zaštićeno kulturno dobro,19. st. do 20. st.
Z-841,Crkva sv. Vida,Kolan,KOLAN,Zadarska,sakralna graditeljska baština,zaštićeno kulturno dobro,14. st.
Z-1570,Crkva Gospe od Sniga,Kukljica,KUKLJICA,Zadarska,sakralna graditeljska baština,zaštićeno kulturno dobro,17. st. do 18. st.
Z-2382,Crkva sv. Jeronima,Kukljica,KUKLJICA,Zadarska,sakralna graditeljska baština,zaštićeno kulturno dobro,14. st.
N-35,Crkva sv. Asela (Anselma),Nin,NIN,Zadarska,sakralna graditeljska baština,kulturno dobro od nacionalnog značenja,5. st. do 18. st.
Z-1196,Crkva sv. Asela (Anselma),Nin,NIN,Zadarska,sakralna graditeljska baština,zaštićeno kulturno dobro,5. st. do 18. st.
Z-1195,Crkva sv. Križa i okolno područje s prapovijesnim i antičkim nalazima,Nin,NIN,Zadarska,sakralna graditeljska baština,zaštićeno kulturno dobro,10 st.p.n.e. do 9. st.
Z-1200,Crkva sv. Martina,Pridraga,NOVIGRAD,Zadarska,sakralna graditeljska baština,zaštićeno kulturno dobro,6. st.
Z-1220,Manastir i crkva Uspenja Bogorodice,Krupa,OBROVAC,Zadarska,sakralno-profana graditeljska baština,zaštićeno kulturno dobro,14. st. do 17. st.
Z-3430,Ostaci crkve sv. Jurja na groblju,Kruševo,OBROVAC,Zadarska,sakralna graditeljska baština,zaštićeno kulturno dobro,5. st. do 18. st.
Z-1215,Samostan i crkva Bezgrešnog začeća Marijina (Gospe od Anđela),Gornji Karin,OBROVAC,Zadarska,sakralno-profana graditeljska baština,zaštićeno kulturno dobro,15. st. do 18. st.
Z-844,Benediktinski samostan i crkva sv. Margarete,Pag,PAG,Zadarska,sakralno-profana graditeljska baština,zaštićeno kulturno dobro,15. st. do 16. st.
Z-163,Crkva Marijina Uznesenja u Starom Pagu,Pag,PAG,Zadarska,sakralna graditeljska baština,zaštićeno kulturno dobro,11. st. do 16. st.
Z-1231,Crkva sv. Andrije,Vrgada,PAKOŠTANE,Zadarska,sakralna graditeljska baština,zaštićeno kulturno dobro,9. st.
N-28,Samostan sv. Duje,Kraj,PAŠMAN,Zadarska,sakralno-profana graditeljska baština,kulturno dobro od nacionalnog značenja,13. st. do 16. st.
Z-1219,Samostan sv. Duje,Kraj,PAŠMAN,Zadarska,sakralno-profana graditeljska baština,zaštićeno kulturno dobro,13. st. do 16. st.
Z-1331,Crkva sv. Duha,Posedarje,POSEDARJE,Zadarska,sakralna graditeljska baština,zaštićeno kulturno dobro,12. st.
Z-1201,Crkva sv. Marije,Posedarje,POSEDARJE,Zadarska,sakralna graditeljska baština,zaštićeno kulturno dobro,12. st. do 18. st.
Z-4254,Crkva sv. Hipolita i Kasijana,Ugljan,PREKO,Zadarska,sakralna graditeljska baština,zaštićeno kulturno dobro,
Z-1333,Samostan i crkva sv. Jeronima,Ugljan,PREKO,Zadarska,sakralno-profana graditeljska baština,zaštićeno kulturno dobro,
Z-1565,Samostan sv. Pavla,Preko,PREKO,Zadarska,sakralno-profana graditeljska baština,zaštićeno kulturno dobro,15. st. do 16. st.
Z-2383,Crkva i samostan sv. Mihovila,Zaglav,SALI,Zadarska,sakralno-profana graditeljska baština,zaštićeno kulturno dobro,1458. god.
Z-6277,Crkva sv. Marije Magdalene (Mandaline) u zaseoku Sv. Marija Magdalena (Mandalina),Tribanj,STARIGRAD,Zadarska,sakralna graditeljska baština,zaštićeno kulturno dobro,12. st. do 19. st.
Z-1206,Crkva Gospe od Milosrđa,Sukošan,SUKOŠAN,Zadarska,sakralna graditeljska baština,zaštićeno kulturno dobro,1650. god.
Z-2806,Crkva Uznesenja Blažene Djevice Marije na groblju,Turanj,SVETI FILIP I JAKOV,Zadarska,sakralna graditeljska baština,zaštićeno kulturno dobro,9. st. do 15. st.
Z-1228,Crkva sv. Roka (sv. Mihovil),Sveti Filip i Jakov,SVETI FILIP I JAKOV,Zadarska,sakralna graditeljska baština,zaštićeno kulturno dobro,11. st. do 14. st.
Z-3207,Stara župna crkva sv. Mihovila,Sveti Filip i Jakov,SVETI FILIP I JAKOV,Zadarska,sakralna graditeljska baština,zaštićeno kulturno dobro,14. st. do 19. st.
Z-6444,Crkva Gospe Žalosne,Tkon,TKON,Zadarska,sakralna graditeljska baština,zaštićeno kulturno dobro,18. st.
Z-6475,Crkva sv. Antuna Opata,Tkon,TKON,Zadarska,sakralna graditeljska baština,zaštićeno kulturno dobro,1672. god.
Z-1229,Samostan sv. Kuzme i Damjana,Tkon,TKON,Zadarska,sakralno-profana graditeljska baština,zaštićeno kulturno dobro,12. st. do 14. st.
Z-763,Crkva Gospe od Kaštela (Gospe od Zdravlja),Zadar,ZADAR,Zadarska,sakralna graditeljska baština,zaštićeno kulturno dobro,16. st. do 18. st.
Z-4257,Crkva Rođenje Blažene Djevice Marije (sv. Jakov),Premuda,ZADAR,Zadarska,sakralna graditeljska baština,zaštićeno kulturno dobro,1610. god.
Z-2627,Crkva Uznesenja Blažene Djevice Marije (Gospa Maslinska),Zadar,ZADAR,Zadarska,sakralna graditeljska baština,zaštićeno kulturno dobro,12. st. do 18. st.
Z-1194,Crkva Uznesenja Blažene Djevice Marije i groblje,Zadar,ZADAR,Zadarska,sakralna graditeljska baština,zaštićeno kulturno dobro,16. st. do 19. st.
Z-739,Crkva sv. Andrije i sv. Petra Starog,Zadar,ZADAR,Zadarska,sakralna graditeljska baština,zaštićeno kulturno dobro,5. st. do 9. st.
Z-4255,"Crkva sv. Ciriaka (Kiriak, Krial, Kriaka)",Premuda,ZADAR,Zadarska,sakralna graditeljska baština,zaštićeno kulturno dobro,16. st. do 17. st.
Z-742,Crkva sv. Frane i samostan franjevaca,Zadar,ZADAR,Zadarska,sakralno-profana graditeljska baština,zaštićeno kulturno dobro,13. st. do 16. st.
Z-762,Crkva sv. Ilije i zgrada uz nju,Zadar,ZADAR,Zadarska,sakralna graditeljska baština,zaštićeno kulturno dobro,18. st.
Z-1338,Crkva sv. Ivana Krstitelja,Zadar,ZADAR,Zadarska,sakralna graditeljska baština,zaštićeno kulturno dobro,5. st. do 20. st.
Z-741,Crkva sv. Marije i samostan benediktinki,Zadar,ZADAR,Zadarska,sakralno-profana graditeljska baština,zaštićeno kulturno dobro,11. st. do 18. st.
Z-1189,Crkva sv. Petra,Zadar,ZADAR,Zadarska,sakralna graditeljska baština,zaštićeno kulturno dobro,12. st. do 15. st.
Z-760,Crkva sv. Šimuna,Zadar,ZADAR,Zadarska,sakralna graditeljska baština,zaštićeno kulturno dobro,5. st. do 18. st.
Z-759,Episkopalni kompleks,Zadar,ZADAR,Zadarska,sakralno-profana graditeljska baština,zaštićeno kulturno dobro,5. st. do 19. st.
Z-754,Kompleks ženskog odgajališta sv. Dimitrija,Zadar,ZADAR,Zadarska,sakralno-profana graditeljska baština,zaštićeno kulturno dobro,20. st.
Z-1337,Ostaci samostana sv. Nikole sa crkvom i zvonikom,Zadar,ZADAR,Zadarska,sakralno-profana graditeljska baština,zaštićeno kulturno dobro,12. st. do 18. st.
Z-1332,Crkva sv. Marije na Ambaru,Škabrnja,ŠKABRNJA,Zadarska,sakralna graditeljska baština,zaštićeno kulturno dobro,9. god. do 17. god.
Z-3526,Kompleks crkve sv. Nikole,Poljanica Bistranska,BISTRA,Zagrebačka,sakralno-profana graditeljska baština,zaštićeno kulturno dobro,17. st. do 20. st.
Z-3836,Kapela Pohođenja Marijinog,Brckovljani,BRCKOVLJANI,Zagrebačka,sakralna graditeljska baština,zaštićeno kulturno dobro,1864. god.
Z-2302,Crkva sv. Margarete,Dubrava,DUBRAVA,Zagrebačka,sakralna graditeljska baština,zaštićeno kulturno dobro,15. st. do 18. st.
Z-5943,Kapela Majke Božje Lušačke na groblju,Rozga,DUBRAVICA,Zagrebačka,sakralna graditeljska baština,zaštićeno kulturno dobro,17. st. do 19. st.
Z-7363,Župna crkva sv. Martina biskupa,Dugo Selo,DUGO SELO,Zagrebačka,sakralna graditeljska baština,zaštićeno kulturno dobro,1900. god.
Z-2834,Crkva sv. Arhangela Mihajla i Gavrila,Bolč,FARKAŠEVAC,Zagrebačka,sakralna graditeljska baština,zaštićeno kulturno dobro,18. st.
Z-2071,Crkva sv. Jakova,Ivanić-Grad,IVANIĆ-GRAD,Zagrebačka,sakralna graditeljska baština,zaštićeno kulturno dobro,19. st.
Z-1572,Crkva sv. Maksimilijana i župni dvor,Posavski Bregi,IVANIĆ-GRAD,Zagrebačka,sakralno-profana graditeljska baština,zaštićeno kulturno dobro,1815. god.
Z-1890,Crkva sv. Margarete,Gornja Kupčina,JASTREBARSKO,Zagrebačka,sakralna graditeljska baština,zaštićeno kulturno dobro,19. st.
Z-1882,Crkva sv. Pavla,Pavlovčani,JASTREBARSKO,Zagrebačka,sakralna graditeljska baština,zaštićeno kulturno dobro,14. st. do 19. st.
Z-1453,Franjevački samostan s crkvom Uznesenja Blažene Djevice Marije,Jastrebarsko,JASTREBARSKO,Zagrebačka,sakralna graditeljska baština,zaštićeno kulturno dobro,16. st. do 18. st.
Z-1886,Crkva Rođenja Blažene Djevice Marije,Novo Selo Okićko,KLINČA SELA,Zagrebačka,sakralna graditeljska baština,zaštićeno kulturno dobro,15. st. do 19. st.
Z-2250,Franjevački samostan i crkva sv. Ivana Krstitelja,Kloštar Ivanić,KLOŠTAR IVANIĆ,Zagrebačka,sakralna graditeljska baština,zaštićeno kulturno dobro,15. st. do 18. st.
Z-1777,Crkva sv. Mihovila,Gornje Prekrižje,KRAŠIĆ,Zagrebačka,sakralna graditeljska baština,zaštićeno kulturno dobro,17. st. do 18. st.
Z-2067,Kompleks dvora i kapele sv. Marije,Strmac Pribićki,KRAŠIĆ,Zagrebačka,sakralno-profana graditeljska baština,zaštićeno kulturno dobro,17. st. do 20. st.
Z-6181,Kapela sv. Križa u Križu Brdovečkom,Marija Gorica,MARIJA GORICA,Zagrebačka,sakralna graditeljska baština,zaštićeno kulturno dobro,14. st. do 19. st.
Z-2631,Crkva sv. Martina sa župnim dvorom,Jamnica Pisarovinska,PISAROVINA,Zagrebačka,sakralno-profana graditeljska baština,zaštićeno kulturno dobro,18. st.
Z-1723,Crkva Uznesenja Blažene Djevice Marije (sv. Ladislava),Pokupsko,POKUPSKO,Zagrebačka,sakralna graditeljska baština,zaštićeno kulturno dobro,18. st.
Z-3991,Crkva sv. Majke Božje Lauretanske,Pogančec,PRESEKA,Zagrebačka,sakralna graditeljska baština,zaštićeno kulturno dobro,18. st.
Z-3765,Crkva sv. Katarine,Hrebine,PUŠĆA,Zagrebačka,sakralna graditeljska baština,zaštićeno kulturno dobro,16. st. do 19. st.
Z-1454,Crkva sv. Martina pod Okićem,Sveti Martin Pod Okićem,SAMOBOR,Zagrebačka,sakralna graditeljska baština,zaštićeno kulturno dobro,13. st. do 19. st.
Z-1583,Kapela sv. Petronile,Budinjak,SAMOBOR,Zagrebačka,sakralna graditeljska baština,zaštićeno kulturno dobro,1827. god.
Z-1459,Crkva Presvetog Trojstva,Sveta Nedelja,SVETA NEDELJA,Zagrebačka,sakralna graditeljska baština,zaštićeno kulturno dobro,14. st. do 18. st.
Z-1878,Crkva Sedam žalosti Blažene Djevice Marije,Prepolno,SVETI IVAN ZELINA,Zagrebačka,sakralna graditeljska baština,zaštićeno kulturno dobro,1807. god.
Z-2769,Crkva sv. Ane,Donja Zelina,SVETI IVAN ZELINA,Zagrebačka,sakralna graditeljska baština,zaštićeno kulturno dobro,19. st.
Z-2063,Crkva sv. Jelene,Sveta Helena,SVETI IVAN ZELINA,Zagrebačka,sakralna graditeljska baština,zaštićeno kulturno dobro,16. st. do 19. st.
Z-2833,Crkva sv. Jurja,Gornje Psarjevo,SVETI IVAN ZELINA,Zagrebačka,sakralna graditeljska baština,zaštićeno kulturno dobro,1860. god.
Z-1885,Kapela sv. Petra,Novo Mjesto,SVETI IVAN ZELINA,Zagrebačka,sakralna graditeljska baština,zaštićeno kulturno dobro,13. st. do 20. st.
Z-3716,Kip sv. Antuna Padovanskog,Sveti Ivan Zelina,SVETI IVAN ZELINA,Zagrebačka,sakralna graditeljska baština,zaštićeno kulturno dobro,1822. god.
Z-4070,Crkva Gospe Snježne,Dubranec,VELIKA GORICA,Zagrebačka,sakralna graditeljska baština,zaštićeno kulturno dobro,18. st. do 19. st.
Z-5499,Crkva Ranjenog Isusa,Velika Gorica,VELIKA GORICA,Zagrebačka,sakralna graditeljska baština,zaštićeno kulturno dobro,1757. god. do 1896. god.
Z-2911,Crkva sv. Ivana Krstitelja,Buševec,VELIKA GORICA,Zagrebačka,sakralna graditeljska baština,zaštićeno kulturno dobro,17. st. do 18. st.
Z-7370,Poklonac Tužnoga Krista,Ščitarjevo,VELIKA GORICA,Zagrebačka,sakralna graditeljska baština,zaštićeno kulturno dobro,18. st. do 20. st.
Z-4250,Stari župni dvor,Staro Čiće,VELIKA GORICA,Zagrebačka,sakralno-profana graditeljska baština,zaštićeno kulturno dobro,1831. god.
Z-3654,Grobnica obitelji d’Havlin i de Piennes,Vrbovec,VRBOVEC,Zagrebačka,sakralno-profana graditeljska baština,zaštićeno kulturno dobro,1912. st.
Z-3163,Kapela Uznesenja Blažene Djevice Marije i ostaci dvorca,Gornji Tkalec,VRBOVEC,Zagrebačka,sakralno-profana graditeljska baština,zaštićeno kulturno dobro,17. st. do 18. st.
Z-1893,Crkva Majke Božje Žalosne,Kostanjevac,ŽUMBERAK,Zagrebačka,sakralna graditeljska baština,zaštićeno kulturno dobro,17. st. do 19. st.
Z-1887,"Crkva sv. Nikole sa župnim dvorom, gospodarskom zgradom i pilom",Žumberak,ŽUMBERAK,Zagrebačka,sakralno-profana graditeljska baština,zaštićeno kulturno dobro,16. st. do 19. st.
Z-5702,Grkokatolička crkva sv. Petra i Pavla i katolička kapela Uznesenja Blažene Djevice Marije,Sošice,ŽUMBERAK,Zagrebačka,sakralno-profana graditeljska baština,zaštićeno kulturno dobro,18. st. do 19. st.
RST-0617-1971.,Crkva sv. Luke,Uzdolje,BISKUPIJA,Šibensko-kninska,sakralna graditeljska baština,zaštićeno kulturno dobro,9. god.
Z-4299,Crkva sv. Trojice,Biskupija,BISKUPIJA,Šibensko-kninska,sakralna graditeljska baština,zaštićeno kulturno dobro,18. st. do 19. st.
Z-3662,Crkva Bogorodičinog Pokrova,Kričke,DRNIŠ,Šibensko-kninska,sakralna graditeljska baština,zaštićeno kulturno dobro,19. st.
Z-5021,Ostatak turskog minareta,Drniš,DRNIŠ,Šibensko-kninska,sakralna graditeljska baština,zaštićeno kulturno dobro,16. st.
Z-6039,Crkva sv. Georgija,Radučić,ERVENIK,Šibensko-kninska,sakralna graditeljska baština,zaštićeno kulturno dobro,
Z-6141,Crkva sv. Proroka Ilije,Oton,ERVENIK,Šibensko-kninska,sakralna graditeljska baština,zaštićeno kulturno dobro,
Z-2548,Crkva sv. Ilije,Parčić,KISTANJE,Šibensko-kninska,sakralna graditeljska baština,zaštićeno kulturno dobro,12. st. do 13. st.
RST-0298-1965.,Kompleks manastira sv. Arhanđela Mihaila (Manastir Krka),Kistanje,KISTANJE,Šibensko-kninska,sakralno-profana graditeljska baština,zaštićeno kulturno dobro,18. god. do 19. god.
Z-4376,Crkva i samostan sv. Ante,Knin,KNIN,Šibensko-kninska,sakralno-profana graditeljska baština,zaštićeno kulturno dobro,17. st. do 20. st.
Z-6190,Crkva sv. Georgija,Plavno,KNIN,Šibensko-kninska,sakralna graditeljska baština,zaštićeno kulturno dobro,
Z-6017,Crkva sv. Jovana Krstitelja,Strmica,KNIN,Šibensko-kninska,sakralna graditeljska baština,zaštićeno kulturno dobro,
Z-5951,Crkva sv. Stefana,Golubić,KNIN,Šibensko-kninska,sakralna graditeljska baština,zaštićeno kulturno dobro,
Z-2546,Crkva sv. Marije,Kornati,MURTER - KORNATI,Šibensko-kninska,sakralna graditeljska baština,zaštićeno kulturno dobro,6. st. do 12. st.
Z-2547,Gospina crkva,Kornati,MURTER - KORNATI,Šibensko-kninska,sakralna graditeljska baština,zaštićeno kulturno dobro,1560. god.
Z-3760,Crkva sv. Jurja,Primošten,PRIMOŠTEN,Šibensko-kninska,sakralna graditeljska baština,zaštićeno kulturno dobro,15. st. do 20. st.
Z-5019,Crkva sv. Ivana Trogirskog,Ražanj,ROGOZNICA,Šibensko-kninska,sakralna graditeljska baština,zaštićeno kulturno dobro,14. st. do 18. st.
Z-2057,Crkva Male Gospe,Gradac,RUŽIĆ,Šibensko-kninska,sakralna graditeljska baština,zaštićeno kulturno dobro,11. god. do 20. god.
Z-5619,Crkva i samostan Majke od Milosti na Visovcu,Dubravice,SKRADIN,Šibensko-kninska,sakralno-profana graditeljska baština,zaštićeno kulturno dobro,1345. god. do 1911. god.
Z-5128,Crkva sv. Kate,Dubravice,SKRADIN,Šibensko-kninska,sakralna graditeljska baština,zaštićeno kulturno dobro,15. st. do 18. st.
RST-0717-1973.,Kompleks crkve sv. Bartula i ranokršćanske bazilike,Ždrapanj,SKRADIN,Šibensko-kninska,sakralna graditeljska baština,zaštićeno kulturno dobro,6. st. do 13. st.
Z-2825,Crkva sv. Roka,Jezera,TISNO,Šibensko-kninska,sakralna graditeljska baština,zaštićeno kulturno dobro,17. st.
Z-2817,Župni dvor,Tisno,TISNO,Šibensko-kninska,sakralno-profana graditeljska baština,zaštićeno kulturno dobro,19. st.
RST-0464-1970.,Stara župna crkva,Tribunj,TRIBUNJ,Šibensko-kninska,sakralna graditeljska baština,zaštićeno kulturno dobro,16. st.
Z-4377,Crkva sv. Jurja Mučenika,Unešić,UNEŠIĆ,Šibensko-kninska,sakralna graditeljska baština,zaštićeno kulturno dobro,6. st. do 18. st.
Z-5507,Crkva Gospe Srimske,Srima,VODICE,Šibensko-kninska,sakralna graditeljska baština,zaštićeno kulturno dobro,12. st. do 13. st.
Z-3326,Crkva Gospina Porođenja,Prvić Luka,VODICE,Šibensko-kninska,sakralna graditeljska baština,zaštićeno kulturno dobro,13. st. do 19. st.
Z-4658,Crkva sv. Jurja,Čista Velika,VODICE,Šibensko-kninska,sakralna graditeljska baština,zaštićeno kulturno dobro,13. st.
Z-4657,Crkva sv. Križa,Vodice,VODICE,Šibensko-kninska,sakralna graditeljska baština,zaštićeno kulturno dobro,15. st.
Z-2018,Biskupska palača,Šibenik,ŠIBENIK,Šibensko-kninska,sakralno-profana graditeljska baština,zaštićeno kulturno dobro,14. st. do 19. st.
Z-2551,Crkva Gospe od Griblja,Šibenik,ŠIBENIK,Šibensko-kninska,sakralna graditeljska baština,zaštićeno kulturno dobro,13. st. do 14. st.
Z-5429,Crkva Gospe od Vrhpolja,Vrpolje,ŠIBENIK,Šibensko-kninska,sakralna graditeljska baština,zaštićeno kulturno dobro,18. st.
Z-2030,Crkva Svih Svetih,Šibenik,ŠIBENIK,Šibensko-kninska,sakralna graditeljska baština,zaštićeno kulturno dobro,15. st. do 16. st.
Z-2039,Crkva i samostan sv. Frane,Šibenik,ŠIBENIK,Šibensko-kninska,sakralno-profana graditeljska baština,zaštićeno kulturno dobro,14. st. do 20. st.
Z-2038,Crkva i samostan sv. Lovre,Šibenik,ŠIBENIK,Šibensko-kninska,sakralno-profana graditeljska baština,zaštićeno kulturno dobro,15. god. do 18. god.
Z-2014,Crkva sv. Ane i groblje,Šibenik,ŠIBENIK,Šibensko-kninska,sakralno-profana graditeljska baština,zaštićeno kulturno dobro,15. st. do 17. st.
Z-2037,Crkva sv. Antuna Opata (crkva sv. Krševana),Šibenik,ŠIBENIK,Šibensko-kninska,sakralno-profana graditeljska baština,zaštićeno kulturno dobro,12. st. do 18. st.
Z-2032,Crkva sv. Ivana,Šibenik,ŠIBENIK,Šibensko-kninska,sakralna graditeljska baština,zaštićeno kulturno dobro,14. st. do 16. st.
Z-2033,Crkva sv. Julijana,Šibenik,ŠIBENIK,Šibensko-kninska,sakralna graditeljska baština,zaštićeno kulturno dobro,13. st. do 16. st.
Z-6474,Crkva sv. Jurja,Danilo Biranj,ŠIBENIK,Šibensko-kninska,sakralna graditeljska baština,zaštićeno kulturno dobro,
Z-5201,Crkva sv. Križa,Šibenik,ŠIBENIK,Šibensko-kninska,sakralna graditeljska baština,zaštićeno kulturno dobro,17. st. do 18. st.
Z-2031,Crkva sv. Mare,Šibenik,ŠIBENIK,Šibensko-kninska,sakralna graditeljska baština,zaštićeno kulturno dobro,12. st. do 18. st.
Z-5618,Crkva sv. Margarete,Jadrtovac,ŠIBENIK,Šibensko-kninska,sakralna graditeljska baština,zaštićeno kulturno dobro,18. st.
Z-5202,Crkva sv. Nikole,Šibenik,ŠIBENIK,Šibensko-kninska,sakralna graditeljska baština,zaštićeno kulturno dobro,17. st.
Z-2560,Crkva sv. Petra s okolnim grobljem,Šibenik,ŠIBENIK,Šibensko-kninska,sakralna graditeljska baština,zaštićeno kulturno dobro,12. st. do 13. st.
Z-5506,Crkva sv. Silvestra,Donje Polje,ŠIBENIK,Šibensko-kninska,sakralna graditeljska baština,zaštićeno kulturno dobro,12. st. do 13. st.
Z-2029,Katedrala sv. Jakova,Šibenik,ŠIBENIK,Šibensko-kninska,sakralna graditeljska baština,zaštićeno kulturno dobro,1431. god. do 1535. god.
Z-2007,Nova crkva s dvoranom bratovštine,Šibenik,ŠIBENIK,Šibensko-kninska,sakralno-profana graditeljska baština,zaštićeno kulturno dobro,15. st. do 18. st.
Z-6227,Ostaci kaštela i crkva sv. Ivana,Vrpolje,ŠIBENIK,Šibensko-kninska,sakralna graditeljska baština,zaštićeno kulturno dobro,15. st.
Z-2564,Samostan i crkva sv. Luce,Šibenik,ŠIBENIK,Šibensko-kninska,sakralno-profana graditeljska baština,zaštićeno kulturno dobro,14. st. do 19. st.
Z-6812,Sklop nekadašnjega benediktinskog samostana sv. Katarine,Šibenik,ŠIBENIK,Šibensko-kninska,sakralno-profana graditeljska baština,zaštićeno kulturno dobro,14. st.
Z-2012,Varoška crkva,Šibenik,ŠIBENIK,Šibensko-kninska,sakralna graditeljska baština,zaštićeno kulturno dobro,18. god. do 19. god.
