{"type":"FeatureCollection","features":[{"type":"Feature","id":7,"geometry":{"type":"MultiPolygon","coordinates":[[[[14.303055,44.518031],[14.310409,44.515248],[14.309983,44.513435],[14.311307,44.512459],[14.310007,44.513236],[14.3096,44.512713],[14.31137,44.511903],[14.308422,44.510928],[14.309815,44.508382],[14.314258,44.510312],[14.317445,44.507909],[14.321618,44.508497],[14.32531,44.511074],[14.326918,44.50975],[14.323633,44.507551],[14.323584,44.505236],[14.317897,44.504315],[14.315074,44.505955],[14.312913,44.502745],[14.309043,44.50053],[14.308754,44.498387],[14.304147,44.497577],[14.303144,44.498818],[14.303901,44.500663],[14.299284,44.500581],[14.296371,44.505172],[14.293599,44.505607],[14.29011,44.508809],[14.290429,44.510967],[14.28843,44.511421],[14.28784,44.513995],[14.290109,44.516813],[14.284653,44.517909],[14.285001,44.519669],[14.287363,44.521359],[14.290006,44.521513],[14.296,44.518232],[14.303055,44.518031]]],[[[14.343867,44.558792],[14.343528,44.558352],[14.34345,44.558727],[14.343867,44.558792]]],[[[14.340772,44.560312],[14.336012,44.560915],[14.333246,44.559683],[14.326277,44.565043],[14.324554,44.564957],[14.325622,44.568943],[14.328201,44.568914],[14.335395,44.56538],[14.340772,44.560312]]],[[[14.303052,44.587374],[14.318808,44.578349],[14.319832,44.575248],[14.323476,44.573733],[14.323703,44.569784],[14.321386,44.57001],[14.319475,44.573598],[14.31721,44.574093],[14.310445,44.579504],[14.301947,44.583358],[14.297068,44.587985],[14.295815,44.591977],[14.300195,44.59085],[14.303052,44.587374]]],[[[14.367935,44.590931],[14.367266,44.590578],[14.367475,44.591202],[14.367935,44.590931]]],[[[14.400656,44.645101],[14.398481,44.641261],[14.400454,44.64123],[14.399363,44.635274],[14.39386,44.635626],[14.393343,44.633515],[14.392602,44.628713],[14.396464,44.618184],[14.399424,44.618698],[14.401078,44.61704],[14.403769,44.61674],[14.4034,44.614551],[14.400428,44.613305],[14.406477,44.611946],[14.404166,44.609601],[14.404676,44.607723],[14.408473,44.60624],[14.406564,44.603236],[14.409137,44.602681],[14.41279,44.598983],[14.413051,44.596321],[14.416458,44.590396],[14.415954,44.588335],[14.422952,44.585276],[14.423764,44.581065],[14.427164,44.578452],[14.427814,44.575266],[14.433644,44.574065],[14.432805,44.568075],[14.439281,44.567539],[14.441658,44.563319],[14.445727,44.56237],[14.44565,44.559509],[14.443857,44.556582],[14.448725,44.556604],[14.455483,44.553431],[14.456563,44.549222],[14.460088,44.545091],[14.455475,44.545132],[14.448064,44.552582],[14.442296,44.553572],[14.431981,44.566204],[14.423399,44.569234],[14.427,44.564431],[14.426713,44.561208],[14.424335,44.560951],[14.418999,44.563939],[14.418486,44.565427],[14.415364,44.566244],[14.41192,44.569731],[14.413121,44.574039],[14.408399,44.575089],[14.407344,44.573357],[14.405919,44.575079],[14.405463,44.573889],[14.403242,44.573936],[14.405671,44.572344],[14.403908,44.570517],[14.405597,44.570739],[14.406433,44.569536],[14.404421,44.566695],[14.40711,44.565068],[14.408145,44.559977],[14.403185,44.558237],[14.401258,44.560753],[14.398665,44.561423],[14.398009,44.560161],[14.394122,44.559864],[14.396509,44.556515],[14.39332,44.553953],[14.391095,44.553988],[14.390525,44.556359],[14.386626,44.555693],[14.385929,44.561031],[14.380589,44.55955],[14.377462,44.560821],[14.373783,44.560487],[14.371957,44.562695],[14.368383,44.562092],[14.369297,44.570557],[14.372655,44.57445],[14.376378,44.575591],[14.371158,44.583443],[14.372792,44.589039],[14.379957,44.594268],[14.382101,44.592695],[14.381279,44.589904],[14.384872,44.589601],[14.384795,44.593694],[14.386146,44.595584],[14.385196,44.598225],[14.392782,44.598431],[14.392987,44.603302],[14.383169,44.612247],[14.383512,44.615757],[14.382367,44.616868],[14.383441,44.61828],[14.381396,44.621607],[14.381748,44.626495],[14.37869,44.62703],[14.375945,44.631394],[14.374246,44.631262],[14.372254,44.633052],[14.368602,44.632658],[14.366882,44.634766],[14.367825,44.636907],[14.365356,44.636409],[14.361489,44.638311],[14.359829,44.640366],[14.361834,44.644184],[14.357952,44.643909],[14.355078,44.645673],[14.353506,44.644504],[14.35395,44.642945],[14.351101,44.645936],[14.35469,44.648189],[14.352835,44.649806],[14.355018,44.652775],[14.35203,44.653612],[14.351941,44.653795],[14.350672,44.656358],[14.350079,44.656873],[14.350226,44.657136],[14.34847,44.657446],[14.347293,44.659444],[14.347971,44.661705],[14.344099,44.664034],[14.343685,44.671341],[14.342085,44.673163],[14.339515,44.685125],[14.33994,44.690247],[14.338085,44.693068],[14.338425,44.694363],[14.340272,44.694248],[14.338767,44.696548],[14.338847,44.699457],[14.341735,44.700715],[14.339093,44.701543],[14.34034,44.702927],[14.338353,44.706727],[14.340245,44.712757],[14.341363,44.712184],[14.340919,44.711056],[14.345745,44.709831],[14.347637,44.711528],[14.349661,44.710906],[14.350474,44.708931],[14.348331,44.707095],[14.353897,44.705946],[14.353028,44.70463],[14.355536,44.703132],[14.353507,44.702514],[14.35415,44.701432],[14.357346,44.699193],[14.359193,44.699864],[14.361109,44.698839],[14.361386,44.697068],[14.363531,44.698277],[14.364916,44.696951],[14.366766,44.697259],[14.367821,44.698644],[14.367076,44.700349],[14.368546,44.701149],[14.36962,44.695287],[14.372215,44.699062],[14.379319,44.70124],[14.381157,44.699887],[14.381499,44.697828],[14.384919,44.697216],[14.383361,44.694476],[14.385216,44.693054],[14.387921,44.695164],[14.392307,44.692735],[14.391614,44.68996],[14.394472,44.685555],[14.399138,44.684213],[14.3999,44.682319],[14.398563,44.681116],[14.398348,44.676113],[14.396917,44.675033],[14.395975,44.675746],[14.396094,44.673296],[14.397714,44.671089],[14.398263,44.664578],[14.399348,44.664775],[14.397699,44.65955],[14.399089,44.660513],[14.399924,44.659488],[14.397849,44.656699],[14.400608,44.657433],[14.399599,44.65645],[14.401508,44.65516],[14.399404,44.654254],[14.399418,44.649378],[14.400808,44.650022],[14.400757,44.648901],[14.397564,44.64976],[14.397801,44.646878],[14.396535,44.64588],[14.399558,44.646189],[14.400656,44.645101]]],[[[14.230811,44.635337],[14.231366,44.636065],[14.232775,44.635452],[14.230811,44.635337]]],[[[14.279877,44.681464],[14.285724,44.677053],[14.284682,44.67433],[14.281543,44.674413],[14.282588,44.671],[14.281101,44.67016],[14.282701,44.669172],[14.286306,44.670129],[14.288232,44.668314],[14.286797,44.664856],[14.281989,44.664484],[14.283755,44.662771],[14.283491,44.66088],[14.281967,44.660541],[14.280115,44.657044],[14.274331,44.65637],[14.272212,44.657585],[14.271452,44.660723],[14.26813,44.659852],[14.266923,44.66273],[14.263363,44.664658],[14.263497,44.666783],[14.261565,44.66533],[14.259989,44.666037],[14.262854,44.663141],[14.265682,44.657371],[14.265252,44.655946],[14.262362,44.655216],[14.257225,44.659231],[14.254154,44.65942],[14.258152,44.652399],[14.263699,44.649416],[14.264697,44.642948],[14.266601,44.642147],[14.265999,44.640519],[14.26469,44.639829],[14.260773,44.642558],[14.258938,44.642087],[14.257229,44.645659],[14.254897,44.645936],[14.252432,44.64915],[14.250386,44.649729],[14.258474,44.637371],[14.265194,44.631224],[14.271568,44.621426],[14.28058,44.612434],[14.282594,44.606689],[14.282062,44.605065],[14.280003,44.604251],[14.266136,44.611959],[14.265166,44.614412],[14.25688,44.616809],[14.253419,44.619457],[14.246439,44.620867],[14.24064,44.618868],[14.235657,44.618839],[14.234185,44.624],[14.231178,44.627664],[14.232015,44.630738],[14.241267,44.632009],[14.247686,44.635657],[14.24596,44.638522],[14.242441,44.640701],[14.24253,44.642118],[14.239813,44.64345],[14.240733,44.646382],[14.238844,44.648228],[14.239047,44.652169],[14.238159,44.652529],[14.238937,44.660345],[14.240831,44.659587],[14.243073,44.662138],[14.246665,44.661731],[14.24715,44.663764],[14.250552,44.665006],[14.26067,44.675562],[14.260068,44.678108],[14.261189,44.680152],[14.26524,44.683413],[14.270649,44.683774],[14.27925,44.68938],[14.281165,44.686463],[14.277441,44.683636],[14.277418,44.681725],[14.275922,44.680486],[14.279877,44.681464]]],[[[14.351924,44.653709],[14.351867,44.653814],[14.351939,44.653795],[14.351924,44.653709]]],[[[14.286003,44.66016],[14.285542,44.659154],[14.284226,44.659581],[14.284275,44.660183],[14.286003,44.66016]]],[[[14.255252,44.676824],[14.256464,44.676013],[14.255779,44.675163],[14.25384,44.67519],[14.255252,44.676824]]],[[[14.348757,44.712893],[14.349006,44.712699],[14.348781,44.712727],[14.348757,44.712893]]],[[[14.176814,44.729664],[14.175476,44.727675],[14.174657,44.727637],[14.174513,44.728155],[14.176814,44.729664]]],[[[14.391834,44.7297],[14.39191,44.729539],[14.391792,44.729588],[14.391834,44.7297]]],[[[14.320542,44.784648],[14.313366,44.772093],[14.313542,44.765097],[14.310841,44.760099],[14.308472,44.758185],[14.304288,44.758538],[14.300976,44.765191],[14.30322,44.76868],[14.302701,44.7705],[14.308849,44.775919],[14.308749,44.778105],[14.305375,44.778879],[14.305547,44.779936],[14.312875,44.785503],[14.316671,44.791903],[14.319223,44.791555],[14.320862,44.789481],[14.320542,44.784648]]],[[[14.319091,44.775093],[14.318071,44.774556],[14.318682,44.775761],[14.319091,44.775093]]],[[[14.348114,44.775278],[14.347547,44.77653],[14.348564,44.77749],[14.351522,44.776554],[14.348114,44.775278]]],[[[14.302591,44.776913],[14.300938,44.777393],[14.303984,44.777945],[14.302591,44.776913]]],[[[14.303384,44.781671],[14.304297,44.781458],[14.303307,44.781248],[14.303384,44.781671]]],[[[14.367903,44.800825],[14.36888,44.802487],[14.366803,44.804841],[14.363615,44.805961],[14.364118,44.807533],[14.360899,44.811328],[14.360163,44.8148],[14.357337,44.817062],[14.349303,44.818971],[14.348022,44.818124],[14.34959,44.817476],[14.346805,44.81356],[14.347915,44.811822],[14.34698,44.810446],[14.339319,44.812487],[14.337249,44.813855],[14.337027,44.815479],[14.342179,44.816302],[14.336738,44.820771],[14.338965,44.823497],[14.33619,44.825624],[14.332199,44.825125],[14.330475,44.826065],[14.332226,44.830649],[14.330835,44.832034],[14.331946,44.834741],[14.330303,44.836903],[14.331395,44.841506],[14.329415,44.844774],[14.33058,44.850115],[14.333764,44.853336],[14.328183,44.862226],[14.327652,44.86689],[14.323762,44.869579],[14.324157,44.872293],[14.320813,44.872329],[14.318927,44.873667],[14.31915,44.876952],[14.322233,44.879666],[14.321049,44.88264],[14.321966,44.885161],[14.316855,44.888471],[14.318163,44.891424],[14.316327,44.892133],[14.316257,44.897001],[14.313497,44.898253],[14.31401,44.90001],[14.309841,44.908683],[14.306946,44.909317],[14.3012,44.905526],[14.298699,44.905959],[14.301315,44.910056],[14.297117,44.912745],[14.300593,44.912448],[14.301552,44.911185],[14.304522,44.91172],[14.303148,44.915541],[14.304676,44.918032],[14.303454,44.922038],[14.30441,44.927165],[14.301977,44.935171],[14.306059,44.941597],[14.309807,44.941246],[14.309058,44.944297],[14.313163,44.943583],[14.312974,44.946563],[14.315522,44.947807],[14.314651,44.951041],[14.316902,44.950889],[14.319919,44.947729],[14.322059,44.947337],[14.32287,44.943163],[14.325166,44.939744],[14.329705,44.939085],[14.331791,44.936221],[14.330923,44.934367],[14.334519,44.933735],[14.33421,44.930984],[14.336631,44.930027],[14.337634,44.925911],[14.340698,44.924906],[14.340409,44.921905],[14.346131,44.913768],[14.354375,44.914065],[14.355742,44.908278],[14.360628,44.907081],[14.361135,44.904796],[14.363177,44.903151],[14.365406,44.904229],[14.366355,44.906998],[14.369768,44.908473],[14.378403,44.904495],[14.38123,44.904392],[14.384047,44.901967],[14.388039,44.903375],[14.390674,44.901947],[14.398854,44.906266],[14.398557,44.910682],[14.401054,44.910682],[14.402386,44.912166],[14.40194,44.915438],[14.40115,44.920698],[14.394988,44.92795],[14.395668,44.930389],[14.393691,44.931839],[14.393367,44.934745],[14.390596,44.935852],[14.392322,44.938935],[14.386907,44.939556],[14.385054,44.941482],[14.384496,44.944936],[14.391066,44.94823],[14.391618,44.949839],[14.389958,44.951455],[14.391791,44.952344],[14.391903,44.955607],[14.400405,44.954342],[14.403044,44.951998],[14.409973,44.949979],[14.414032,44.94394],[14.417438,44.945772],[14.41348,44.955481],[14.411556,44.957145],[14.410393,44.956476],[14.411182,44.9572],[14.409065,44.957651],[14.409219,44.958742],[14.407594,44.960132],[14.408525,44.958631],[14.404065,44.956281],[14.398106,44.959151],[14.390782,44.959678],[14.392615,44.962031],[14.393325,44.96718],[14.389676,44.974061],[14.387455,44.973246],[14.381858,44.978632],[14.381287,44.982074],[14.38231,44.983582],[14.380839,44.987843],[14.377122,44.991175],[14.371757,44.993339],[14.363711,44.993134],[14.357379,44.999166],[14.355249,44.999689],[14.354953,45.000281],[14.354592,45.000842],[14.353297,45.001593],[14.353306,45.001627],[14.353111,45.0017],[14.353068,45.002643],[14.351288,45.002941],[14.350346,45.006761],[14.351873,45.014216],[14.355192,45.018991],[14.359897,45.020936],[14.361141,45.029014],[14.356476,45.040213],[14.355319,45.046275],[14.349272,45.053339],[14.345501,45.056551],[14.337715,45.059954],[14.327013,45.060543],[14.319211,45.064053],[14.312128,45.06502],[14.31031,45.066477],[14.310561,45.068164],[14.307189,45.068381],[14.30483,45.070966],[14.306146,45.074431],[14.305586,45.076251],[14.302329,45.078065],[14.303089,45.079292],[14.302071,45.081794],[14.300139,45.083039],[14.299047,45.08664],[14.296752,45.088083],[14.296653,45.093912],[14.291582,45.097055],[14.290424,45.099465],[14.282961,45.099903],[14.280267,45.101638],[14.279855,45.103284],[14.276522,45.104381],[14.280064,45.113477],[14.277718,45.114743],[14.277462,45.11762],[14.274558,45.117951],[14.272554,45.120041],[14.281744,45.128182],[14.284746,45.127933],[14.284377,45.128994],[14.286318,45.131116],[14.284622,45.131169],[14.285282,45.133123],[14.288161,45.135648],[14.291801,45.136337],[14.294125,45.140906],[14.296219,45.141662],[14.297051,45.145724],[14.300182,45.147801],[14.301449,45.152816],[14.300767,45.155087],[14.303098,45.157066],[14.30029,45.160183],[14.302028,45.163868],[14.30989,45.166995],[14.309197,45.170117],[14.310369,45.17197],[14.313532,45.171003],[14.322051,45.17549],[14.326728,45.175369],[14.327357,45.17173],[14.325612,45.169753],[14.327319,45.167951],[14.331809,45.169662],[14.346648,45.169562],[14.357287,45.164607],[14.361059,45.164098],[14.365306,45.159422],[14.365739,45.156402],[14.372039,45.145244],[14.371536,45.14375],[14.364093,45.142527],[14.360076,45.13349],[14.35652,45.130224],[14.358972,45.126657],[14.359335,45.122109],[14.355553,45.118545],[14.354986,45.115766],[14.359255,45.111573],[14.356559,45.104403],[14.360262,45.101497],[14.358243,45.097555],[14.360265,45.095095],[14.359169,45.09298],[14.360228,45.088059],[14.361778,45.085612],[14.366596,45.082754],[14.366867,45.080265],[14.369146,45.079648],[14.369986,45.073744],[14.372776,45.071726],[14.371552,45.068723],[14.374409,45.066076],[14.373334,45.062384],[14.375088,45.06144],[14.375535,45.057057],[14.381136,45.050916],[14.381028,45.049268],[14.383463,45.048628],[14.384286,45.046652],[14.383185,45.045641],[14.385893,45.041768],[14.385215,45.040254],[14.387331,45.038849],[14.389285,45.032107],[14.392479,45.026806],[14.391726,45.024975],[14.395434,45.021941],[14.396751,45.01582],[14.399018,45.014455],[14.404016,45.007174],[14.408306,45.004478],[14.412191,44.999035],[14.411463,44.998129],[14.414845,44.995707],[14.415009,44.993391],[14.418207,44.991761],[14.42456,44.983491],[14.429517,44.982471],[14.433537,44.978367],[14.443153,44.977057],[14.448244,44.979882],[14.449518,44.981943],[14.455997,44.981202],[14.458386,44.984073],[14.469087,44.982598],[14.468672,44.981143],[14.470492,44.980669],[14.470931,44.978827],[14.477032,44.973605],[14.477862,44.968527],[14.479599,44.968331],[14.483486,44.961748],[14.483996,44.957532],[14.482835,44.956509],[14.486364,44.955159],[14.485052,44.953781],[14.480165,44.956794],[14.47571,44.956522],[14.472152,44.953951],[14.469662,44.947976],[14.460823,44.952347],[14.464692,44.946008],[14.46515,44.940658],[14.464223,44.939108],[14.461475,44.940252],[14.462212,44.935835],[14.460007,44.932903],[14.460274,44.930791],[14.458542,44.930692],[14.457491,44.929003],[14.457715,44.927666],[14.461099,44.926728],[14.459425,44.92531],[14.456946,44.926058],[14.456807,44.922335],[14.455356,44.921473],[14.459763,44.916057],[14.460609,44.913048],[14.459742,44.911098],[14.461011,44.910544],[14.460335,44.908729],[14.456804,44.908127],[14.458454,44.907259],[14.45765,44.906146],[14.460046,44.905389],[14.458628,44.904382],[14.458617,44.901962],[14.455735,44.901522],[14.452673,44.899101],[14.453691,44.895458],[14.451546,44.895146],[14.451574,44.893438],[14.449628,44.892319],[14.449827,44.887279],[14.448095,44.885808],[14.449194,44.884788],[14.448085,44.88385],[14.448688,44.881936],[14.447226,44.876812],[14.44548,44.87532],[14.450054,44.870787],[14.449385,44.868691],[14.446546,44.867829],[14.448875,44.86545],[14.448773,44.863936],[14.450655,44.863426],[14.451427,44.860039],[14.45341,44.859029],[14.451956,44.85721],[14.453247,44.850788],[14.459359,44.842151],[14.459724,44.837506],[14.461133,44.835761],[14.458662,44.834607],[14.461168,44.834469],[14.462543,44.832316],[14.459534,44.829474],[14.462118,44.827912],[14.463344,44.829753],[14.463885,44.829493],[14.463762,44.824373],[14.462053,44.821485],[14.464119,44.819597],[14.462419,44.819003],[14.465351,44.817618],[14.466201,44.812624],[14.46531,44.811925],[14.468322,44.809211],[14.467516,44.807898],[14.469311,44.807593],[14.469092,44.802151],[14.467694,44.8024],[14.469246,44.795348],[14.467692,44.794326],[14.469637,44.790183],[14.452527,44.795252],[14.448637,44.793295],[14.449226,44.788146],[14.447514,44.785972],[14.449497,44.785159],[14.449951,44.78272],[14.452761,44.779952],[14.460881,44.775197],[14.462734,44.772033],[14.464067,44.771978],[14.463405,44.771043],[14.466524,44.770332],[14.465872,44.767681],[14.47042,44.766312],[14.471058,44.763227],[14.474557,44.759878],[14.473812,44.756434],[14.472376,44.756104],[14.473258,44.754607],[14.475699,44.75571],[14.476692,44.75434],[14.474354,44.749224],[14.479425,44.745047],[14.4793,44.738521],[14.476375,44.737646],[14.474056,44.740108],[14.471503,44.738174],[14.470312,44.738714],[14.468616,44.732121],[14.465148,44.732398],[14.466685,44.730633],[14.465099,44.726326],[14.464037,44.726763],[14.463656,44.725749],[14.466982,44.716298],[14.470641,44.713103],[14.474721,44.701734],[14.477562,44.700119],[14.475923,44.698445],[14.478279,44.697578],[14.476923,44.693887],[14.478743,44.693812],[14.483935,44.688729],[14.487747,44.687206],[14.48993,44.683173],[14.489115,44.682205],[14.49648,44.680046],[14.493752,44.676011],[14.494915,44.675648],[14.493728,44.671964],[14.497398,44.676112],[14.49842,44.675993],[14.499073,44.673324],[14.500498,44.673149],[14.500798,44.675287],[14.504758,44.673832],[14.50453,44.672278],[14.507042,44.669921],[14.503479,44.668359],[14.507671,44.668039],[14.506909,44.666242],[14.509981,44.665246],[14.509166,44.664122],[14.510618,44.66142],[14.513301,44.663314],[14.513259,44.661024],[14.511177,44.659457],[14.512248,44.658209],[14.509776,44.657435],[14.513014,44.655992],[14.513785,44.653252],[14.511838,44.653298],[14.511518,44.651572],[14.509307,44.654188],[14.508014,44.651183],[14.504871,44.653243],[14.505143,44.651003],[14.503987,44.65044],[14.509021,44.648346],[14.504464,44.641288],[14.50323,44.642935],[14.501696,44.642893],[14.503077,44.642516],[14.503444,44.638421],[14.511403,44.645634],[14.51331,44.642074],[14.511402,44.64074],[14.513178,44.641341],[14.513759,44.639452],[14.515109,44.643282],[14.516822,44.644562],[14.517184,44.638898],[14.520608,44.641036],[14.520617,44.635174],[14.517821,44.635204],[14.520237,44.63397],[14.518602,44.630866],[14.520814,44.632537],[14.522102,44.632052],[14.521869,44.633964],[14.524077,44.637474],[14.525196,44.634504],[14.526261,44.637481],[14.533167,44.633665],[14.533612,44.635334],[14.526892,44.641704],[14.527246,44.642834],[14.528389,44.641957],[14.530131,44.643402],[14.532145,44.639844],[14.533814,44.64172],[14.534008,44.640465],[14.535428,44.641648],[14.536031,44.639417],[14.533296,44.638792],[14.535342,44.636814],[14.53652,44.638054],[14.537348,44.633594],[14.5388,44.633716],[14.540007,44.636058],[14.544849,44.630305],[14.538032,44.626966],[14.537166,44.629019],[14.536169,44.628276],[14.53504,44.629503],[14.533935,44.627921],[14.532808,44.629348],[14.531865,44.628062],[14.530972,44.629663],[14.530294,44.62859],[14.528151,44.629549],[14.527579,44.628593],[14.532249,44.624444],[14.529921,44.623126],[14.530293,44.620924],[14.527822,44.616819],[14.525566,44.621137],[14.524486,44.617518],[14.521378,44.619548],[14.520129,44.623888],[14.516753,44.624103],[14.518451,44.622685],[14.522224,44.612679],[14.519427,44.61014],[14.516638,44.611602],[14.517014,44.608823],[14.51215,44.612485],[14.510333,44.612517],[14.50887,44.615634],[14.505206,44.615576],[14.504738,44.618282],[14.503739,44.616376],[14.501644,44.617476],[14.494577,44.624277],[14.497157,44.619065],[14.50379,44.614287],[14.508467,44.608343],[14.499185,44.607377],[14.498749,44.602217],[14.494519,44.603288],[14.486075,44.608307],[14.48414,44.607711],[14.483766,44.610704],[14.481914,44.609926],[14.479036,44.612619],[14.47828,44.612001],[14.475824,44.615977],[14.476616,44.616698],[14.475286,44.617126],[14.474116,44.615149],[14.469522,44.619727],[14.469366,44.622298],[14.471189,44.623978],[14.4678,44.622435],[14.466029,44.623598],[14.4648,44.626608],[14.465758,44.629401],[14.462192,44.626532],[14.459751,44.628127],[14.462688,44.622928],[14.462049,44.621744],[14.452104,44.629529],[14.451836,44.631815],[14.455421,44.632252],[14.45755,44.635216],[14.453956,44.633877],[14.443735,44.640103],[14.442454,44.64332],[14.445188,44.646526],[14.442871,44.645878],[14.441136,44.647066],[14.440181,44.648335],[14.441683,44.650294],[14.439325,44.651315],[14.438414,44.654291],[14.436371,44.655311],[14.436844,44.656396],[14.432255,44.6583],[14.429107,44.663488],[14.419726,44.669957],[14.418805,44.671309],[14.420129,44.67166],[14.41969,44.672687],[14.417688,44.67217],[14.417652,44.66834],[14.417375,44.670144],[14.415958,44.670434],[14.410618,44.668335],[14.410393,44.672138],[14.417013,44.674949],[14.413357,44.676136],[14.412877,44.677482],[14.408023,44.675846],[14.403313,44.683299],[14.403306,44.684963],[14.404943,44.685925],[14.399951,44.688177],[14.400263,44.691168],[14.398322,44.692187],[14.398062,44.690767],[14.395803,44.689661],[14.39533,44.693113],[14.391356,44.693378],[14.391956,44.695794],[14.395275,44.696828],[14.395545,44.698423],[14.39327,44.698338],[14.392796,44.698738],[14.393005,44.703626],[14.395882,44.704863],[14.396964,44.707289],[14.398603,44.707132],[14.397959,44.708827],[14.399563,44.709819],[14.398506,44.712497],[14.399168,44.714045],[14.394907,44.716902],[14.396249,44.717972],[14.395151,44.721269],[14.393447,44.721618],[14.394112,44.723221],[14.39001,44.724373],[14.390914,44.725209],[14.390342,44.726373],[14.391876,44.728564],[14.392148,44.729442],[14.391907,44.730279],[14.393577,44.731898],[14.390652,44.73636],[14.398634,44.736338],[14.398729,44.738091],[14.396924,44.739304],[14.396858,44.742284],[14.398071,44.743666],[14.391144,44.748249],[14.387216,44.747296],[14.384462,44.751328],[14.383385,44.748591],[14.384744,44.744325],[14.382436,44.74449],[14.377688,44.746997],[14.373376,44.751709],[14.373342,44.754442],[14.371475,44.755355],[14.37311,44.757229],[14.371374,44.760315],[14.372384,44.764542],[14.368415,44.769903],[14.369402,44.771475],[14.367737,44.771886],[14.368036,44.774063],[14.371509,44.777897],[14.366332,44.780256],[14.366593,44.785156],[14.363911,44.787259],[14.367645,44.790655],[14.366349,44.791863],[14.36834,44.795898],[14.367903,44.800825]],[[14.353393,45.001593],[14.353342,45.001568],[14.353387,45.001561],[14.353393,45.001593]],[[14.394881,44.698463],[14.394917,44.698424],[14.394926,44.698451],[14.394881,44.698463]]],[[[14.320669,44.882723],[14.320664,44.883017],[14.320978,44.882815],[14.320669,44.882723]]],[[[14.28796,44.92083],[14.28907,44.921584],[14.289469,44.921132],[14.28796,44.92083]]],[[[14.354998,45.000129],[14.354944,45.00011],[14.354949,45.000151],[14.354998,45.000129]]],[[[14.354875,45.000239],[14.354909,45.000285],[14.354941,45.000229],[14.354875,45.000239]]],[[[14.35325,45.001595],[14.353253,45.001618],[14.353297,45.001593],[14.35325,45.001595]]],[[[14.352212,45.002592],[14.352057,45.00272],[14.352184,45.002709],[14.352212,45.002592]]],[[[14.351018,45.01035],[14.350944,45.010452],[14.351034,45.010425],[14.351018,45.01035]]],[[[14.350789,45.0104],[14.350842,45.010438],[14.350855,45.010381],[14.350789,45.0104]]],[[[14.371757,45.146241],[14.371682,45.146165],[14.371641,45.14622],[14.371757,45.146241]]],[[[14.489926,44.523716],[14.491326,44.523503],[14.492163,44.525758],[14.499156,44.525158],[14.500664,44.521538],[14.501695,44.521133],[14.501378,44.523968],[14.503824,44.523247],[14.50628,44.521491],[14.506211,44.519324],[14.509587,44.521727],[14.508295,44.52386],[14.509727,44.521872],[14.514817,44.519478],[14.514021,44.517457],[14.517968,44.515199],[14.517068,44.513206],[14.521061,44.513483],[14.52332,44.512275],[14.524559,44.508963],[14.521219,44.507741],[14.524061,44.502962],[14.523377,44.501778],[14.528381,44.503335],[14.529337,44.497991],[14.535672,44.49804],[14.538438,44.493788],[14.538492,44.491467],[14.540488,44.492116],[14.542296,44.489014],[14.536335,44.479075],[14.533018,44.479284],[14.531097,44.476753],[14.528412,44.475692],[14.525101,44.476279],[14.522243,44.474012],[14.516213,44.475987],[14.514231,44.479608],[14.51063,44.480994],[14.507747,44.48831],[14.506298,44.488495],[14.505426,44.485873],[14.49931,44.488906],[14.500219,44.490673],[14.503397,44.490657],[14.504386,44.492009],[14.499333,44.492818],[14.49725,44.491734],[14.493284,44.493888],[14.492813,44.495088],[14.495982,44.497052],[14.494481,44.499436],[14.496342,44.500572],[14.495242,44.501764],[14.492555,44.497476],[14.488994,44.498384],[14.489019,44.50095],[14.487688,44.502024],[14.488527,44.503856],[14.491133,44.504305],[14.490352,44.506172],[14.484429,44.505794],[14.484075,44.508172],[14.48174,44.509471],[14.482833,44.510987],[14.480333,44.512464],[14.478439,44.510942],[14.475593,44.51114],[14.473627,44.512358],[14.475209,44.513778],[14.471951,44.514252],[14.4713,44.516591],[14.466301,44.515761],[14.459895,44.518665],[14.456948,44.521713],[14.45814,44.52435],[14.452005,44.523236],[14.44876,44.524437],[14.44883,44.526586],[14.457172,44.527272],[14.4569,44.529],[14.459706,44.530474],[14.454611,44.530888],[14.452782,44.53327],[14.450016,44.529429],[14.445041,44.530026],[14.444739,44.532563],[14.447427,44.53407],[14.441465,44.5373],[14.441875,44.541845],[14.44442,44.541763],[14.43929,44.547563],[14.444552,44.546225],[14.455093,44.539535],[14.456562,44.537136],[14.467939,44.532174],[14.468674,44.532695],[14.464006,44.538282],[14.464337,44.540415],[14.461738,44.542577],[14.462607,44.543104],[14.460304,44.544023],[14.460536,44.545632],[14.463645,44.546078],[14.46425,44.54341],[14.469339,44.540523],[14.472185,44.537085],[14.479148,44.537315],[14.479631,44.536521],[14.476133,44.534192],[14.47838,44.532224],[14.478283,44.533418],[14.485995,44.53239],[14.486198,44.530589],[14.48132,44.529776],[14.481959,44.527838],[14.480251,44.527097],[14.482329,44.526211],[14.485021,44.527336],[14.484813,44.528205],[14.487758,44.527992],[14.489575,44.526885],[14.489926,44.523716]]],[[[14.436186,44.548382],[14.432597,44.54386],[14.430608,44.546494],[14.427149,44.544893],[14.426877,44.547641],[14.428098,44.549362],[14.431386,44.549928],[14.427855,44.553908],[14.428909,44.557057],[14.43101,44.557458],[14.438276,44.55095],[14.438921,44.548126],[14.436186,44.548382]]],[[[14.426713,44.552833],[14.423491,44.548926],[14.420911,44.549887],[14.421459,44.550932],[14.426713,44.552833]]],[[[14.404483,44.551901],[14.402472,44.550637],[14.400932,44.551796],[14.402879,44.552964],[14.404483,44.551901]]],[[[14.417614,44.590694],[14.420796,44.592046],[14.421515,44.590264],[14.417614,44.590694]]],[[[14.418156,44.599095],[14.419101,44.599556],[14.419529,44.599071],[14.419202,44.598697],[14.418156,44.599095]]],[[[14.513064,44.645402],[14.513447,44.64553],[14.513512,44.645232],[14.513064,44.645402]]],[[[14.398136,44.64681],[14.398106,44.646716],[14.39807,44.646778],[14.398136,44.64681]]],[[[14.39783,44.646859],[14.397853,44.646795],[14.397788,44.646817],[14.39783,44.646859]]],[[[14.493667,44.723846],[14.4929,44.723811],[14.493461,44.724133],[14.493667,44.723846]]],[[[14.487441,44.723603],[14.491205,44.726962],[14.491745,44.726871],[14.489061,44.7212],[14.487441,44.723603]]],[[[14.469445,44.795147],[14.469175,44.795022],[14.469144,44.795091],[14.469445,44.795147]]],[[[14.530197,44.981678],[14.532677,44.98228],[14.533029,44.981053],[14.530468,44.981202],[14.531346,44.978559],[14.538158,44.975753],[14.538434,44.974509],[14.540382,44.974484],[14.543605,44.971802],[14.544339,44.969248],[14.548146,44.966344],[14.550245,44.963902],[14.549088,44.963279],[14.550924,44.962729],[14.550596,44.961697],[14.554703,44.957746],[14.5524,44.95572],[14.54459,44.954827],[14.541041,44.953024],[14.533926,44.954826],[14.532718,44.955539],[14.533762,44.957475],[14.530075,44.956735],[14.52948,44.958383],[14.525582,44.958779],[14.526533,44.961381],[14.521819,44.960087],[14.519015,44.961536],[14.518198,44.963438],[14.519148,44.964158],[14.515948,44.965506],[14.513769,44.968229],[14.497477,44.973012],[14.496534,44.974912],[14.493426,44.975162],[14.485158,44.981744],[14.488078,44.983111],[14.496797,44.981807],[14.502628,44.979136],[14.508182,44.979867],[14.517472,44.983311],[14.520876,44.987873],[14.525807,44.983251],[14.530197,44.981678]]],[[[14.521103,45.018337],[14.521624,45.020207],[14.518975,45.020003],[14.517083,45.021988],[14.513112,45.022363],[14.508336,45.024676],[14.507114,45.024506],[14.507926,45.022035],[14.506132,45.020371],[14.49921,45.021598],[14.49756,45.022703],[14.497548,45.028828],[14.493971,45.02472],[14.489218,45.02614],[14.487603,45.027297],[14.489067,45.029785],[14.487031,45.029654],[14.481187,45.032794],[14.481733,45.034772],[14.476181,45.035781],[14.475777,45.03752],[14.478239,45.039917],[14.47638,45.040551],[14.473859,45.038824],[14.473497,45.041012],[14.469555,45.040694],[14.469644,45.042498],[14.471168,45.043421],[14.469092,45.045055],[14.469432,45.046049],[14.468025,45.046307],[14.468124,45.043986],[14.465403,45.043359],[14.458346,45.048121],[14.454025,45.053253],[14.45201,45.053434],[14.45213,45.054758],[14.450473,45.055428],[14.453017,45.057248],[14.448559,45.057172],[14.448752,45.058338],[14.44712,45.058866],[14.450313,45.061734],[14.44452,45.06086],[14.440657,45.064493],[14.437427,45.065499],[14.432864,45.072626],[14.432382,45.074161],[14.433467,45.075342],[14.432186,45.076049],[14.433151,45.076696],[14.431086,45.07812],[14.430723,45.081109],[14.432367,45.083852],[14.431789,45.08809],[14.434632,45.09003],[14.433893,45.090517],[14.435084,45.093173],[14.439651,45.094007],[14.44039,45.095843],[14.44426,45.096659],[14.451508,45.095293],[14.452958,45.097784],[14.469326,45.098809],[14.471551,45.104423],[14.468312,45.110018],[14.46856,45.112276],[14.466391,45.113179],[14.464702,45.117992],[14.469039,45.122117],[14.470254,45.121753],[14.47534,45.128497],[14.47853,45.128458],[14.479388,45.125949],[14.483517,45.127563],[14.485186,45.1251],[14.486043,45.126025],[14.493956,45.12403],[14.495217,45.122633],[14.494452,45.121289],[14.496539,45.121655],[14.497168,45.119288],[14.500623,45.117118],[14.503896,45.117597],[14.504507,45.115859],[14.506696,45.117875],[14.512436,45.116678],[14.516436,45.11738],[14.516809,45.119117],[14.518846,45.118798],[14.520183,45.120667],[14.52261,45.119863],[14.52522,45.124981],[14.52826,45.124234],[14.526486,45.125422],[14.525526,45.129201],[14.526742,45.129573],[14.526264,45.134618],[14.529061,45.145801],[14.525875,45.149047],[14.521986,45.150729],[14.525819,45.151327],[14.527287,45.15307],[14.528512,45.150654],[14.533467,45.151315],[14.534632,45.15327],[14.533265,45.154889],[14.535276,45.159455],[14.542001,45.165634],[14.545581,45.166877],[14.546358,45.168779],[14.542925,45.17129],[14.540817,45.17568],[14.537537,45.17626],[14.537892,45.179244],[14.535537,45.180821],[14.534285,45.184662],[14.537308,45.187572],[14.533519,45.198748],[14.539501,45.203392],[14.542064,45.202907],[14.544286,45.200173],[14.546762,45.200846],[14.535704,45.213549],[14.530362,45.216311],[14.529868,45.22133],[14.52731,45.225213],[14.530471,45.229016],[14.545397,45.210134],[14.54925,45.206792],[14.551324,45.207655],[14.550132,45.208815],[14.552491,45.208092],[14.552986,45.209015],[14.549261,45.212089],[14.551063,45.211891],[14.551816,45.215486],[14.550507,45.216682],[14.551743,45.218443],[14.550823,45.221839],[14.551793,45.223423],[14.549366,45.227797],[14.546641,45.229441],[14.543553,45.228256],[14.543097,45.232378],[14.536633,45.236111],[14.544367,45.237503],[14.544455,45.236613],[14.551447,45.235199],[14.55035,45.237076],[14.553004,45.240757],[14.551113,45.241491],[14.551785,45.242775],[14.555174,45.2408],[14.552815,45.243582],[14.554265,45.245692],[14.563837,45.243427],[14.568355,45.238597],[14.576917,45.234257],[14.579285,45.235504],[14.577408,45.238067],[14.577096,45.241408],[14.582002,45.240949],[14.5888,45.237741],[14.590984,45.238765],[14.590531,45.237171],[14.591989,45.235513],[14.603923,45.22466],[14.589251,45.229174],[14.58538,45.231735],[14.583376,45.231926],[14.581525,45.229989],[14.584527,45.225396],[14.603299,45.205861],[14.609419,45.196514],[14.611625,45.196843],[14.614682,45.193783],[14.616069,45.189648],[14.615269,45.187654],[14.612808,45.187627],[14.613342,45.186955],[14.616179,45.185212],[14.619983,45.184208],[14.622339,45.181622],[14.62266,45.18073],[14.620549,45.180223],[14.620903,45.178598],[14.624073,45.179046],[14.623902,45.177823],[14.62903,45.171253],[14.630372,45.166523],[14.632611,45.165654],[14.632854,45.164682],[14.629958,45.162475],[14.62967,45.164131],[14.6263,45.165008],[14.627116,45.167509],[14.621221,45.169519],[14.617917,45.168049],[14.615608,45.168474],[14.609905,45.171352],[14.607974,45.171195],[14.606423,45.170098],[14.608023,45.168936],[14.607121,45.167952],[14.6078,45.166288],[14.60497,45.164833],[14.606802,45.16335],[14.602427,45.160857],[14.601891,45.158776],[14.597766,45.155884],[14.598487,45.155071],[14.596812,45.151666],[14.597913,45.152577],[14.600524,45.151346],[14.599907,45.150686],[14.602255,45.152536],[14.600638,45.151044],[14.603073,45.151443],[14.602452,45.150763],[14.604588,45.149489],[14.609684,45.150758],[14.614914,45.152673],[14.616909,45.155333],[14.619935,45.154224],[14.619019,45.156423],[14.621402,45.156902],[14.62128,45.15841],[14.627825,45.160026],[14.629995,45.159343],[14.638259,45.162107],[14.637459,45.161043],[14.639088,45.159529],[14.641853,45.159321],[14.642714,45.16079],[14.649883,45.157574],[14.650854,45.156327],[14.648939,45.153379],[14.650554,45.151617],[14.655047,45.152054],[14.656825,45.150515],[14.656626,45.148995],[14.664672,45.14789],[14.663346,45.147357],[14.664181,45.146902],[14.668456,45.147078],[14.669819,45.150151],[14.668748,45.151645],[14.670563,45.153414],[14.668668,45.156319],[14.669301,45.157049],[14.670633,45.154135],[14.672276,45.153396],[14.671522,45.150473],[14.673376,45.150146],[14.673129,45.14831],[14.675903,45.147379],[14.672669,45.145372],[14.676437,45.144452],[14.670825,45.14135],[14.674843,45.141447],[14.676241,45.138499],[14.674663,45.137199],[14.678382,45.136716],[14.680556,45.134737],[14.672535,45.13106],[14.672702,45.127714],[14.671506,45.126954],[14.668274,45.127797],[14.664709,45.126007],[14.66747,45.122696],[14.666342,45.121091],[14.662162,45.121085],[14.659962,45.123388],[14.658256,45.121529],[14.660491,45.118417],[14.659225,45.117108],[14.664959,45.112909],[14.664775,45.110519],[14.666372,45.110681],[14.664982,45.10647],[14.669192,45.105342],[14.664604,45.105291],[14.665244,45.101189],[14.66146,45.100586],[14.664352,45.098576],[14.664984,45.096397],[14.664635,45.09535],[14.662529,45.095642],[14.662121,45.0942],[14.666605,45.093613],[14.665595,45.092864],[14.666487,45.092274],[14.663303,45.091399],[14.665189,45.089007],[14.670089,45.086626],[14.669188,45.083693],[14.672086,45.083749],[14.674667,45.081273],[14.674875,45.080333],[14.671671,45.078335],[14.672128,45.077832],[14.673013,45.077595],[14.673826,45.079274],[14.675928,45.07863],[14.676905,45.077034],[14.678491,45.077338],[14.678804,45.075657],[14.68024,45.076491],[14.68256,45.074707],[14.683422,45.072375],[14.685256,45.073492],[14.691495,45.070186],[14.691801,45.069011],[14.693324,45.067892],[14.701571,45.065061],[14.704014,45.066228],[14.706738,45.064797],[14.709191,45.065216],[14.708597,45.066556],[14.711237,45.067296],[14.712078,45.070914],[14.714985,45.07232],[14.720635,45.069295],[14.723207,45.06888],[14.723297,45.066331],[14.72629,45.065602],[14.727413,45.063067],[14.72984,45.065069],[14.729289,45.068324],[14.736141,45.069627],[14.738077,45.068192],[14.736002,45.066124],[14.739482,45.064404],[14.733212,45.058239],[14.736582,45.056499],[14.73721,45.058685],[14.739922,45.05501],[14.742746,45.05585],[14.744777,45.053122],[14.743704,45.051214],[14.742059,45.051922],[14.74272,45.049874],[14.745362,45.050367],[14.743427,45.047441],[14.741431,45.047749],[14.742213,45.044774],[14.740541,45.044655],[14.740038,45.041279],[14.742587,45.038671],[14.741536,45.037035],[14.743423,45.036157],[14.743369,45.034629],[14.75071,45.030061],[14.75208,45.025866],[14.755692,45.02496],[14.754603,45.023966],[14.756175,45.023674],[14.759705,45.018904],[14.768789,45.015404],[14.770268,45.010904],[14.779295,45.007188],[14.783939,45.008044],[14.798566,45.0002],[14.799311,44.999217],[14.797337,44.999025],[14.797741,44.997384],[14.795267,44.994277],[14.79934,44.990301],[14.801545,44.991079],[14.798301,44.995142],[14.800916,44.996164],[14.804367,44.995641],[14.806942,44.992637],[14.810947,44.991113],[14.814887,44.984508],[14.816398,44.984199],[14.816238,44.982951],[14.818063,44.982294],[14.817755,44.980904],[14.819596,44.97996],[14.818775,44.978118],[14.820057,44.975207],[14.818383,44.972613],[14.820331,44.971848],[14.820257,44.97064],[14.815823,44.972697],[14.808953,44.980009],[14.80123,44.984856],[14.799669,44.984148],[14.800098,44.982005],[14.812258,44.969469],[14.809426,44.970058],[14.809714,44.968191],[14.806513,44.966958],[14.808849,44.966067],[14.8075,44.962882],[14.803142,44.962932],[14.801344,44.964256],[14.800119,44.962216],[14.791841,44.963388],[14.790521,44.964339],[14.776143,44.967069],[14.774537,44.968753],[14.768365,44.966495],[14.763344,44.968985],[14.760178,44.967978],[14.762728,44.968918],[14.760889,44.970189],[14.758448,44.96993],[14.758947,44.969222],[14.753221,44.969569],[14.748632,44.964328],[14.746628,44.959109],[14.757435,44.950557],[14.756843,44.949435],[14.762447,44.944715],[14.760145,44.942052],[14.76197,44.942348],[14.762818,44.940984],[14.761825,44.940288],[14.760957,44.941373],[14.760136,44.939334],[14.75845,44.939597],[14.755049,44.937553],[14.751343,44.937815],[14.750998,44.936471],[14.748417,44.937797],[14.745927,44.935552],[14.741271,44.93539],[14.740771,44.938078],[14.739339,44.936385],[14.735516,44.936989],[14.735501,44.935965],[14.734753,44.936427],[14.73426,44.937753],[14.733919,44.937788],[14.733607,44.936029],[14.736105,44.934836],[14.734484,44.934728],[14.72723,44.937884],[14.719448,44.939108],[14.715119,44.942109],[14.706825,44.941853],[14.705277,44.943882],[14.706297,44.945627],[14.704019,44.94539],[14.700046,44.948569],[14.695225,44.947355],[14.694852,44.949336],[14.693397,44.94824],[14.687596,44.949782],[14.687299,44.952053],[14.689627,44.953282],[14.688418,44.956217],[14.677813,44.964778],[14.662479,44.967128],[14.65812,44.964408],[14.650525,44.964237],[14.648368,44.967359],[14.645564,44.966598],[14.641345,44.967668],[14.640446,44.968407],[14.641591,44.970115],[14.636754,44.970587],[14.63523,44.971972],[14.636225,44.972567],[14.635532,44.973364],[14.633794,44.972975],[14.626021,44.977082],[14.622957,44.97671],[14.617173,44.979416],[14.615113,44.982293],[14.615925,44.984966],[14.621684,44.988131],[14.627886,44.989665],[14.625612,44.994817],[14.62698,44.999887],[14.624269,45.007075],[14.621671,45.008866],[14.62383,45.014269],[14.627332,45.016633],[14.627526,45.018588],[14.626429,45.018625],[14.628011,45.018707],[14.628298,45.024486],[14.627416,45.024541],[14.628886,45.025713],[14.628788,45.027393],[14.6269,45.027359],[14.628214,45.027536],[14.626575,45.028288],[14.627961,45.028814],[14.626498,45.028669],[14.627898,45.029157],[14.626038,45.02902],[14.62584,45.02832],[14.625988,45.029056],[14.62817,45.029222],[14.626881,45.03043],[14.62838,45.031287],[14.626856,45.031233],[14.628353,45.031708],[14.626752,45.03166],[14.628322,45.032195],[14.626637,45.032139],[14.628281,45.032808],[14.626589,45.032749],[14.628901,45.032933],[14.629055,45.034226],[14.626198,45.039055],[14.623719,45.040345],[14.620494,45.040503],[14.621104,45.039646],[14.61177,45.034199],[14.606932,45.027064],[14.609684,45.024219],[14.616161,45.0238],[14.619021,45.022405],[14.619499,45.02001],[14.623356,45.016859],[14.619869,45.013645],[14.610155,45.014981],[14.609615,45.016345],[14.604933,45.015859],[14.600769,45.018968],[14.592459,45.020584],[14.588489,45.022779],[14.588336,45.024656],[14.586537,45.023435],[14.584823,45.023808],[14.585317,45.025093],[14.583221,45.024212],[14.57864,45.025102],[14.578647,45.027459],[14.575819,45.024848],[14.570717,45.024184],[14.57612,45.023913],[14.572775,45.022369],[14.574184,45.020168],[14.566533,45.017392],[14.566999,45.016313],[14.565269,45.014356],[14.560721,45.012626],[14.55578,45.014389],[14.548907,45.01485],[14.53989,45.013903],[14.532291,45.017369],[14.529629,45.01596],[14.530355,45.018354],[14.528895,45.017835],[14.527608,45.019124],[14.526409,45.018315],[14.527591,45.01684],[14.525609,45.015498],[14.521103,45.018337]]],[[[14.495605,45.122788],[14.495584,45.122712],[14.495536,45.122796],[14.495605,45.122788]]],[[[14.548922,44.461908],[14.549541,44.459451],[14.551698,44.460222],[14.564016,44.454692],[14.565016,44.455968],[14.569204,44.454869],[14.575134,44.448552],[14.57499,44.445344],[14.579417,44.44084],[14.57403,44.444673],[14.568253,44.445492],[14.565906,44.444136],[14.559168,44.447648],[14.557721,44.44722],[14.554738,44.441021],[14.55217,44.442869],[14.55012,44.441142],[14.544338,44.443992],[14.540213,44.443266],[14.537334,44.445849],[14.535597,44.445432],[14.536084,44.448161],[14.533076,44.447734],[14.533021,44.449611],[14.531849,44.449762],[14.53273,44.451242],[14.530528,44.451392],[14.532722,44.453931],[14.52917,44.45537],[14.531014,44.456736],[14.53396,44.456663],[14.532272,44.458562],[14.535648,44.459947],[14.534504,44.461874],[14.537764,44.461342],[14.540335,44.464426],[14.543076,44.464436],[14.548922,44.461908]]],[[[14.559665,44.466555],[14.564941,44.462032],[14.565193,44.459509],[14.556796,44.460237],[14.550457,44.465447],[14.546337,44.466043],[14.544371,44.468398],[14.541508,44.468412],[14.541757,44.470416],[14.546009,44.470305],[14.54798,44.47191],[14.552117,44.466343],[14.559665,44.466555]]],[[[14.541632,44.475949],[14.541046,44.479949],[14.542795,44.480548],[14.546339,44.476638],[14.545927,44.474918],[14.543988,44.474451],[14.541632,44.475949]]],[[[14.564239,44.481966],[14.563085,44.482179],[14.563621,44.482568],[14.564239,44.481966]]],[[[14.567639,44.491451],[14.566243,44.487252],[14.570136,44.485897],[14.570715,44.485142],[14.567883,44.486136],[14.567227,44.482574],[14.565375,44.483264],[14.5625,44.491387],[14.563137,44.494174],[14.567273,44.494854],[14.565633,44.492626],[14.567639,44.491451]]],[[[14.541041,44.495758],[14.542482,44.494481],[14.541779,44.492852],[14.540164,44.494839],[14.541041,44.495758]]],[[[14.555385,44.505944],[14.556371,44.504165],[14.55725,44.504729],[14.562177,44.502296],[14.562085,44.493335],[14.553616,44.493721],[14.554082,44.498252],[14.551145,44.499411],[14.549557,44.504829],[14.545004,44.508581],[14.549863,44.507145],[14.551666,44.504169],[14.555385,44.505944]]],[[[14.588452,44.544722],[14.587624,44.544639],[14.587818,44.545117],[14.588452,44.544722]]],[[[14.586031,44.546138],[14.582469,44.545515],[14.579835,44.548745],[14.578323,44.552261],[14.579152,44.555692],[14.582565,44.554009],[14.586794,44.547499],[14.586031,44.546138]]],[[[14.583505,44.558059],[14.583384,44.557539],[14.583236,44.557685],[14.583505,44.558059]]],[[[14.584719,44.664234],[14.584288,44.664176],[14.584643,44.664421],[14.584719,44.664234]]],[[[14.581821,44.666851],[14.581491,44.666754],[14.581702,44.667124],[14.581821,44.666851]]],[[[14.582135,44.668231],[14.581607,44.667994],[14.5816,44.668017],[14.582135,44.668231]]],[[[14.58157,44.66847],[14.580665,44.666981],[14.582716,44.665274],[14.583451,44.666564],[14.584455,44.665186],[14.58214,44.662779],[14.572443,44.672751],[14.575874,44.672961],[14.576369,44.671903],[14.575194,44.672253],[14.574813,44.670454],[14.578945,44.671005],[14.58157,44.66847]]],[[[14.576791,44.671654],[14.576642,44.671557],[14.576459,44.671885],[14.576791,44.671654]]],[[[14.57556,44.945894],[14.578296,44.943035],[14.569341,44.947723],[14.568195,44.95028],[14.571466,44.947332],[14.57556,44.945894]]],[[[14.547951,44.973856],[14.547839,44.973795],[14.547824,44.973826],[14.547951,44.973856]]],[[[14.548353,44.974071],[14.548298,44.974007],[14.548258,44.974031],[14.548353,44.974071]]],[[[14.54455,44.975907],[14.547057,44.975754],[14.548459,44.974143],[14.545829,44.974056],[14.54455,44.975907]]],[[[14.54773,44.975552],[14.547591,44.975502],[14.547583,44.975542],[14.54773,44.975552]]],[[[14.55869,45.245826],[14.5588,45.245636],[14.559295,45.245227],[14.558772,45.245346],[14.55869,45.245826]]],[[[14.558648,45.24621],[14.558496,45.245986],[14.558495,45.246223],[14.558648,45.24621]]],[[[14.565278,45.244675],[14.560794,45.249476],[14.55564,45.251819],[14.556134,45.254096],[14.561766,45.256613],[14.567435,45.253792],[14.565889,45.249599],[14.569019,45.245342],[14.565278,45.244675]]],[[[14.594341,44.540754],[14.592551,44.543197],[14.596212,44.54165],[14.594341,44.540754]]],[[[14.692785,44.689203],[14.691138,44.689285],[14.692707,44.6901],[14.692785,44.689203]]],[[[14.687147,44.688684],[14.682867,44.691821],[14.68397,44.694587],[14.687447,44.694187],[14.690347,44.691143],[14.689601,44.689018],[14.687147,44.688684]]],[[[14.683741,44.698598],[14.683133,44.698435],[14.683259,44.698855],[14.683741,44.698598]]],[[[14.667654,44.713519],[14.667739,44.712443],[14.665577,44.714348],[14.667654,44.713519]]],[[[14.659452,44.71986],[14.661933,44.720134],[14.664685,44.714773],[14.661476,44.716909],[14.659452,44.71986]]],[[[14.739024,44.767788],[14.739479,44.768512],[14.735987,44.769613],[14.734368,44.768499],[14.731099,44.770069],[14.743595,44.760379],[14.74311,44.758339],[14.74544,44.759383],[14.746621,44.756669],[14.749091,44.75744],[14.755505,44.75166],[14.749314,44.752843],[14.741883,44.757735],[14.739723,44.757775],[14.738815,44.759317],[14.733657,44.760296],[14.732823,44.758278],[14.730033,44.75671],[14.728587,44.761562],[14.726784,44.76094],[14.726995,44.75844],[14.725585,44.756905],[14.72419,44.757354],[14.723265,44.75495],[14.723157,44.756109],[14.721209,44.756131],[14.722491,44.757557],[14.720644,44.757864],[14.720322,44.759593],[14.71786,44.75705],[14.714813,44.756442],[14.717606,44.761791],[14.715202,44.761471],[14.710724,44.757295],[14.709628,44.758927],[14.712019,44.764065],[14.707851,44.761727],[14.706456,44.75672],[14.704401,44.755306],[14.700135,44.75596],[14.69994,44.759093],[14.702386,44.762402],[14.700615,44.761173],[14.699452,44.762001],[14.699083,44.760437],[14.694899,44.75797],[14.694395,44.760266],[14.692091,44.760928],[14.692168,44.762523],[14.685907,44.762892],[14.690383,44.76676],[14.686092,44.765514],[14.68589,44.767645],[14.682099,44.765252],[14.681311,44.767121],[14.678084,44.767144],[14.679397,44.770474],[14.678225,44.772856],[14.675927,44.770745],[14.67304,44.770665],[14.669679,44.77369],[14.671266,44.775853],[14.669555,44.775285],[14.667357,44.776964],[14.666881,44.779973],[14.66916,44.782074],[14.666653,44.781532],[14.665231,44.783385],[14.664003,44.78125],[14.659644,44.787025],[14.657626,44.787331],[14.6574,44.788706],[14.654948,44.78993],[14.655692,44.793209],[14.659312,44.795584],[14.661526,44.798943],[14.664831,44.800907],[14.667338,44.800791],[14.673559,44.798056],[14.673568,44.796957],[14.674705,44.798167],[14.67581,44.795888],[14.676695,44.797863],[14.678754,44.797906],[14.679433,44.796498],[14.683016,44.797986],[14.691108,44.794073],[14.69066,44.791761],[14.693054,44.792216],[14.694115,44.790406],[14.705026,44.785181],[14.708063,44.786764],[14.707301,44.788378],[14.708613,44.79013],[14.706021,44.790158],[14.707117,44.791111],[14.705498,44.790246],[14.706754,44.790994],[14.70361,44.791454],[14.698986,44.79521],[14.703796,44.794336],[14.702245,44.798485],[14.700402,44.800418],[14.69814,44.800429],[14.700297,44.801969],[14.697379,44.80518],[14.698832,44.806857],[14.697108,44.807477],[14.699333,44.809247],[14.702666,44.808738],[14.702878,44.807025],[14.706177,44.805108],[14.707393,44.805386],[14.706836,44.8067],[14.709324,44.807208],[14.710149,44.805535],[14.707902,44.804227],[14.71059,44.80239],[14.712341,44.803045],[14.712444,44.801366],[14.714761,44.802908],[14.718304,44.801098],[14.717974,44.800125],[14.719074,44.800831],[14.718443,44.800173],[14.722192,44.799563],[14.722786,44.798272],[14.72304,44.799137],[14.726581,44.798045],[14.725526,44.799713],[14.72794,44.801524],[14.724522,44.803102],[14.725061,44.804052],[14.724087,44.803431],[14.72445,44.804549],[14.723041,44.803444],[14.72445,44.804782],[14.716067,44.81075],[14.715175,44.813651],[14.713511,44.813915],[14.709585,44.820958],[14.705027,44.822642],[14.704578,44.820943],[14.695911,44.824284],[14.692245,44.827521],[14.68932,44.832987],[14.681849,44.837923],[14.682437,44.840036],[14.679701,44.840801],[14.678288,44.844786],[14.682607,44.84558],[14.684425,44.842052],[14.689421,44.846037],[14.690982,44.845367],[14.689876,44.843963],[14.69272,44.844488],[14.692178,44.841723],[14.694761,44.843713],[14.696142,44.84339],[14.69531,44.841736],[14.696308,44.841591],[14.697719,44.843254],[14.700786,44.843759],[14.699895,44.841346],[14.703885,44.842508],[14.70505,44.84088],[14.708084,44.840909],[14.707849,44.839792],[14.709836,44.840541],[14.711709,44.839482],[14.711186,44.838539],[14.71451,44.837874],[14.712657,44.836111],[14.715671,44.836659],[14.723888,44.83157],[14.726063,44.832814],[14.724401,44.834952],[14.725737,44.834709],[14.725917,44.836963],[14.721047,44.837435],[14.721843,44.838734],[14.720178,44.839172],[14.720247,44.840765],[14.717911,44.842364],[14.722361,44.84164],[14.721644,44.843115],[14.722622,44.844692],[14.720943,44.845977],[14.722849,44.847434],[14.719472,44.847746],[14.721348,44.851588],[14.72609,44.852517],[14.725357,44.853154],[14.726968,44.854161],[14.729272,44.853434],[14.725568,44.852137],[14.725329,44.849729],[14.728762,44.850284],[14.729237,44.848708],[14.732088,44.848498],[14.735489,44.850659],[14.73515,44.849031],[14.731897,44.847091],[14.733766,44.845354],[14.737624,44.847808],[14.738781,44.845245],[14.740915,44.845492],[14.742236,44.848868],[14.748606,44.850671],[14.751171,44.850935],[14.752992,44.850658],[14.748297,44.849156],[14.748653,44.848189],[14.746293,44.847696],[14.745579,44.845808],[14.75329,44.844208],[14.751454,44.843324],[14.753013,44.842694],[14.750388,44.842344],[14.749413,44.841801],[14.752451,44.839559],[14.755792,44.84012],[14.756864,44.842209],[14.759369,44.842803],[14.760746,44.84138],[14.759512,44.840968],[14.760069,44.840155],[14.762708,44.840598],[14.763505,44.8394],[14.7624,44.838985],[14.763201,44.838337],[14.760269,44.838551],[14.760313,44.83751],[14.756834,44.837972],[14.754993,44.835592],[14.756444,44.834483],[14.754052,44.832004],[14.75636,44.829681],[14.757377,44.82612],[14.754743,44.826627],[14.752219,44.822944],[14.751077,44.824667],[14.748684,44.823344],[14.746253,44.823861],[14.745887,44.825046],[14.743057,44.82477],[14.737588,44.821519],[14.737256,44.820006],[14.746551,44.811931],[14.754831,44.807695],[14.76841,44.796223],[14.785571,44.784449],[14.79174,44.782155],[14.792302,44.780286],[14.795019,44.779785],[14.797335,44.777475],[14.796321,44.777288],[14.806017,44.770956],[14.80785,44.76811],[14.810527,44.767657],[14.819275,44.76005],[14.822933,44.758919],[14.823639,44.756127],[14.821556,44.755165],[14.817831,44.756493],[14.813123,44.751676],[14.796841,44.748307],[14.791711,44.744925],[14.788438,44.744624],[14.785871,44.747227],[14.784406,44.747116],[14.783892,44.748735],[14.781675,44.749336],[14.78079,44.748324],[14.778454,44.750732],[14.780976,44.748056],[14.77894,44.748333],[14.778042,44.747246],[14.774604,44.748999],[14.775245,44.750452],[14.773697,44.751791],[14.77066,44.752034],[14.769052,44.754146],[14.767099,44.753407],[14.767215,44.756568],[14.763016,44.755706],[14.76399,44.756361],[14.761194,44.760166],[14.759412,44.759069],[14.763219,44.753279],[14.761364,44.754122],[14.752341,44.761663],[14.752312,44.763563],[14.746908,44.763975],[14.741932,44.767895],[14.744119,44.768571],[14.739024,44.767788]]],[[[14.696466,44.801771],[14.697385,44.801218],[14.696283,44.801578],[14.696466,44.801771]]],[[[14.706595,44.809625],[14.70571,44.809348],[14.703889,44.810405],[14.705705,44.811102],[14.706595,44.809625]]],[[[14.697429,44.8128],[14.698953,44.809513],[14.69074,44.812648],[14.692439,44.813785],[14.697468,44.813807],[14.698963,44.812959],[14.697429,44.8128]]],[[[14.701552,44.811381],[14.700358,44.811996],[14.701717,44.812765],[14.70205,44.812512],[14.701552,44.811381]]],[[[14.729081,44.850486],[14.729182,44.850305],[14.728986,44.85039],[14.729081,44.850486]]],[[[14.731595,44.851583],[14.731016,44.85109],[14.730484,44.851403],[14.731595,44.851583]]],[[[14.732153,44.935168],[14.731991,44.935078],[14.732004,44.935187],[14.732153,44.935168]]],[[[14.677408,44.938438],[14.675269,44.939279],[14.672665,44.941525],[14.6775,44.940835],[14.677408,44.938438]]],[[[14.660403,44.965225],[14.660026,44.965214],[14.660403,44.965246],[14.660403,44.965225]]],[[[14.616625,45.026511],[14.619428,45.027404],[14.620715,45.026405],[14.620441,45.024877],[14.616625,45.026511]]],[[[14.692366,45.068936],[14.692397,45.068853],[14.692297,45.068856],[14.692366,45.068936]]],[[[14.722267,45.06908],[14.722241,45.069089],[14.722294,45.069095],[14.722267,45.06908]]],[[[14.626352,45.160223],[14.625757,45.16025],[14.626354,45.160445],[14.626352,45.160223]]],[[[14.612608,45.163147],[14.613743,45.163607],[14.613621,45.163201],[14.612608,45.163147]]],[[[14.609609,45.170559],[14.609155,45.170521],[14.60932,45.170802],[14.609609,45.170559]]],[[[14.614378,45.186603],[14.613975,45.186711],[14.614024,45.186823],[14.614378,45.186603]]],[[[16.378207,43.566469],[16.377365,43.566479],[16.377881,43.575152],[16.398736,43.570737],[16.394801,43.56944],[16.394128,43.564978],[16.392044,43.563444],[16.395071,43.562138],[16.395533,43.560096],[16.393317,43.557452],[16.393457,43.554939],[16.39033,43.552456],[16.39057,43.547717],[16.381114,43.54882],[16.377851,43.548018],[16.370509,43.549806],[16.373432,43.559853],[16.378207,43.566469]]],[[[14.860051,44.484437],[14.87158,44.471337],[14.872694,44.467489],[14.871776,44.466315],[14.864554,44.469288],[14.863831,44.47093],[14.848424,44.480471],[14.846251,44.485826],[14.847455,44.487205],[14.852891,44.487672],[14.860051,44.484437]]],[[[14.899948,44.526296],[14.89324,44.528631],[14.890779,44.532583],[14.881691,44.534189],[14.881091,44.535427],[14.882415,44.53815],[14.881213,44.541028],[14.870529,44.548308],[14.871095,44.551249],[14.873644,44.55344],[14.87817,44.553064],[14.881615,44.551137],[14.883682,44.55187],[14.88411,44.55411],[14.88214,44.556779],[14.880169,44.555807],[14.881925,44.557202],[14.875306,44.559566],[14.874524,44.558548],[14.874312,44.55975],[14.867264,44.5634],[14.861472,44.565052],[14.862877,44.566719],[14.866451,44.567435],[14.859577,44.575748],[14.85319,44.578592],[14.847418,44.578157],[14.847308,44.581522],[14.848515,44.581909],[14.846859,44.582857],[14.843623,44.581851],[14.842821,44.58249],[14.843884,44.584075],[14.842026,44.585242],[14.834723,44.587131],[14.834113,44.591681],[14.835333,44.592372],[14.833091,44.595585],[14.83419,44.596732],[14.826157,44.598623],[14.826275,44.599925],[14.823213,44.600707],[14.824122,44.602192],[14.821491,44.602065],[14.820621,44.603669],[14.817695,44.604328],[14.818746,44.606511],[14.812704,44.609709],[14.814765,44.611461],[14.814367,44.613216],[14.812475,44.612561],[14.807641,44.615141],[14.809777,44.616274],[14.809448,44.617473],[14.805986,44.617611],[14.806098,44.619952],[14.8024,44.619156],[14.799659,44.621947],[14.800536,44.623301],[14.79821,44.624458],[14.798148,44.626708],[14.793355,44.627206],[14.791264,44.629563],[14.788546,44.629097],[14.787138,44.630696],[14.788727,44.632945],[14.786385,44.632973],[14.7814,44.637021],[14.782611,44.639412],[14.778454,44.640211],[14.778247,44.642492],[14.779658,44.64271],[14.78009,44.644215],[14.776649,44.643793],[14.774679,44.645151],[14.773727,44.646562],[14.775055,44.647425],[14.771301,44.650348],[14.772925,44.652507],[14.770487,44.653272],[14.770754,44.654553],[14.76697,44.654506],[14.767105,44.656252],[14.762357,44.657145],[14.761539,44.659261],[14.759172,44.659605],[14.758506,44.661343],[14.755098,44.66323],[14.756337,44.665982],[14.752589,44.667375],[14.751976,44.671949],[14.749195,44.672748],[14.749275,44.675128],[14.746532,44.676125],[14.746664,44.678924],[14.744608,44.679477],[14.743109,44.680888],[14.743401,44.682392],[14.733481,44.690358],[14.736751,44.692425],[14.732893,44.693862],[14.735104,44.696659],[14.732379,44.704122],[14.768015,44.679458],[14.774794,44.670035],[14.779127,44.666688],[14.778576,44.665753],[14.791779,44.655458],[14.791485,44.653678],[14.796607,44.650537],[14.79675,44.649128],[14.803972,44.64349],[14.803203,44.641398],[14.80624,44.639407],[14.805733,44.638504],[14.807843,44.636273],[14.812789,44.634634],[14.811804,44.633856],[14.813519,44.632792],[14.813534,44.629234],[14.815458,44.630543],[14.820021,44.628006],[14.823728,44.622706],[14.823283,44.62153],[14.829467,44.620177],[14.829655,44.618446],[14.832074,44.617875],[14.833298,44.615322],[14.8353,44.615571],[14.836641,44.613663],[14.83955,44.613202],[14.840139,44.612233],[14.838165,44.610349],[14.841488,44.610855],[14.841759,44.608558],[14.845548,44.607143],[14.839595,44.604908],[14.847017,44.605245],[14.852557,44.603392],[14.852652,44.601801],[14.857806,44.596132],[14.861168,44.594423],[14.864491,44.58902],[14.868126,44.586867],[14.870254,44.583326],[14.877029,44.579265],[14.87827,44.576546],[14.883155,44.572793],[14.886685,44.571023],[14.890121,44.572299],[14.889242,44.577187],[14.87438,44.59653],[14.873624,44.603312],[14.870193,44.604116],[14.871275,44.607684],[14.875026,44.608492],[14.877648,44.610978],[14.882312,44.610697],[14.881577,44.609421],[14.883743,44.610557],[14.889245,44.610174],[14.896158,44.608335],[14.898097,44.609692],[14.900973,44.608434],[14.90283,44.609102],[14.90481,44.607662],[14.90597,44.609049],[14.904548,44.609819],[14.905033,44.610948],[14.908548,44.612374],[14.916637,44.605592],[14.911724,44.605885],[14.906996,44.602388],[14.91153,44.602455],[14.913438,44.604006],[14.91638,44.603489],[14.911882,44.601604],[14.911501,44.600785],[14.912967,44.600512],[14.919453,44.602959],[14.920437,44.602248],[14.916925,44.599471],[14.922372,44.601198],[14.925869,44.594349],[14.927475,44.596649],[14.930239,44.597763],[14.933666,44.594385],[14.934615,44.591698],[14.936615,44.590976],[14.936031,44.588037],[14.943326,44.586315],[14.942263,44.584064],[14.945003,44.579954],[14.946156,44.57923],[14.949783,44.580746],[14.949298,44.578944],[14.952252,44.581095],[14.954362,44.580501],[14.953582,44.578771],[14.957693,44.577986],[14.958576,44.575629],[14.961131,44.574257],[14.95783,44.572811],[14.963104,44.572014],[14.963204,44.57086],[14.959049,44.568443],[14.959876,44.56702],[14.963433,44.567156],[14.960897,44.564478],[14.964193,44.56418],[14.963868,44.559249],[14.965203,44.559797],[14.964803,44.558251],[14.957602,44.555371],[14.948671,44.548959],[14.940179,44.545751],[14.936951,44.543122],[14.931357,44.546579],[14.924009,44.547972],[14.922156,44.549597],[14.917005,44.549231],[14.915091,44.546298],[14.919274,44.543395],[14.914794,44.54207],[14.915488,44.538432],[14.903542,44.53271],[14.908416,44.529757],[14.905975,44.526628],[14.901817,44.523172],[14.899948,44.526296]]],[[[14.951847,44.582357],[14.951741,44.581933],[14.951551,44.582124],[14.951847,44.582357]]],[[[14.909336,44.603509],[14.909491,44.603281],[14.909129,44.603435],[14.909336,44.603509]]],[[[14.880811,44.611368],[14.880481,44.611102],[14.880427,44.611601],[14.880811,44.611368]]],[[[14.822725,44.624784],[14.822995,44.624568],[14.82256,44.624632],[14.822725,44.624784]]],[[[14.767115,44.753232],[14.767193,44.750403],[14.765368,44.751548],[14.767115,44.753232]]],[[[14.753106,44.821179],[14.75355,44.820654],[14.753306,44.820789],[14.753106,44.821179]]],[[[14.747008,44.82163],[14.746208,44.820632],[14.745868,44.820929],[14.747008,44.82163]]],[[[14.753111,44.822398],[14.75436,44.821303],[14.753597,44.821088],[14.753111,44.822398]]],[[[14.826385,44.824005],[14.828784,44.823416],[14.828801,44.82285],[14.827591,44.822889],[14.826385,44.824005]]],[[[14.826234,44.824802],[14.826169,44.826369],[14.826681,44.824997],[14.826234,44.824802]]],[[[14.826136,44.827031],[14.825581,44.826275],[14.825578,44.827181],[14.826136,44.827031]]],[[[14.829684,44.831922],[14.83007,44.831796],[14.8302,44.831632],[14.829684,44.831922]]],[[[14.758764,44.833858],[14.756858,44.831764],[14.755906,44.832094],[14.758764,44.833858]]],[[[14.828973,44.833053],[14.829054,44.832971],[14.828935,44.833087],[14.828973,44.833053]]],[[[14.828507,44.833965],[14.828483,44.833972],[14.828506,44.83405],[14.828507,44.833965]]],[[[14.807928,44.837314],[14.808059,44.837244],[14.807948,44.837188],[14.807928,44.837314]]],[[[14.826057,44.828013],[14.822936,44.827026],[14.818943,44.830917],[14.818616,44.833965],[14.816757,44.834532],[14.817197,44.838454],[14.815321,44.837778],[14.813766,44.835015],[14.806014,44.839269],[14.804733,44.838837],[14.803697,44.840269],[14.804606,44.840793],[14.800727,44.84512],[14.8029,44.845638],[14.801132,44.8462],[14.80216,44.847324],[14.801115,44.851433],[14.812506,44.848233],[14.826849,44.849994],[14.839001,44.846921],[14.839857,44.844972],[14.83908,44.843843],[14.840566,44.841755],[14.83843,44.840122],[14.83967,44.839306],[14.838757,44.836836],[14.836437,44.836011],[14.834038,44.838144],[14.832236,44.837042],[14.827983,44.837823],[14.828022,44.834248],[14.829512,44.831994],[14.824347,44.832802],[14.825544,44.830495],[14.823911,44.829662],[14.826057,44.828013]]],[[[14.834537,44.848758],[14.834619,44.848789],[14.834636,44.848736],[14.834537,44.848758]]],[[[14.817766,44.849853],[14.81794,44.849887],[14.817886,44.849794],[14.817766,44.849853]]],[[[14.816283,44.849916],[14.816433,44.849713],[14.816263,44.849702],[14.816283,44.849916]]],[[[14.747629,44.885005],[14.769407,44.872188],[14.77103,44.872313],[14.772586,44.870637],[14.772107,44.869022],[14.775815,44.867666],[14.778325,44.862591],[14.780303,44.863545],[14.782211,44.859436],[14.781058,44.8569],[14.777356,44.856248],[14.77571,44.854508],[14.767935,44.856543],[14.767645,44.855402],[14.76039,44.855715],[14.755057,44.856664],[14.754189,44.858173],[14.748311,44.858702],[14.745997,44.859926],[14.744942,44.864799],[14.738486,44.869466],[14.73899,44.871713],[14.734921,44.873466],[14.735654,44.875406],[14.738178,44.874443],[14.742093,44.875045],[14.744684,44.873407],[14.748479,44.874816],[14.747527,44.875992],[14.74849,44.876884],[14.746556,44.877493],[14.745109,44.881485],[14.747274,44.88185],[14.746103,44.883154],[14.747629,44.885005]]],[[[14.775282,44.933212],[14.779248,44.930603],[14.783292,44.931691],[14.784039,44.929645],[14.787304,44.929889],[14.787387,44.927039],[14.790836,44.928413],[14.793806,44.927537],[14.800867,44.921867],[14.814035,44.917343],[14.815185,44.914039],[14.818804,44.91487],[14.819295,44.911353],[14.824023,44.908595],[14.823341,44.907252],[14.827442,44.907055],[14.82994,44.904844],[14.830159,44.904062],[14.827583,44.904069],[14.825891,44.901476],[14.828685,44.900662],[14.829654,44.898521],[14.832408,44.897556],[14.833964,44.895453],[14.834583,44.894294],[14.833279,44.893532],[14.836224,44.888144],[14.835471,44.886513],[14.838455,44.884138],[14.802008,44.897916],[14.791038,44.904304],[14.781196,44.904576],[14.780199,44.907025],[14.770627,44.91136],[14.770436,44.915871],[14.766463,44.920144],[14.768584,44.921573],[14.766682,44.922453],[14.769044,44.927296],[14.768827,44.931215],[14.766965,44.932313],[14.770845,44.933582],[14.775282,44.933212]]],[[[14.769495,44.934511],[14.770124,44.934623],[14.769783,44.934107],[14.769495,44.934511]]],[[[14.762955,44.94072],[14.762859,44.940691],[14.762835,44.94076],[14.762955,44.94072]]],[[[14.78841,44.964421],[14.788292,44.964377],[14.788353,44.96445],[14.78841,44.964421]]],[[[14.833559,44.996939],[14.836676,44.995885],[14.833231,44.994646],[14.833559,44.996939]]],[[[14.742567,45.055899],[14.742546,45.055837],[14.742512,45.055887],[14.742567,45.055899]]],[[[14.742414,45.055979],[14.742378,45.055898],[14.742361,45.055952],[14.742414,45.055979]]],[[[14.742265,45.056133],[14.74227,45.056022],[14.742145,45.05611],[14.742265,45.056133]]],[[[14.73443,45.072083],[14.734358,45.07215],[14.734474,45.072158],[14.73443,45.072083]]],[[[14.734461,45.072224],[14.734316,45.072406],[14.734537,45.072554],[14.734461,45.072224]]]]},"properties":{"id":7,"slug":"biskupija-krk","name":"Biskupija Krk","kind":"biskupija","seat":"Krk","oib":"73790034362","area_km2":1094.0,"population":45450,"settlement_count":125,"parish_count":51,"church_count":64,"method":"naselja (DGU) → biskupija sjedeće/najbliže župe, spojeno"}},{"type":"Feature","id":4,"geometry":{"type":"MultiPolygon","coordinates":[[[[13.613841,45.04286],[13.61388,45.043655],[13.614567,45.04271],[13.613841,45.04286]]],[[[13.618707,45.04673],[13.625135,45.047737],[13.626705,45.046459],[13.62409,45.045667],[13.622927,45.047097],[13.619942,45.045707],[13.618707,45.04673]]],[[[13.611322,45.073784],[13.610509,45.07431],[13.611542,45.074364],[13.611322,45.073784]]],[[[13.618742,45.092969],[13.61917,45.093277],[13.6192,45.092946],[13.618742,45.092969]]],[[[13.620725,45.096337],[13.62174,45.094],[13.620016,45.093932],[13.620725,45.096337]]],[[[13.59889,45.132724],[13.596303,45.133481],[13.59772,45.135724],[13.600389,45.134131],[13.59889,45.132724]]],[[[13.580696,45.142573],[13.58523,45.142046],[13.582892,45.141454],[13.580696,45.142573]]],[[[13.589559,45.143752],[13.588999,45.144192],[13.589605,45.144232],[13.589559,45.143752]]],[[[13.569381,45.146891],[13.569308,45.146969],[13.569395,45.146936],[13.569381,45.146891]]],[[[13.593746,45.14779],[13.594403,45.148759],[13.590448,45.150442],[13.594711,45.150917],[13.595146,45.149104],[13.59722,45.148422],[13.596896,45.146953],[13.593746,45.14779]]],[[[13.59351,45.153546],[13.594534,45.153897],[13.594354,45.153418],[13.59351,45.153546]]],[[[13.587224,45.156763],[13.586814,45.156941],[13.587225,45.156949],[13.587224,45.156763]]],[[[13.604652,45.157596],[13.60547,45.157043],[13.603248,45.157132],[13.604652,45.157596]]],[[[13.599305,45.158001],[13.599971,45.157679],[13.59926,45.157952],[13.599305,45.158001]]],[[[13.600956,45.157952],[13.603156,45.159775],[13.603713,45.157918],[13.600956,45.157952]]],[[[13.601234,45.160524],[13.601928,45.161669],[13.603553,45.160506],[13.602899,45.160063],[13.601234,45.160524]]],[[[13.592647,45.160785],[13.591863,45.161468],[13.592897,45.161306],[13.592647,45.160785]]],[[[13.596847,45.164162],[13.597885,45.16373],[13.596776,45.16384],[13.596847,45.164162]]],[[[13.583973,45.163572],[13.58483,45.164574],[13.585608,45.163803],[13.583973,45.163572]]],[[[13.592867,45.166294],[13.594212,45.166812],[13.593747,45.166025],[13.592867,45.166294]]],[[[13.582666,45.168694],[13.581153,45.168475],[13.581384,45.169197],[13.582666,45.168694]]],[[[13.591536,45.171728],[13.590084,45.172208],[13.591747,45.172647],[13.591536,45.171728]]],[[[13.578237,45.174585],[13.57875,45.174713],[13.578761,45.174489],[13.578237,45.174585]]],[[[13.583024,45.177041],[13.584236,45.178697],[13.586772,45.177741],[13.58577,45.176542],[13.583024,45.177041]]],[[[13.598301,45.171985],[13.590934,45.173136],[13.588605,45.175726],[13.592467,45.177747],[13.600327,45.176851],[13.598652,45.178356],[13.603832,45.178181],[13.603514,45.180771],[13.598234,45.183226],[13.594589,45.186916],[13.594063,45.185695],[13.589007,45.185963],[13.590995,45.189267],[13.585428,45.190554],[13.584855,45.194009],[13.585371,45.193612],[13.586178,45.194264],[13.58098,45.196357],[13.580119,45.195667],[13.580966,45.196569],[13.579706,45.197978],[13.586859,45.2],[13.590535,45.198655],[13.589772,45.201327],[13.585993,45.204194],[13.587209,45.205784],[13.589101,45.205726],[13.588207,45.204931],[13.590395,45.204288],[13.589534,45.203062],[13.59073,45.202531],[13.594851,45.202893],[13.594672,45.203901],[13.598486,45.202904],[13.599232,45.204451],[13.595505,45.208128],[13.591071,45.20686],[13.587147,45.20908],[13.592021,45.20937],[13.588573,45.213456],[13.594711,45.214004],[13.593583,45.214299],[13.594406,45.215921],[13.592158,45.21891],[13.593531,45.220709],[13.594459,45.220266],[13.593923,45.224585],[13.594065,45.223534],[13.596034,45.223534],[13.594513,45.226076],[13.588836,45.227723],[13.592261,45.229394],[13.59638,45.227878],[13.598271,45.228647],[13.5988,45.231765],[13.594628,45.23749],[13.596847,45.238284],[13.596692,45.239895],[13.600837,45.243657],[13.589473,45.248992],[13.595413,45.25219],[13.595519,45.254124],[13.594074,45.254862],[13.591984,45.25567],[13.58401,45.253182],[13.582163,45.25507],[13.575696,45.255811],[13.578782,45.259073],[13.580875,45.259409],[13.58006,45.261317],[13.582698,45.264304],[13.58115,45.265539],[13.576835,45.265889],[13.575487,45.263487],[13.572765,45.264589],[13.577021,45.26818],[13.579846,45.268853],[13.579691,45.271162],[13.582427,45.27252],[13.58278,45.274465],[13.580894,45.27719],[13.581989,45.27791],[13.583416,45.277935],[13.584025,45.275933],[13.587977,45.275628],[13.590833,45.276672],[13.593274,45.275433],[13.596175,45.275793],[13.596662,45.277095],[13.598617,45.274314],[13.598287,45.276173],[13.605545,45.276824],[13.60025,45.27732],[13.595905,45.279666],[13.60228,45.285903],[13.596926,45.282775],[13.592368,45.282947],[13.591946,45.285339],[13.59103,45.283961],[13.58752,45.283728],[13.582227,45.287259],[13.581168,45.289894],[13.568504,45.298261],[13.575303,45.30041],[13.580638,45.298573],[13.590307,45.297566],[13.587096,45.301858],[13.591358,45.30584],[13.600472,45.308208],[13.605754,45.311912],[13.613007,45.311551],[13.614452,45.314052],[13.6101,45.313451],[13.604663,45.315316],[13.593165,45.315074],[13.603761,45.315763],[13.607506,45.318877],[13.606221,45.319317],[13.60383,45.317359],[13.584923,45.314932],[13.582733,45.313551],[13.572359,45.313649],[13.567808,45.31624],[13.564545,45.314417],[13.55942,45.31465],[13.557389,45.315225],[13.556138,45.316343],[13.555483,45.317645],[13.55666,45.316074],[13.559517,45.31778],[13.559012,45.318622],[13.561506,45.318342],[13.562049,45.317255],[13.560846,45.316547],[13.562432,45.316519],[13.562245,45.318452],[13.56453,45.319414],[13.563587,45.320097],[13.56426,45.321592],[13.557753,45.32412],[13.55575,45.32134],[13.552754,45.32126],[13.551242,45.322542],[13.551609,45.325614],[13.540787,45.327825],[13.539158,45.329354],[13.538761,45.330599],[13.544178,45.333283],[13.543881,45.334704],[13.540408,45.336556],[13.54029,45.338197],[13.544491,45.34057],[13.539328,45.3478],[13.540182,45.349159],[13.537851,45.352095],[13.540218,45.352844],[13.541827,45.35162],[13.54739,45.352991],[13.551109,45.354166],[13.551857,45.356554],[13.555599,45.3567],[13.55633,45.35784],[13.554539,45.359358],[13.551897,45.359455],[13.552174,45.360322],[13.542472,45.360791],[13.541416,45.361986],[13.540938,45.368848],[13.545251,45.372771],[13.53518,45.375382],[13.544535,45.377442],[13.545387,45.378575],[13.538555,45.381718],[13.538581,45.380667],[13.532225,45.386626],[13.535005,45.389766],[13.54069,45.391933],[13.536943,45.392523],[13.533544,45.395547],[13.530884,45.395898],[13.537139,45.401722],[13.530597,45.40263],[13.527313,45.406694],[13.524255,45.407749],[13.52357,45.410788],[13.519774,45.411837],[13.51543,45.415462],[13.515375,45.418245],[13.517483,45.421322],[13.515576,45.423342],[13.521303,45.421595],[13.521019,45.422916],[13.523933,45.424339],[13.523943,45.425998],[13.518024,45.427936],[13.519871,45.432858],[13.516696,45.433033],[13.514079,45.434755],[13.512848,45.43623],[13.51505,45.434143],[13.518101,45.434615],[13.520064,45.433584],[13.522744,45.434112],[13.524194,45.437221],[13.522032,45.439822],[13.51598,45.440773],[13.517961,45.439727],[13.517742,45.438453],[13.515618,45.438095],[13.517671,45.438482],[13.515594,45.438862],[13.517739,45.438902],[13.51594,45.439628],[13.517874,45.439695],[13.514567,45.440455],[13.515483,45.439777],[13.51381,45.439834],[13.515313,45.439295],[13.513495,45.439368],[13.514976,45.438816],[13.513139,45.438892],[13.514626,45.438331],[13.512944,45.438407],[13.514491,45.437705],[13.512372,45.438627],[13.51274,45.440665],[13.509911,45.440511],[13.509818,45.441421],[13.509306,45.441148],[13.510114,45.440159],[13.508601,45.441623],[13.509533,45.443473],[13.511432,45.443978],[13.510721,45.444706],[13.515582,45.445788],[13.515915,45.447631],[13.51476,45.448084],[13.518976,45.448821],[13.518337,45.449832],[13.516148,45.448566],[13.51422,45.449061],[13.512055,45.451257],[13.515194,45.452453],[13.515234,45.451085],[13.51682,45.450979],[13.515401,45.452666],[13.517607,45.453431],[13.513728,45.457092],[13.514245,45.458483],[13.50852,45.458512],[13.511541,45.459855],[13.5113,45.462051],[13.514055,45.463377],[13.509014,45.465438],[13.509148,45.468123],[13.506299,45.46731],[13.508896,45.468344],[13.508769,45.469938],[13.51108,45.471937],[13.510388,45.473701],[13.503235,45.476059],[13.503753,45.477268],[13.50154,45.47746],[13.489721,45.486992],[13.491099,45.487308],[13.490511,45.489957],[13.49167,45.491091],[13.499051,45.492291],[13.497123,45.49761],[13.499573,45.49908],[13.505671,45.499625],[13.502156,45.501665],[13.505956,45.504592],[13.511388,45.505139],[13.517363,45.501974],[13.529207,45.499938],[13.555718,45.490652],[13.573665,45.48112],[13.57817,45.480085],[13.580834,45.477572],[13.582948,45.477258],[13.585166,45.478782],[13.6012,45.467622],[13.609024,45.464802],[13.627729,45.462567],[13.650383,45.456439],[13.651369,45.45417],[13.655382,45.452278],[13.661657,45.451843],[13.664541,45.447148],[13.670895,45.445816],[13.674962,45.442683],[13.677776,45.443527],[13.676661,45.444746],[13.679922,45.444072],[13.685141,45.44603],[13.685495,45.447428],[13.69207,45.449999],[13.697173,45.454252],[13.700555,45.453901],[13.703484,45.455428],[13.70322,45.456873],[13.708131,45.457198],[13.708591,45.455958],[13.706628,45.455517],[13.708182,45.452526],[13.7233,45.456244],[13.725108,45.455652],[13.724389,45.458992],[13.726507,45.459919],[13.731285,45.458844],[13.740628,45.461464],[13.751108,45.460541],[13.759604,45.462447],[13.766066,45.467287],[13.768193,45.466951],[13.769687,45.465064],[13.772864,45.465791],[13.776692,45.463954],[13.780792,45.466632],[13.783233,45.465695],[13.786428,45.46646],[13.797961,45.462689],[13.807454,45.456918],[13.808121,45.455143],[13.804987,45.451839],[13.805095,45.446088],[13.802945,45.444385],[13.814235,45.441142],[13.814764,45.434336],[13.826524,45.435435],[13.851079,45.432427],[13.851184,45.431003],[13.855357,45.428399],[13.854437,45.425622],[13.861817,45.427827],[13.863798,45.42625],[13.864417,45.427329],[13.876912,45.426766],[13.877703,45.425086],[13.877872,45.426733],[13.887112,45.425831],[13.887134,45.429821],[13.89285,45.437844],[13.897955,45.438265],[13.897528,45.441763],[13.905769,45.445613],[13.90992,45.449423],[13.908763,45.451136],[13.914641,45.453543],[13.923842,45.452189],[13.925908,45.452565],[13.925748,45.453913],[13.944214,45.454211],[13.946592,45.456519],[13.957014,45.45554],[13.970733,45.44762],[13.973309,45.450737],[13.984925,45.456065],[13.985432,45.458435],[13.98712,45.459007],[13.985292,45.461633],[13.986795,45.464909],[13.985177,45.468617],[13.987897,45.470386],[13.990994,45.470262],[14.007768,45.463515],[14.01355,45.464699],[14.025354,45.461381],[14.031983,45.454854],[14.036626,45.455221],[14.035456,45.451719],[14.032594,45.451635],[14.03341,45.451003],[14.035872,45.451198],[14.036134,45.449613],[14.045047,45.446896],[14.055847,45.439701],[14.063157,45.438905],[14.065798,45.439263],[14.067667,45.441349],[14.074832,45.441171],[14.081036,45.448501],[14.083994,45.456791],[14.085488,45.45757],[14.084704,45.45958],[14.090355,45.45837],[14.092802,45.46048],[14.101551,45.458229],[14.107188,45.459825],[14.118902,45.450795],[14.120879,45.443179],[14.13514,45.432251],[14.166498,45.415325],[14.185663,45.410107],[14.189116,45.407309],[14.194546,45.407648],[14.204823,45.404202],[14.206434,45.400757],[14.188413,45.392644],[14.182491,45.38551],[14.186321,45.376967],[14.202395,45.37036],[14.204055,45.346622],[14.217016,45.325437],[14.215634,45.323278],[14.216734,45.315306],[14.215713,45.309574],[14.224477,45.312945],[14.225534,45.311807],[14.227059,45.300299],[14.219853,45.302723],[14.210632,45.302753],[14.204033,45.297607],[14.201444,45.277317],[14.196891,45.275788],[14.196061,45.273551],[14.198254,45.269655],[14.198824,45.2635],[14.205077,45.257042],[14.191907,45.249579],[14.198827,45.232366],[14.205562,45.219962],[14.203729,45.21778],[14.206703,45.217182],[14.206887,45.213923],[14.20514,45.210459],[14.205717,45.18509],[14.201949,45.17251],[14.195602,45.165022],[14.204748,45.162258],[14.210547,45.163033],[14.218086,45.155679],[14.226404,45.15378],[14.228535,45.149494],[14.227217,45.146899],[14.222814,45.144016],[14.225495,45.142309],[14.224465,45.138032],[14.22295,45.136305],[14.216657,45.134823],[14.21621,45.130726],[14.213348,45.127924],[14.213457,45.124046],[14.207646,45.116159],[14.204638,45.116639],[14.202122,45.119778],[14.193883,45.122276],[14.189475,45.128294],[14.182234,45.132653],[14.174114,45.134706],[14.17351,45.133824],[14.181947,45.130821],[14.186432,45.127173],[14.187821,45.121698],[14.196043,45.116663],[14.198441,45.110752],[14.197298,45.109909],[14.19846,45.108701],[14.197585,45.105902],[14.192406,45.099747],[14.18954,45.093211],[14.182337,45.088323],[14.180678,45.085902],[14.178858,45.086351],[14.179186,45.084372],[14.175976,45.079972],[14.168903,45.076131],[14.166234,45.072911],[14.160873,45.073862],[14.15899,45.079014],[14.157343,45.078119],[14.153529,45.079814],[14.152,45.079002],[14.153524,45.069417],[14.147731,45.067167],[14.155154,45.065519],[14.154526,45.063682],[14.156571,45.061987],[14.156273,45.059726],[14.159868,45.059074],[14.158557,45.055683],[14.155018,45.055088],[14.155752,45.053353],[14.154882,45.052725],[14.159213,45.051566],[14.158262,45.049299],[14.163131,45.043992],[14.162732,45.041009],[14.159873,45.042434],[14.153788,45.049089],[14.144181,45.055079],[14.142073,45.052891],[14.149803,45.047276],[14.153691,45.04266],[14.155901,45.037298],[14.160885,45.032856],[14.161028,45.03164],[14.159592,45.03123],[14.154738,45.033617],[14.156628,45.029969],[14.155057,45.028161],[14.156959,45.027701],[14.160943,45.023253],[14.159027,45.020607],[14.163024,45.021202],[14.16439,45.019775],[14.164919,45.016911],[14.162156,45.014617],[14.166259,45.014336],[14.168385,45.010144],[14.167506,45.005825],[14.165936,45.005214],[14.170961,44.994156],[14.170456,44.989854],[14.171827,44.986465],[14.169838,44.97992],[14.168966,44.978935],[14.165693,44.979142],[14.165814,44.975904],[14.163701,44.974548],[14.163961,44.973441],[14.161813,44.973611],[14.161174,44.971814],[14.159014,44.971539],[14.149955,44.958742],[14.146659,44.956878],[14.143958,44.957028],[14.139649,44.960707],[14.137356,44.967613],[14.135731,44.967642],[14.133111,44.964918],[14.128373,44.964784],[14.122204,44.961787],[14.11908,44.963783],[14.118203,44.965917],[14.121228,44.967835],[14.116042,44.971348],[14.110549,44.970445],[14.109172,44.971693],[14.095545,44.963703],[14.086457,44.961021],[14.081174,44.9571],[14.075704,44.946831],[14.064759,44.945197],[14.069813,44.950407],[14.06797,44.95244],[14.069896,44.956968],[14.068583,44.957002],[14.068102,44.959464],[14.073768,44.964607],[14.072686,44.96932],[14.078896,44.9713],[14.086357,44.970482],[14.086305,44.968596],[14.093919,44.972147],[14.096734,44.970974],[14.096717,44.969024],[14.100716,44.972952],[14.098066,44.975512],[14.097365,44.973295],[14.093508,44.97575],[14.089632,44.976013],[14.086984,44.981431],[14.08775,44.985113],[14.081642,44.984901],[14.079985,44.988175],[14.079534,44.994598],[14.076061,44.997718],[14.078437,45.003333],[14.077246,45.005753],[14.074056,45.002683],[14.068574,45.00019],[14.064355,45.000226],[14.061773,45.002545],[14.058253,45.001776],[14.054905,45.003126],[14.054312,45.006829],[14.060099,45.014741],[14.059711,45.017056],[14.058108,45.019866],[14.053307,45.021797],[14.053842,45.026879],[14.049888,45.029575],[14.048821,45.032374],[14.039155,45.031356],[14.038782,45.028941],[14.042247,45.024642],[14.042905,45.019727],[14.046581,45.016582],[14.046834,45.014698],[14.042048,45.007281],[14.037366,45.003495],[14.037435,45.00079],[14.046344,45.000113],[14.049061,44.998558],[14.047978,44.996394],[14.048709,44.995539],[14.052718,44.996762],[14.069864,44.992957],[14.070967,44.991717],[14.071223,44.984317],[14.073136,44.980454],[14.07663,44.978045],[14.07215,44.975618],[14.064227,44.978243],[14.063489,44.977245],[14.066016,44.976067],[14.066887,44.974176],[14.0635,44.97098],[14.064557,44.967207],[14.059327,44.965499],[14.05589,44.962758],[14.052343,44.962942],[14.056773,44.959258],[14.050554,44.955175],[14.052941,44.954185],[14.054636,44.950843],[14.053595,44.947828],[14.050223,44.946897],[14.036701,44.951311],[14.036367,44.953633],[14.033742,44.953792],[14.029411,44.958941],[14.02387,44.962417],[14.022375,44.966701],[14.020995,44.967302],[14.008962,44.96405],[14.004236,44.965046],[13.999808,44.961605],[13.997302,44.961425],[13.996586,44.962585],[13.995466,44.961608],[13.994738,44.963047],[13.990594,44.963853],[13.986616,44.9586],[13.988778,44.955319],[13.988904,44.950783],[13.983677,44.948223],[13.979944,44.950442],[13.979611,44.94833],[13.977648,44.950442],[13.978224,44.952204],[13.977038,44.954225],[13.972746,44.949121],[13.975655,44.948164],[13.97896,44.929121],[13.981853,44.929056],[13.983674,44.926465],[13.985837,44.926347],[13.988218,44.926922],[13.990151,44.929765],[13.991248,44.929428],[13.993731,44.926752],[13.992951,44.921862],[14.000777,44.921863],[14.004935,44.914828],[14.009289,44.914504],[14.015422,44.916687],[14.019228,44.916421],[14.02063,44.914978],[14.023937,44.915165],[14.029798,44.912764],[14.02557,44.910191],[14.027375,44.908477],[14.026166,44.908007],[14.027516,44.906691],[14.027065,44.904917],[14.023092,44.904656],[14.024261,44.903368],[14.023482,44.902169],[14.01961,44.90227],[14.019037,44.899129],[14.015558,44.896337],[14.01378,44.900679],[14.012196,44.901444],[14.012285,44.899452],[14.010251,44.899214],[14.011224,44.897725],[14.006635,44.894487],[14.007516,44.893567],[14.006687,44.892798],[14.000312,44.892635],[13.998013,44.894137],[13.99601,44.891956],[13.98769,44.896778],[13.983382,44.902662],[13.982095,44.903176],[13.980522,44.901812],[13.98328,44.896991],[13.980339,44.894213],[13.981134,44.892596],[13.984519,44.893867],[13.990978,44.88977],[13.991363,44.888395],[13.989284,44.887208],[13.994884,44.886401],[14.001128,44.888042],[14.003033,44.887423],[14.003596,44.883277],[13.998786,44.880061],[13.995057,44.881297],[13.99295,44.878616],[13.990283,44.878435],[13.993103,44.876737],[13.990791,44.873706],[13.99553,44.873258],[13.99489,44.871241],[13.997014,44.870312],[13.994687,44.867208],[14.000474,44.865211],[14.000716,44.862659],[13.997571,44.863152],[13.992544,44.861324],[13.991774,44.857231],[13.989512,44.854909],[13.984695,44.854483],[13.98286,44.852507],[13.98056,44.853547],[13.982284,44.851263],[13.982218,44.848501],[13.978158,44.840395],[13.982227,44.836067],[13.985217,44.83528],[13.986567,44.832175],[13.989051,44.831131],[13.988748,44.828749],[13.984976,44.828225],[13.985885,44.825779],[13.983304,44.824811],[13.981537,44.825599],[13.982394,44.82467],[13.978492,44.823391],[13.976608,44.82077],[13.971525,44.820661],[13.974038,44.819842],[13.974352,44.818492],[13.975956,44.819226],[13.975008,44.818148],[13.976057,44.817152],[13.978415,44.818082],[13.983994,44.817418],[13.984666,44.821743],[13.987376,44.82052],[13.990203,44.821091],[13.991646,44.819864],[13.990656,44.818236],[13.991807,44.817683],[13.989844,44.815884],[13.991674,44.815421],[13.991992,44.814102],[14.000256,44.811508],[13.99893,44.808867],[13.994293,44.807851],[14.003149,44.805833],[14.001993,44.802974],[13.999144,44.802324],[13.992378,44.804227],[13.990704,44.805979],[13.988072,44.804887],[13.98749,44.803121],[13.976288,44.803221],[13.97232,44.805225],[13.963564,44.803403],[13.958828,44.805404],[13.952686,44.803529],[13.94775,44.803551],[13.943485,44.805775],[13.942968,44.809107],[13.941175,44.81077],[13.934307,44.813955],[13.929654,44.811879],[13.93049,44.809824],[13.932558,44.809381],[13.929674,44.805751],[13.931652,44.803597],[13.929559,44.803144],[13.929682,44.805223],[13.926312,44.807942],[13.927888,44.810095],[13.928203,44.814306],[13.932066,44.814988],[13.933759,44.816406],[13.933312,44.818086],[13.932354,44.817795],[13.933138,44.818054],[13.93225,44.819276],[13.93079,44.818603],[13.931829,44.819692],[13.929827,44.820088],[13.927687,44.816518],[13.922389,44.816324],[13.921428,44.818863],[13.922401,44.820306],[13.92348,44.821104],[13.926798,44.819675],[13.928348,44.821429],[13.92488,44.822499],[13.923911,44.825727],[13.920095,44.825321],[13.9146,44.829271],[13.909833,44.830096],[13.908773,44.829483],[13.910509,44.824718],[13.908334,44.822145],[13.906981,44.823728],[13.898545,44.824485],[13.901004,44.822346],[13.902216,44.822788],[13.901241,44.822297],[13.902773,44.822196],[13.901737,44.821741],[13.903083,44.821839],[13.902451,44.820962],[13.903699,44.821931],[13.902471,44.820934],[13.902511,44.818444],[13.901112,44.817708],[13.893821,44.820532],[13.89282,44.822723],[13.889481,44.824482],[13.883994,44.824007],[13.882529,44.821723],[13.882915,44.820375],[13.887393,44.81884],[13.887833,44.817082],[13.891968,44.816089],[13.895855,44.817189],[13.901106,44.814949],[13.913003,44.814535],[13.914326,44.812787],[13.918168,44.811965],[13.916051,44.808668],[13.91953,44.808823],[13.918768,44.805919],[13.924347,44.802692],[13.919894,44.800855],[13.920912,44.799139],[13.919431,44.797256],[13.921388,44.795942],[13.918663,44.796191],[13.916709,44.792365],[13.913771,44.792787],[13.914738,44.790979],[13.914,44.789346],[13.915987,44.78585],[13.919426,44.78576],[13.91741,44.785164],[13.917298,44.782519],[13.920337,44.780516],[13.919305,44.778855],[13.916726,44.779024],[13.912413,44.775579],[13.91409,44.77452],[13.921798,44.776925],[13.921167,44.774962],[13.922626,44.773613],[13.916957,44.772014],[13.920768,44.771681],[13.924449,44.769396],[13.926524,44.769758],[13.924209,44.76657],[13.921572,44.767815],[13.919066,44.766166],[13.916723,44.768095],[13.905354,44.769425],[13.907719,44.772315],[13.905295,44.775066],[13.906272,44.776978],[13.903651,44.778392],[13.904806,44.781495],[13.903436,44.782913],[13.907146,44.785856],[13.906224,44.786827],[13.901668,44.786242],[13.903544,44.789481],[13.900926,44.791613],[13.904877,44.797326],[13.902635,44.797534],[13.901885,44.799226],[13.904244,44.801464],[13.904228,44.80571],[13.901654,44.807853],[13.902664,44.808349],[13.900162,44.809112],[13.89799,44.808133],[13.892459,44.809819],[13.888773,44.808526],[13.885877,44.810399],[13.880051,44.805617],[13.873063,44.804973],[13.874558,44.806897],[13.878255,44.808048],[13.878325,44.810372],[13.875492,44.808776],[13.871712,44.808886],[13.87057,44.810368],[13.867843,44.80841],[13.862025,44.812453],[13.863407,44.814714],[13.865639,44.815176],[13.864581,44.816171],[13.865475,44.817325],[13.872506,44.818792],[13.874767,44.821008],[13.867375,44.822125],[13.864591,44.820702],[13.8619,44.816034],[13.856539,44.815552],[13.853374,44.817769],[13.8565,44.821128],[13.851122,44.821319],[13.848058,44.822846],[13.846405,44.825597],[13.847155,44.828256],[13.849849,44.82819],[13.851968,44.826207],[13.854297,44.828877],[13.857877,44.826963],[13.859175,44.828656],[13.86136,44.828286],[13.862473,44.829593],[13.860637,44.831092],[13.860954,44.833239],[13.859677,44.833442],[13.858018,44.832339],[13.85281,44.832498],[13.851396,44.830946],[13.843652,44.83179],[13.844823,44.836404],[13.847251,44.837039],[13.84136,44.839163],[13.842573,44.8391],[13.841309,44.839755],[13.842516,44.840185],[13.841501,44.840807],[13.842597,44.840724],[13.841603,44.841326],[13.842673,44.841243],[13.84169,44.841791],[13.84294,44.842608],[13.841882,44.842715],[13.843812,44.844436],[13.845182,44.844053],[13.844251,44.844747],[13.84598,44.84414],[13.845496,44.845131],[13.846435,44.844454],[13.846098,44.845323],[13.846869,44.844783],[13.850598,44.846198],[13.842709,44.845812],[13.843762,44.845475],[13.84119,44.843939],[13.840042,44.840968],[13.838497,44.84024],[13.839252,44.839787],[13.836575,44.83878],[13.840837,44.837108],[13.841298,44.835721],[13.83814,44.834715],[13.836003,44.835427],[13.83353,44.832914],[13.826984,44.836271],[13.835062,44.843283],[13.831394,44.843858],[13.830755,44.848046],[13.836377,44.849394],[13.836337,44.850475],[13.830618,44.85038],[13.829962,44.853985],[13.824923,44.853968],[13.826677,44.857916],[13.822044,44.856799],[13.821943,44.859264],[13.818607,44.86072],[13.81485,44.859919],[13.816411,44.858614],[13.815135,44.857345],[13.817235,44.856122],[13.817195,44.854449],[13.813413,44.854371],[13.809097,44.857028],[13.814016,44.85976],[13.811992,44.86168],[13.809128,44.85933],[13.806863,44.859092],[13.806794,44.861317],[13.803512,44.862028],[13.801244,44.860514],[13.798261,44.861584],[13.796611,44.863762],[13.796932,44.867497],[13.792831,44.872681],[13.794799,44.876478],[13.791032,44.884847],[13.794904,44.876441],[13.79766,44.874538],[13.800179,44.876181],[13.804373,44.872772],[13.807051,44.872623],[13.807411,44.870402],[13.806418,44.870817],[13.806416,44.869897],[13.810588,44.869177],[13.81779,44.865336],[13.815926,44.865649],[13.815476,44.864546],[13.816958,44.863876],[13.825811,44.863975],[13.827771,44.866519],[13.82961,44.866353],[13.828659,44.863293],[13.831513,44.864158],[13.8312,44.865214],[13.831941,44.863842],[13.836826,44.864553],[13.842058,44.867869],[13.840656,44.871379],[13.83397,44.871995],[13.835186,44.874881],[13.838969,44.875598],[13.838836,44.871983],[13.841398,44.871304],[13.845297,44.872568],[13.843679,44.872925],[13.844938,44.873381],[13.847792,44.873408],[13.848091,44.874598],[13.846215,44.874836],[13.847454,44.875064],[13.845669,44.878063],[13.848523,44.885613],[13.846368,44.883847],[13.839599,44.885701],[13.834827,44.884455],[13.835948,44.882791],[13.832113,44.881127],[13.833087,44.879258],[13.831194,44.877877],[13.828231,44.877445],[13.822112,44.879071],[13.81778,44.875722],[13.816865,44.876554],[13.818293,44.877474],[13.817132,44.87826],[13.811454,44.878973],[13.811409,44.880402],[13.810196,44.880614],[13.811447,44.880446],[13.811254,44.883068],[13.807447,44.882166],[13.804451,44.8842],[13.804667,44.888746],[13.806713,44.890291],[13.806018,44.89314],[13.79869,44.890178],[13.794513,44.890247],[13.79759,44.894637],[13.802821,44.895874],[13.80497,44.898528],[13.809072,44.898862],[13.808225,44.898959],[13.809424,44.899448],[13.810605,44.905817],[13.813153,44.908072],[13.80926,44.90944],[13.809369,44.911842],[13.8146,44.914359],[13.809442,44.91302],[13.809263,44.911969],[13.804071,44.914453],[13.801083,44.921217],[13.801433,44.924956],[13.802769,44.926481],[13.801386,44.926991],[13.802298,44.928184],[13.800862,44.927457],[13.801749,44.930769],[13.789591,44.940988],[13.788424,44.946054],[13.783532,44.948898],[13.781889,44.951537],[13.785645,44.955965],[13.783976,44.955622],[13.784119,44.956711],[13.781019,44.957775],[13.7807,44.960233],[13.776812,44.961642],[13.767362,44.970728],[13.764692,44.975799],[13.764984,44.979437],[13.762435,44.980473],[13.760896,44.983256],[13.763514,44.985804],[13.756527,44.987183],[13.754401,44.985367],[13.744867,44.98531],[13.741406,44.987591],[13.738653,44.985914],[13.735362,44.985827],[13.733983,44.987697],[13.736514,44.991506],[13.731463,44.993157],[13.731104,44.996035],[13.724119,44.997769],[13.723133,44.999707],[13.724509,45.002752],[13.719263,45.005761],[13.720932,45.006564],[13.720647,45.007551],[13.7189,45.008526],[13.715605,45.007615],[13.711436,45.00829],[13.711173,45.010028],[13.714359,45.011579],[13.711643,45.014076],[13.71161,45.015993],[13.71518,45.020177],[13.714373,45.021596],[13.710976,45.023275],[13.706739,45.021252],[13.70159,45.024186],[13.697281,45.022155],[13.690372,45.023462],[13.689607,45.027398],[13.692581,45.029728],[13.690199,45.032257],[13.691323,45.038833],[13.681124,45.044161],[13.682365,45.047587],[13.688159,45.048589],[13.68914,45.050377],[13.677022,45.05279],[13.674487,45.055399],[13.669857,45.056114],[13.669867,45.05779],[13.673242,45.059166],[13.670677,45.060791],[13.662877,45.060634],[13.661869,45.062799],[13.659152,45.06344],[13.658229,45.06492],[13.651262,45.064577],[13.652826,45.065755],[13.651432,45.066561],[13.645058,45.066839],[13.642707,45.064504],[13.638409,45.065122],[13.637541,45.063151],[13.635047,45.064493],[13.628616,45.063145],[13.629844,45.065644],[13.626503,45.068179],[13.626285,45.069986],[13.628097,45.070678],[13.631287,45.068643],[13.635654,45.069068],[13.637665,45.071213],[13.635321,45.072217],[13.635276,45.073906],[13.633464,45.075218],[13.633065,45.076119],[13.633862,45.075135],[13.634482,45.075945],[13.634367,45.07478],[13.634974,45.075581],[13.634773,45.074477],[13.635382,45.075295],[13.635208,45.07426],[13.635861,45.075244],[13.634853,45.076144],[13.636053,45.075845],[13.634337,45.076607],[13.636089,45.077363],[13.634885,45.076789],[13.636078,45.075882],[13.638825,45.079082],[13.635924,45.079929],[13.636528,45.081432],[13.635593,45.082037],[13.632967,45.081313],[13.63354,45.079866],[13.629071,45.084128],[13.632939,45.083637],[13.640624,45.086344],[13.641049,45.096524],[13.635527,45.098118],[13.632654,45.094097],[13.629989,45.094282],[13.629572,45.096152],[13.632042,45.099308],[13.625085,45.100785],[13.62223,45.100207],[13.620803,45.103584],[13.619938,45.103922],[13.620332,45.102907],[13.612966,45.106623],[13.611561,45.108794],[13.611985,45.111726],[13.608264,45.113636],[13.606525,45.116509],[13.609314,45.118239],[13.616212,45.116919],[13.617243,45.118344],[13.614372,45.11961],[13.614742,45.120841],[13.618911,45.119919],[13.623203,45.116025],[13.624265,45.116369],[13.623345,45.118566],[13.624114,45.120875],[13.627561,45.122229],[13.624871,45.123615],[13.62042,45.123413],[13.623001,45.124954],[13.621273,45.127535],[13.624927,45.127128],[13.623422,45.128619],[13.627844,45.131136],[13.633366,45.131536],[13.637411,45.129394],[13.645575,45.130238],[13.669504,45.128682],[13.685563,45.128975],[13.693019,45.132492],[13.707166,45.134714],[13.711403,45.132925],[13.715604,45.13443],[13.722297,45.132916],[13.725987,45.133586],[13.739891,45.128888],[13.730849,45.133953],[13.725423,45.135495],[13.720195,45.135235],[13.716273,45.13778],[13.711879,45.136919],[13.708578,45.138141],[13.691107,45.135949],[13.686508,45.132694],[13.669742,45.133373],[13.658593,45.135523],[13.649095,45.134604],[13.643374,45.135378],[13.641395,45.134424],[13.636819,45.137071],[13.626697,45.137194],[13.62115,45.136374],[13.614724,45.131622],[13.612696,45.131781],[13.612644,45.130307],[13.608979,45.132608],[13.603713,45.131746],[13.600979,45.138089],[13.601949,45.13939],[13.596553,45.140673],[13.600871,45.142705],[13.597303,45.145561],[13.599484,45.148732],[13.60355,45.14877],[13.602219,45.150731],[13.598753,45.150795],[13.597194,45.15338],[13.604299,45.153298],[13.609224,45.156731],[13.608566,45.158104],[13.610828,45.158684],[13.605347,45.160498],[13.605169,45.162095],[13.607188,45.162702],[13.603437,45.1621],[13.599967,45.163234],[13.603739,45.164776],[13.596352,45.167481],[13.599602,45.170121],[13.598301,45.171985]],[[13.703993,45.392699],[13.688649,45.395513],[13.685674,45.391518],[13.682558,45.389461],[13.677061,45.388567],[13.673874,45.386197],[13.67202,45.382752],[13.668397,45.381006],[13.653895,45.381532],[13.647174,45.379284],[13.65244,45.375461],[13.653581,45.372114],[13.652626,45.370685],[13.654415,45.367623],[13.663341,45.365156],[13.65857,45.355658],[13.662437,45.34993],[13.668957,45.345061],[13.671193,45.347563],[13.674707,45.348836],[13.686352,45.344702],[13.684802,45.342179],[13.687643,45.338278],[13.701089,45.332615],[13.698957,45.330977],[13.698009,45.328094],[13.709045,45.331],[13.71305,45.330663],[13.717571,45.333633],[13.715219,45.337874],[13.709673,45.340652],[13.711338,45.344009],[13.708743,45.348413],[13.709111,45.349967],[13.7177,45.352085],[13.72269,45.350395],[13.723729,45.353185],[13.729751,45.352021],[13.731543,45.354281],[13.736432,45.355904],[13.739093,45.359879],[13.728679,45.362368],[13.723818,45.368185],[13.718448,45.372177],[13.716428,45.375753],[13.717033,45.377868],[13.709943,45.378875],[13.704096,45.375239],[13.700878,45.375135],[13.703711,45.385536],[13.703993,45.392699]],[[14.045541,45.222584],[14.047058,45.227564],[14.054499,45.230347],[14.049414,45.237852],[14.046427,45.239166],[14.045703,45.240982],[14.034957,45.239666],[14.030219,45.234544],[14.025314,45.23409],[14.020327,45.231936],[14.022236,45.229798],[14.028267,45.229151],[14.028422,45.226505],[14.032711,45.227003],[14.036411,45.225046],[14.038017,45.220444],[14.040889,45.219051],[14.042849,45.219147],[14.042792,45.220956],[14.045541,45.222584]]],[[[13.576413,45.190921],[13.574054,45.190359],[13.57334,45.190472],[13.575493,45.191906],[13.576413,45.190921]]],[[[13.577503,45.191848],[13.577568,45.19214],[13.57772,45.191912],[13.577503,45.191848]]],[[[13.579942,45.192511],[13.578965,45.193002],[13.579783,45.193016],[13.579942,45.192511]]],[[[13.572604,45.19586],[13.573554,45.196116],[13.573312,45.195682],[13.572604,45.19586]]],[[[13.568229,45.19823],[13.568543,45.197128],[13.567816,45.19816],[13.568229,45.19823]]],[[[13.578687,45.203794],[13.578873,45.203863],[13.578818,45.203693],[13.578687,45.203794]]],[[[13.58056,45.20576],[13.580202,45.206165],[13.580485,45.206192],[13.58056,45.20576]]],[[[13.580815,45.206888],[13.58075,45.206691],[13.580587,45.206775],[13.580815,45.206888]]],[[[13.581592,45.211131],[13.58094,45.211632],[13.582472,45.21137],[13.581592,45.211131]]],[[[13.589511,45.222206],[13.590444,45.221957],[13.590943,45.221934],[13.590519,45.221735],[13.589511,45.222206]]],[[[13.584046,45.222359],[13.582288,45.225169],[13.584564,45.228056],[13.583694,45.226632],[13.584517,45.225363],[13.589159,45.222318],[13.584046,45.222359]]],[[[13.58127,45.226925],[13.581618,45.227196],[13.581636,45.226922],[13.58127,45.226925]]],[[[13.586245,45.229603],[13.585901,45.230175],[13.586399,45.229942],[13.586245,45.229603]]],[[[13.681927,45.016542],[13.681587,45.015901],[13.68092,45.016489],[13.681927,45.016542]]],[[[13.674065,45.032567],[13.672701,45.034455],[13.674527,45.035234],[13.676483,45.032813],[13.674065,45.032567]]],[[[13.668342,45.036091],[13.669573,45.036282],[13.670771,45.035709],[13.668706,45.03501],[13.668342,45.036091]]],[[[13.678888,45.046562],[13.677827,45.048032],[13.679762,45.047397],[13.678888,45.046562]]],[[[13.62657,45.05198],[13.626624,45.050616],[13.62405,45.051394],[13.624681,45.051776],[13.62657,45.05198]]],[[[13.662886,45.052671],[13.661187,45.052068],[13.659121,45.052337],[13.659505,45.052656],[13.662886,45.052671]]],[[[13.664077,45.056167],[13.664351,45.058037],[13.665998,45.057529],[13.664077,45.056167]]],[[[13.629006,45.058164],[13.62611,45.057929],[13.627568,45.056118],[13.626544,45.054746],[13.622299,45.054693],[13.62155,45.055398],[13.626042,45.05806],[13.62046,45.058156],[13.619232,45.059277],[13.626823,45.060198],[13.629831,45.059444],[13.629006,45.058164]]],[[[13.639674,45.058937],[13.63899,45.058302],[13.638828,45.058567],[13.639674,45.058937]]],[[[13.63559,45.059602],[13.635129,45.06002],[13.635706,45.059908],[13.63559,45.059602]]],[[[13.62351,45.062594],[13.622224,45.062883],[13.624248,45.062853],[13.62351,45.062594]]],[[[13.623387,45.066874],[13.624106,45.067022],[13.623617,45.06672],[13.623387,45.066874]]],[[[13.625644,45.076567],[13.626156,45.078789],[13.633556,45.078687],[13.62795,45.075874],[13.625644,45.076567]]],[[[13.737837,44.901581],[13.740186,44.903801],[13.74105,44.903814],[13.739953,44.90288],[13.741449,44.901411],[13.740328,44.899813],[13.738343,44.900011],[13.737837,44.901581]]],[[[13.73319,44.909795],[13.731755,44.905895],[13.729717,44.906678],[13.729605,44.909428],[13.725909,44.910633],[13.725389,44.913011],[13.730428,44.913757],[13.72901,44.911444],[13.73319,44.909795]]],[[[13.720416,44.914438],[13.716561,44.91397],[13.715371,44.914886],[13.720416,44.914438]]],[[[13.730434,44.919604],[13.730006,44.917565],[13.72725,44.918206],[13.727173,44.91934],[13.730434,44.919604]]],[[[13.726564,44.930153],[13.725859,44.929206],[13.725585,44.929648],[13.726564,44.930153]]],[[[13.724162,44.933435],[13.722136,44.934033],[13.724032,44.933949],[13.724162,44.933435]]],[[[13.745923,44.937913],[13.747599,44.934772],[13.746479,44.933249],[13.750183,44.930332],[13.744509,44.928621],[13.739539,44.930934],[13.741561,44.932355],[13.741293,44.934633],[13.74278,44.936502],[13.739396,44.936907],[13.737759,44.933999],[13.73439,44.934375],[13.733693,44.933169],[13.735615,44.931676],[13.734298,44.930533],[13.729994,44.930685],[13.731462,44.933632],[13.728969,44.935723],[13.734364,44.936873],[13.73304,44.940029],[13.735068,44.941168],[13.7368,44.940862],[13.738005,44.938722],[13.741956,44.940035],[13.745923,44.937913]]],[[[13.725339,44.938819],[13.724689,44.937375],[13.722895,44.937669],[13.723011,44.93934],[13.725339,44.938819]]],[[[13.717263,44.940509],[13.719805,44.938674],[13.719133,44.9369],[13.717159,44.938107],[13.717263,44.940509]]],[[[13.721494,44.943528],[13.721971,44.944334],[13.722542,44.943767],[13.721494,44.943528]]],[[[13.709107,44.944867],[13.709991,44.946007],[13.710869,44.945468],[13.709107,44.944867]]],[[[13.704193,44.993699],[13.704906,44.994034],[13.704888,44.993617],[13.704193,44.993699]]],[[[13.715025,45.005817],[13.71398,45.00609],[13.715015,45.006379],[13.715025,45.005817]]],[[[13.697647,45.020544],[13.697523,45.019702],[13.697117,45.020161],[13.697647,45.020544]]],[[[13.759967,44.924012],[13.761384,44.922364],[13.756388,44.922707],[13.755849,44.920911],[13.759839,44.920116],[13.762188,44.921228],[13.761665,44.922392],[13.76455,44.922923],[13.770259,44.918539],[13.768345,44.918791],[13.768016,44.91655],[13.777246,44.919163],[13.777215,44.916378],[13.780083,44.913897],[13.773385,44.910288],[13.780594,44.910263],[13.782721,44.907486],[13.780577,44.904586],[13.778047,44.903723],[13.772813,44.90743],[13.771544,44.905995],[13.772935,44.904468],[13.768432,44.904199],[13.770509,44.902221],[13.765346,44.900986],[13.763944,44.902473],[13.765583,44.906596],[13.762014,44.907757],[13.761759,44.905561],[13.757866,44.905649],[13.75912,44.902742],[13.758103,44.899506],[13.759761,44.892959],[13.754421,44.893276],[13.753656,44.891148],[13.754665,44.888207],[13.751159,44.887773],[13.750413,44.888566],[13.752408,44.890945],[13.746634,44.890831],[13.746869,44.894633],[13.752494,44.894797],[13.753881,44.896536],[13.752985,44.898568],[13.749261,44.899238],[13.749527,44.901337],[13.746793,44.902198],[13.747449,44.903981],[13.745692,44.905573],[13.754947,44.909317],[13.754831,44.916845],[13.74929,44.918221],[13.749341,44.922015],[13.744483,44.920001],[13.741727,44.922749],[13.7397,44.921284],[13.736357,44.922544],[13.736539,44.924295],[13.733923,44.925509],[13.747252,44.92761],[13.759967,44.924012]]],[[[13.745968,44.910021],[13.747442,44.913108],[13.750205,44.912929],[13.74767,44.911754],[13.747402,44.910314],[13.745968,44.910021]]],[[[13.843241,44.822338],[13.847188,44.821763],[13.849786,44.819107],[13.849574,44.817739],[13.843241,44.822338]]],[[[13.8406,44.824028],[13.843292,44.823519],[13.841935,44.82275],[13.8406,44.824028]]],[[[13.839137,44.826562],[13.840089,44.831415],[13.842239,44.831106],[13.844806,44.828585],[13.842299,44.826255],[13.839137,44.826562]]],[[[13.825812,44.873003],[13.827262,44.871864],[13.824231,44.870518],[13.823874,44.871331],[13.825812,44.873003]]],[[[13.823571,44.876692],[13.82389,44.874372],[13.821816,44.874383],[13.82208,44.876237],[13.823571,44.876692]]],[[[13.800136,44.87619],[13.799887,44.876844],[13.800173,44.876198],[13.800136,44.87619]]],[[[13.783769,44.898837],[13.787713,44.900859],[13.790818,44.900131],[13.789002,44.898264],[13.784472,44.897651],[13.783769,44.898837]]],[[[13.800315,44.902646],[13.797797,44.899496],[13.796089,44.89969],[13.797036,44.901949],[13.800315,44.902646]]],[[[13.891214,44.757743],[13.890495,44.758168],[13.891298,44.758242],[13.891214,44.757743]]],[[[13.899775,44.766801],[13.900301,44.768115],[13.902378,44.768484],[13.901928,44.767532],[13.899775,44.766801]]],[[[13.927409,44.778867],[13.924939,44.778274],[13.925049,44.778733],[13.927409,44.778867]]],[[[13.931121,44.783938],[13.930177,44.785228],[13.932,44.787332],[13.934553,44.788199],[13.936974,44.786785],[13.935268,44.78416],[13.931121,44.783938]]],[[[13.92474,44.792656],[13.925495,44.793902],[13.926662,44.793161],[13.925962,44.792448],[13.92474,44.792656]]],[[[13.908821,44.817615],[13.907925,44.818658],[13.909584,44.81888],[13.909702,44.818373],[13.908821,44.817615]]],[[[13.913614,44.824305],[13.91217,44.824908],[13.914077,44.825104],[13.913614,44.824305]]],[[[13.946926,44.774729],[13.949306,44.772555],[13.948451,44.770341],[13.945611,44.769783],[13.94474,44.774708],[13.946926,44.774729]]],[[[13.949807,44.790664],[13.945718,44.790368],[13.945581,44.791388],[13.94723,44.793784],[13.949091,44.794254],[13.949807,44.790664]]],[[[13.98213,44.792836],[13.981841,44.791871],[13.98152,44.792222],[13.98213,44.792836]]],[[[13.986383,44.800646],[13.986355,44.799095],[13.981688,44.798047],[13.984919,44.800396],[13.986383,44.800646]]],[[[14.028513,44.911586],[14.028693,44.911612],[14.028595,44.91158],[14.028513,44.911586]]],[[[14.028859,44.911772],[14.028969,44.911756],[14.0287,44.91166],[14.028859,44.911772]]],[[[14.029443,44.911947],[14.029076,44.911803],[14.029027,44.911811],[14.029443,44.911947]]],[[[15.536581,44.163836],[15.548442,44.164513],[15.550614,44.16574],[15.551922,44.168421],[15.556944,44.171306],[15.567246,44.161311],[15.554575,44.156811],[15.552522,44.1574],[15.550164,44.155124],[15.551507,44.153985],[15.543142,44.149009],[15.528031,44.13689],[15.50434,44.144774],[15.501235,44.148631],[15.483246,44.156035],[15.483444,44.161893],[15.485911,44.163971],[15.493089,44.16556],[15.503625,44.179636],[15.505718,44.183092],[15.505249,44.184286],[15.524821,44.175923],[15.522131,44.166086],[15.526403,44.167265],[15.528283,44.164266],[15.527246,44.161256],[15.533998,44.162078],[15.536581,44.163836]]],[[[14.137507,44.96515],[14.137541,44.965188],[14.137567,44.965136],[14.137507,44.96515]]],[[[14.137431,44.965303],[14.137403,44.965355],[14.137435,44.965361],[14.137431,44.965303]]],[[[14.137401,44.965623],[14.137558,44.965612],[14.137482,44.965534],[14.137401,44.965623]]],[[[16.346682,46.497115],[16.344132,46.496226],[16.343773,46.494959],[16.34186,46.494999],[16.342798,46.493694],[16.34197,46.492539],[16.339372,46.491904],[16.340903,46.490439],[16.340332,46.48775],[16.332102,46.487883],[16.332548,46.491446],[16.334467,46.493268],[16.332427,46.49395],[16.330575,46.497192],[16.335385,46.497483],[16.335469,46.498481],[16.33374,46.498597],[16.335176,46.500697],[16.339572,46.498795],[16.345675,46.500299],[16.346682,46.497115]]],[[[16.360165,46.504965],[16.353562,46.504009],[16.348907,46.501368],[16.341962,46.501854],[16.339017,46.505042],[16.340135,46.510289],[16.342173,46.512775],[16.340483,46.514161],[16.336977,46.513056],[16.331576,46.513785],[16.333391,46.519442],[16.332309,46.520145],[16.327916,46.519633],[16.326962,46.516236],[16.319803,46.51692],[16.319068,46.519819],[16.320541,46.523372],[16.31911,46.523506],[16.319762,46.524337],[16.317382,46.526394],[16.323911,46.529148],[16.333025,46.530027],[16.33618,46.527176],[16.341407,46.529473],[16.340676,46.534603],[16.345085,46.537705],[16.345269,46.539607],[16.34286,46.54164],[16.33788,46.542161],[16.336942,46.543309],[16.338036,46.544721],[16.345409,46.545486],[16.348673,46.542488],[16.352456,46.543854],[16.355237,46.54293],[16.355223,46.538467],[16.359056,46.538593],[16.358844,46.536623],[16.355433,46.533929],[16.353976,46.529388],[16.35023,46.526666],[16.353289,46.525054],[16.355873,46.5265],[16.356218,46.521057],[16.357711,46.519504],[16.365574,46.521256],[16.363587,46.512289],[16.367692,46.511194],[16.366517,46.508707],[16.360165,46.504965]]]]},"properties":{"id":4,"slug":"biskupija-porecka-i-pulska","name":"Biskupija Porečka i Pulska","kind":"biskupija","seat":"Poreč - Parenzo","oib":"27165523454","area_km2":2748.3,"population":195493,"settlement_count":633,"parish_count":134,"church_count":401,"method":"naselja (DGU) → biskupija sjedeće/najbliže župe, spojeno"}},{"type":"Feature","id":8,"geometry":{"type":"Polygon","coordinates":[[[16.331752,45.892164],[16.3327,45.890967],[16.330659,45.887498],[16.324262,45.888493],[16.322894,45.886671],[16.321434,45.886888],[16.321505,45.885184],[16.316357,45.885975],[16.315856,45.888904],[16.309072,45.890952],[16.30816,45.894349],[16.300555,45.894358],[16.297608,45.892688],[16.298912,45.891682],[16.297476,45.890958],[16.29154,45.89147],[16.293898,45.888862],[16.288005,45.889112],[16.287576,45.890618],[16.285009,45.890018],[16.286256,45.89091],[16.284699,45.890839],[16.285393,45.892147],[16.283741,45.891838],[16.284238,45.89285],[16.28253,45.894411],[16.284477,45.896398],[16.282287,45.896234],[16.2832,45.896752],[16.282061,45.898128],[16.283786,45.898906],[16.282688,45.900773],[16.284672,45.902561],[16.28238,45.903067],[16.284151,45.904785],[16.282659,45.904926],[16.283352,45.907366],[16.281103,45.907656],[16.279559,45.909408],[16.282969,45.913737],[16.281654,45.915452],[16.284244,45.916907],[16.280788,45.919256],[16.281553,45.924374],[16.278957,45.924445],[16.279686,45.925465],[16.276135,45.926735],[16.277918,45.927674],[16.276828,45.927711],[16.278525,45.931192],[16.277228,45.931721],[16.278327,45.932663],[16.277564,45.93413],[16.276599,45.934615],[16.276471,45.933259],[16.275441,45.934259],[16.274782,45.933126],[16.272354,45.934477],[16.273075,45.9351],[16.271987,45.936232],[16.270948,45.935593],[16.269123,45.936745],[16.268116,45.937969],[16.269392,45.938908],[16.267336,45.939977],[16.268812,45.941268],[16.25795,45.94005],[16.257356,45.942556],[16.252103,45.947142],[16.240562,45.944163],[16.238885,45.943089],[16.239212,45.940642],[16.23637,45.940192],[16.233832,45.941838],[16.231572,45.941666],[16.232003,45.938182],[16.233641,45.938133],[16.232905,45.935014],[16.225049,45.937938],[16.218657,45.938205],[16.216316,45.936298],[16.208479,45.943086],[16.220475,45.949802],[16.217895,45.956424],[16.215278,45.958464],[16.216677,45.95843],[16.213683,45.960637],[16.216922,45.961532],[16.215245,45.963856],[16.217473,45.966233],[16.207405,45.968017],[16.197165,45.972356],[16.199146,45.974333],[16.198465,45.974977],[16.192252,45.977357],[16.186525,45.982309],[16.182515,45.983296],[16.176595,45.982718],[16.171211,45.987307],[16.16907,45.987242],[16.164591,45.989765],[16.161526,45.989609],[16.161463,45.992091],[16.157201,45.995009],[16.161652,45.99544],[16.17372,46.000341],[16.178914,46.000588],[16.183187,45.998779],[16.187663,45.99858],[16.192015,45.99606],[16.203091,45.994573],[16.204993,45.995525],[16.201802,45.99946],[16.191476,46.002929],[16.186336,46.006688],[16.184821,46.010084],[16.179313,46.01191],[16.176823,46.020471],[16.178514,46.021894],[16.179695,46.020104],[16.181595,46.020709],[16.187664,46.019193],[16.188585,46.020935],[16.196722,46.020249],[16.205733,46.022967],[16.210933,46.021214],[16.21512,46.024574],[16.21706,46.023816],[16.218781,46.019836],[16.221267,46.021336],[16.221947,46.027353],[16.214983,46.029468],[16.214224,46.032734],[16.207477,46.036878],[16.208667,46.03904],[16.207749,46.043643],[16.212119,46.045571],[16.212155,46.047824],[16.216384,46.051963],[16.222225,46.053034],[16.220993,46.055287],[16.22412,46.059143],[16.227235,46.061011],[16.232695,46.061318],[16.23077,46.064259],[16.226688,46.064849],[16.226924,46.067806],[16.223837,46.067564],[16.224971,46.068892],[16.222869,46.070497],[16.223777,46.07145],[16.221406,46.071919],[16.222537,46.073005],[16.222167,46.074739],[16.216434,46.077951],[16.219401,46.078943],[16.220537,46.081309],[16.22101,46.084006],[16.218467,46.08539],[16.214651,46.085222],[16.208236,46.08734],[16.208353,46.081627],[16.205623,46.081636],[16.202405,46.074561],[16.198693,46.073029],[16.189786,46.077576],[16.188043,46.074898],[16.184629,46.085154],[16.181337,46.084687],[16.182538,46.08618],[16.176916,46.085351],[16.171782,46.087877],[16.165951,46.099402],[16.164277,46.100087],[16.167033,46.103705],[16.1648,46.105143],[16.164444,46.107516],[16.166436,46.106913],[16.16777,46.107859],[16.167363,46.108948],[16.177999,46.110949],[16.173461,46.114906],[16.172678,46.128055],[16.175122,46.127911],[16.177118,46.126197],[16.184195,46.128616],[16.186907,46.127397],[16.192141,46.129887],[16.191347,46.132741],[16.19339,46.132911],[16.189978,46.136076],[16.19852,46.133754],[16.204269,46.133743],[16.208116,46.134786],[16.208203,46.135947],[16.209773,46.128871],[16.216694,46.131557],[16.229883,46.141221],[16.244401,46.14535],[16.257736,46.143988],[16.256862,46.142353],[16.259147,46.141142],[16.276969,46.141961],[16.279897,46.141525],[16.281101,46.139022],[16.285455,46.140032],[16.289979,46.135116],[16.290774,46.13236],[16.289255,46.130022],[16.289636,46.127377],[16.286474,46.124722],[16.288444,46.122224],[16.292405,46.12177],[16.294871,46.118052],[16.296197,46.120624],[16.301167,46.122826],[16.302984,46.124953],[16.305792,46.125257],[16.305458,46.128767],[16.320494,46.130509],[16.330838,46.133775],[16.32952,46.128654],[16.332521,46.126876],[16.33864,46.128591],[16.33946,46.127598],[16.352308,46.126833],[16.358817,46.130947],[16.365984,46.131101],[16.365083,46.132585],[16.371746,46.136026],[16.374661,46.134246],[16.374733,46.132718],[16.384011,46.131922],[16.389906,46.133097],[16.414288,46.144563],[16.422689,46.144743],[16.421496,46.14685],[16.423834,46.150655],[16.423233,46.153298],[16.425012,46.154613],[16.422386,46.156651],[16.428336,46.160687],[16.429536,46.164021],[16.434441,46.166713],[16.438142,46.165655],[16.446464,46.167189],[16.457328,46.167102],[16.461752,46.168658],[16.469946,46.167631],[16.472164,46.166443],[16.472897,46.163869],[16.477253,46.162282],[16.484718,46.162297],[16.485465,46.163847],[16.490036,46.164663],[16.491616,46.166456],[16.503275,46.169153],[16.508549,46.167519],[16.516456,46.169132],[16.536928,46.169745],[16.54853,46.165703],[16.551507,46.171171],[16.547926,46.172237],[16.548039,46.174659],[16.543958,46.177149],[16.543789,46.178414],[16.546446,46.18019],[16.55218,46.179348],[16.556617,46.17755],[16.557635,46.17581],[16.561729,46.181017],[16.570913,46.178817],[16.57108,46.180171],[16.573357,46.181002],[16.588067,46.176321],[16.59159,46.173827],[16.594121,46.17689],[16.593871,46.172738],[16.597048,46.172379],[16.600293,46.177904],[16.603648,46.180945],[16.603371,46.183584],[16.604234,46.183725],[16.607851,46.181538],[16.610098,46.177984],[16.612647,46.178559],[16.613229,46.180247],[16.616345,46.17974],[16.610953,46.172789],[16.60659,46.174261],[16.605982,46.173371],[16.610812,46.17137],[16.611574,46.169911],[16.606907,46.165618],[16.607224,46.163855],[16.612361,46.159217],[16.614366,46.162431],[16.616091,46.163027],[16.622539,46.162733],[16.63358,46.164569],[16.636263,46.162768],[16.634711,46.157726],[16.636704,46.156071],[16.637865,46.151129],[16.643892,46.150339],[16.651044,46.144341],[16.661579,46.14281],[16.661261,46.140198],[16.663579,46.138557],[16.665756,46.139568],[16.666208,46.138485],[16.669157,46.138174],[16.669166,46.135967],[16.682761,46.128199],[16.686598,46.121305],[16.6915,46.117898],[16.697079,46.115364],[16.700158,46.117555],[16.707125,46.115555],[16.713934,46.116247],[16.713926,46.114174],[16.723812,46.11484],[16.72056,46.111693],[16.727588,46.107225],[16.726755,46.106438],[16.728265,46.105102],[16.726067,46.105724],[16.722292,46.102958],[16.723093,46.101553],[16.719333,46.101581],[16.718163,46.099898],[16.713173,46.098073],[16.715714,46.095799],[16.715595,46.093892],[16.713364,46.092501],[16.716916,46.091011],[16.723066,46.084345],[16.728377,46.08134],[16.728888,46.077307],[16.730844,46.0753],[16.731708,46.076879],[16.730281,46.078518],[16.738128,46.085282],[16.740738,46.084675],[16.739642,46.080114],[16.740838,46.077914],[16.744328,46.077069],[16.745483,46.08171],[16.752397,46.087471],[16.753708,46.086674],[16.750031,46.082477],[16.750202,46.080649],[16.75302,46.079178],[16.765436,46.082503],[16.767855,46.084689],[16.771651,46.084555],[16.772134,46.083207],[16.770869,46.081299],[16.768032,46.080766],[16.766933,46.077403],[16.769022,46.077311],[16.76949,46.070148],[16.771172,46.0686],[16.768965,46.064319],[16.774829,46.065121],[16.778055,46.063305],[16.781695,46.06308],[16.784877,46.064065],[16.788214,46.06942],[16.790722,46.074752],[16.789142,46.076336],[16.791315,46.078516],[16.791433,46.080688],[16.795929,46.082498],[16.800077,46.088553],[16.804645,46.085785],[16.804454,46.08425],[16.799432,46.080053],[16.7916,46.076616],[16.790636,46.070293],[16.794813,46.068722],[16.79299,46.064969],[16.791588,46.064949],[16.789309,46.056156],[16.791404,46.055706],[16.791174,46.053684],[16.783578,46.046965],[16.785581,46.046135],[16.77814,46.045802],[16.777348,46.041003],[16.786139,46.035677],[16.791205,46.034418],[16.793683,46.035254],[16.798408,46.032524],[16.805343,46.034421],[16.802591,46.030035],[16.808395,46.026753],[16.808891,46.022659],[16.811472,46.02418],[16.814146,46.020546],[16.811999,46.01749],[16.810143,46.017048],[16.810521,46.016061],[16.811913,46.015497],[16.813756,46.016678],[16.8138,46.014658],[16.82015,46.012795],[16.820488,46.016057],[16.81766,46.018952],[16.819462,46.023332],[16.82809,46.020516],[16.827534,46.01716],[16.828989,46.017021],[16.829919,46.013533],[16.839293,46.015423],[16.839783,46.009962],[16.841823,46.009743],[16.847195,46.013707],[16.842373,46.014583],[16.841996,46.016991],[16.847986,46.01432],[16.852825,46.016567],[16.851457,46.012413],[16.868282,46.011399],[16.872802,46.00685],[16.876198,46.005942],[16.883794,46.006624],[16.885706,46.004356],[16.890379,46.007196],[16.892358,46.007144],[16.894645,46.005139],[16.895926,46.015573],[16.897908,46.020479],[16.896762,46.02102],[16.896774,46.023091],[16.90254,46.022611],[16.903587,46.019826],[16.908621,46.018513],[16.905914,46.015114],[16.909874,46.012213],[16.910253,46.008758],[16.911919,46.009996],[16.920318,46.009064],[16.921397,46.007729],[16.921011,46.003852],[16.922453,46.004286],[16.931274,45.999961],[16.931096,45.997377],[16.928259,45.994572],[16.928199,45.992411],[16.925763,45.990002],[16.924244,45.985938],[16.931903,45.985863],[16.934165,45.989521],[16.937541,45.989934],[16.938953,45.992349],[16.950989,45.992248],[16.95501,45.989486],[16.955373,45.987123],[16.963687,45.984385],[16.969316,45.984315],[16.971042,45.978635],[16.972896,45.977797],[16.978292,45.979294],[16.981767,45.975804],[16.995795,45.970696],[16.997089,45.966093],[16.993658,45.96085],[16.993808,45.958454],[16.991807,45.954459],[16.992173,45.943249],[16.985797,45.934243],[16.98614,45.931862],[16.993768,45.931599],[17.007549,45.934274],[17.017159,45.931826],[17.019727,45.934065],[17.022747,45.929713],[17.027754,45.928902],[17.036959,45.936317],[17.038443,45.935853],[17.045923,45.939029],[17.047566,45.941945],[17.047644,45.940794],[17.04924,45.94051],[17.048821,45.939327],[17.051534,45.939779],[17.063376,45.92614],[17.061835,45.924799],[17.060141,45.916018],[17.065042,45.912425],[17.066258,45.909034],[17.075234,45.903637],[17.086679,45.901466],[17.090871,45.904447],[17.091505,45.902321],[17.095717,45.901561],[17.097937,45.899845],[17.099688,45.893896],[17.102395,45.892168],[17.101973,45.890436],[17.104389,45.886044],[17.10796,45.882426],[17.115213,45.880542],[17.122053,45.883364],[17.124507,45.882801],[17.127838,45.879719],[17.132726,45.880131],[17.140828,45.876093],[17.145985,45.877203],[17.158999,45.87146],[17.167776,45.871835],[17.166975,45.870041],[17.17061,45.866949],[17.171847,45.860969],[17.180159,45.860473],[17.184929,45.861918],[17.187873,45.859588],[17.19148,45.85122],[17.194462,45.848714],[17.193042,45.844867],[17.195284,45.840896],[17.198404,45.840322],[17.20015,45.835644],[17.205515,45.837277],[17.207624,45.836714],[17.208515,45.833105],[17.2068,45.830414],[17.204824,45.831258],[17.202742,45.830341],[17.202675,45.828276],[17.194522,45.827004],[17.190993,45.827749],[17.191087,45.826476],[17.180622,45.825262],[17.178843,45.823835],[17.179548,45.821488],[17.176525,45.820411],[17.176817,45.818451],[17.17465,45.818211],[17.175025,45.8158],[17.172033,45.815246],[17.171702,45.813762],[17.175792,45.815347],[17.17897,45.814234],[17.177823,45.811811],[17.175546,45.811586],[17.173687,45.806493],[17.178381,45.805587],[17.177634,45.802822],[17.175333,45.802897],[17.176532,45.798688],[17.178627,45.796799],[17.17756,45.795378],[17.179166,45.794084],[17.178494,45.792111],[17.179608,45.790246],[17.183301,45.78903],[17.193151,45.794052],[17.194351,45.79329],[17.200272,45.795845],[17.202354,45.797715],[17.20685,45.793797],[17.210583,45.79757],[17.215163,45.795874],[17.216602,45.79739],[17.217111,45.800626],[17.216184,45.801347],[17.218134,45.806449],[17.219118,45.804608],[17.226189,45.802766],[17.23245,45.797201],[17.236216,45.797045],[17.23492,45.796209],[17.234091,45.786265],[17.238467,45.788707],[17.239492,45.79116],[17.244037,45.790683],[17.243736,45.796221],[17.248653,45.802353],[17.246146,45.814015],[17.250897,45.812342],[17.25418,45.814259],[17.257614,45.812108],[17.272558,45.809172],[17.276627,45.81062],[17.280537,45.808849],[17.278559,45.80014],[17.280309,45.79821],[17.276663,45.794008],[17.27921,45.791424],[17.27626,45.787224],[17.277439,45.784546],[17.27918,45.784209],[17.278839,45.782425],[17.275605,45.779687],[17.276907,45.778188],[17.273892,45.776582],[17.272025,45.773526],[17.276276,45.766656],[17.280124,45.767304],[17.278768,45.765205],[17.27584,45.765439],[17.271051,45.761675],[17.270825,45.760616],[17.272554,45.760146],[17.271206,45.756974],[17.273268,45.754643],[17.270157,45.754611],[17.269353,45.753039],[17.264657,45.751191],[17.261764,45.746254],[17.269711,45.746404],[17.268948,45.744823],[17.274995,45.740325],[17.281531,45.739509],[17.292965,45.732095],[17.290911,45.729278],[17.292295,45.727289],[17.292066,45.728581],[17.299134,45.730672],[17.298923,45.733042],[17.300983,45.736036],[17.303852,45.737799],[17.30425,45.739478],[17.306368,45.739818],[17.312954,45.747791],[17.311228,45.747573],[17.312568,45.748656],[17.312073,45.74954],[17.307468,45.750755],[17.308727,45.752096],[17.308048,45.754506],[17.319068,45.757227],[17.317364,45.754479],[17.319645,45.74895],[17.323471,45.747711],[17.329064,45.748154],[17.331058,45.7461],[17.338691,45.748487],[17.339536,45.750332],[17.337159,45.755756],[17.341067,45.756278],[17.343118,45.759713],[17.339957,45.760851],[17.340525,45.763031],[17.346308,45.763604],[17.349084,45.765376],[17.353286,45.762753],[17.354024,45.759602],[17.360188,45.760444],[17.359466,45.757365],[17.362496,45.756648],[17.362576,45.75422],[17.365876,45.753552],[17.36526,45.748828],[17.366509,45.745709],[17.36405,45.7391],[17.358809,45.735528],[17.349415,45.723052],[17.349047,45.721628],[17.356104,45.719365],[17.353155,45.713819],[17.353981,45.710611],[17.345133,45.708677],[17.345074,45.70479],[17.348542,45.694288],[17.345722,45.693338],[17.343909,45.694708],[17.338445,45.691581],[17.33417,45.691142],[17.3347,45.68994],[17.340378,45.688527],[17.340973,45.685829],[17.344956,45.683018],[17.349988,45.681675],[17.347574,45.679935],[17.345863,45.673732],[17.344166,45.674953],[17.33984,45.675041],[17.337699,45.673416],[17.332389,45.673081],[17.33508,45.664643],[17.331407,45.661708],[17.330603,45.655409],[17.326263,45.651776],[17.324071,45.651778],[17.318137,45.645675],[17.315007,45.645196],[17.311807,45.646526],[17.302644,45.645645],[17.302615,45.643617],[17.305741,45.643898],[17.308404,45.641702],[17.306658,45.640308],[17.30592,45.636496],[17.319528,45.634903],[17.328655,45.637812],[17.328916,45.629583],[17.326804,45.628994],[17.330234,45.623546],[17.33032,45.619625],[17.32692,45.616562],[17.32226,45.615265],[17.320708,45.618947],[17.317363,45.615185],[17.314624,45.6149],[17.311244,45.617064],[17.306523,45.617052],[17.30751,45.621046],[17.304215,45.62377],[17.304156,45.625552],[17.302004,45.62465],[17.299703,45.62567],[17.299356,45.629681],[17.2972,45.631201],[17.296149,45.634472],[17.290871,45.63815],[17.287509,45.637103],[17.286969,45.638105],[17.283567,45.637853],[17.282304,45.642907],[17.279801,45.645476],[17.280276,45.646645],[17.275749,45.643162],[17.278104,45.636117],[17.276571,45.633611],[17.278867,45.629537],[17.274608,45.624822],[17.265918,45.63634],[17.25574,45.63423],[17.244574,45.638646],[17.241328,45.64112],[17.233705,45.638412],[17.229514,45.639614],[17.218778,45.63871],[17.21608,45.641164],[17.212125,45.6401],[17.212455,45.643312],[17.210189,45.64663],[17.211319,45.647113],[17.209019,45.64714],[17.208326,45.650157],[17.206458,45.649498],[17.205357,45.651889],[17.204057,45.65143],[17.201256,45.65321],[17.195897,45.651929],[17.191658,45.654725],[17.192184,45.657552],[17.190347,45.667798],[17.184662,45.669892],[17.177292,45.66886],[17.175117,45.670906],[17.171419,45.670259],[17.157786,45.672816],[17.145617,45.670141],[17.144399,45.667757],[17.121086,45.666025],[17.116481,45.663502],[17.11643,45.660981],[17.111279,45.659083],[17.110736,45.657014],[17.105504,45.656573],[17.105693,45.654624],[17.103395,45.652757],[17.098538,45.652825],[17.096174,45.65119],[17.09669,45.649598],[17.09287,45.649315],[17.092454,45.64758],[17.087306,45.647271],[17.085656,45.644397],[17.087672,45.643864],[17.088789,45.641421],[17.084159,45.639998],[17.083979,45.637687],[17.086703,45.636887],[17.08922,45.638378],[17.09442,45.637404],[17.097156,45.635314],[17.097778,45.632122],[17.10364,45.6309],[17.103543,45.62686],[17.11031,45.623138],[17.105739,45.621629],[17.102404,45.618728],[17.100499,45.619493],[17.089864,45.613288],[17.091234,45.611818],[17.090999,45.609991],[17.078332,45.612072],[17.076022,45.618551],[17.068145,45.618257],[17.061077,45.622511],[17.06116,45.6211],[17.059394,45.621656],[17.059577,45.619586],[17.056814,45.618892],[17.059635,45.617797],[17.056146,45.618039],[17.05773,45.616261],[17.054008,45.615815],[17.056257,45.619882],[17.053708,45.626596],[17.043218,45.627397],[17.041626,45.626775],[17.039494,45.622979],[17.040007,45.618048],[17.031469,45.614444],[17.030654,45.611614],[17.034563,45.611069],[17.033477,45.600363],[17.031214,45.599576],[17.03273,45.5982],[17.031609,45.596183],[17.035544,45.594835],[17.033869,45.575459],[17.009385,45.577202],[17.00642,45.575019],[17.006736,45.574163],[17.004944,45.574154],[17.004281,45.572349],[16.995501,45.571786],[16.993393,45.570811],[16.994093,45.569747],[16.98663,45.569446],[16.980904,45.567204],[16.977463,45.567299],[16.973659,45.569522],[16.970829,45.568914],[16.968508,45.563801],[16.968855,45.560814],[16.966061,45.561066],[16.963927,45.564027],[16.959651,45.566463],[16.956078,45.566214],[16.952779,45.560207],[16.954957,45.5579],[16.953679,45.557447],[16.954552,45.554121],[16.957036,45.553924],[16.957545,45.552243],[16.955209,45.551802],[16.957194,45.548177],[16.955108,45.545969],[16.96281,45.543327],[16.962906,45.541942],[16.95996,45.540183],[16.961124,45.539165],[16.961565,45.532566],[16.970401,45.527914],[16.971882,45.525219],[16.956226,45.511429],[16.953133,45.498351],[16.949527,45.491317],[16.943833,45.492672],[16.941081,45.491348],[16.931737,45.49328],[16.931527,45.491287],[16.933516,45.490503],[16.932169,45.489511],[16.934308,45.48919],[16.935521,45.487183],[16.933127,45.484807],[16.934502,45.483443],[16.931235,45.482835],[16.929377,45.480991],[16.92909,45.478526],[16.924785,45.475968],[16.928288,45.475346],[16.925272,45.474315],[16.929476,45.473325],[16.92767,45.471373],[16.931988,45.471215],[16.929775,45.469979],[16.92965,45.468146],[16.926503,45.470077],[16.926718,45.468227],[16.923958,45.469447],[16.922776,45.466593],[16.918556,45.466262],[16.918309,45.467612],[16.916809,45.467919],[16.915726,45.466652],[16.914134,45.46782],[16.911526,45.467191],[16.911274,45.468733],[16.909411,45.467242],[16.909128,45.477873],[16.90741,45.481903],[16.899742,45.488612],[16.89969,45.490836],[16.901949,45.492893],[16.900465,45.492588],[16.901163,45.493926],[16.899125,45.494026],[16.898812,45.495134],[16.896376,45.495038],[16.897516,45.497284],[16.895513,45.498042],[16.8968,45.499556],[16.89272,45.501208],[16.890131,45.500638],[16.889994,45.502647],[16.887569,45.503683],[16.886601,45.502875],[16.884623,45.503918],[16.88518,45.505834],[16.881683,45.506634],[16.882102,45.508187],[16.880849,45.509555],[16.880037,45.508862],[16.876287,45.510457],[16.873014,45.510924],[16.867781,45.508697],[16.865868,45.509616],[16.858557,45.508377],[16.856732,45.509623],[16.854088,45.507596],[16.848876,45.507712],[16.854983,45.509131],[16.857605,45.51138],[16.861223,45.511092],[16.857721,45.512414],[16.855457,45.51633],[16.866775,45.522091],[16.874053,45.523941],[16.859401,45.534704],[16.857377,45.541582],[16.858406,45.546105],[16.856919,45.548133],[16.852059,45.551092],[16.843288,45.550293],[16.835395,45.552213],[16.832326,45.554387],[16.831463,45.556311],[16.83189,45.569901],[16.829154,45.572553],[16.833169,45.573689],[16.836014,45.571071],[16.83637,45.566417],[16.839656,45.566105],[16.839743,45.565002],[16.837343,45.564111],[16.840764,45.562659],[16.847314,45.566742],[16.849884,45.565783],[16.853916,45.567683],[16.852765,45.570254],[16.843449,45.575022],[16.83978,45.579807],[16.841037,45.584199],[16.836586,45.589806],[16.837823,45.590568],[16.836437,45.591875],[16.836955,45.594878],[16.832213,45.596308],[16.831275,45.598725],[16.834473,45.608984],[16.830102,45.60924],[16.828762,45.612832],[16.826474,45.613157],[16.827045,45.614851],[16.823474,45.621967],[16.823827,45.624305],[16.817257,45.623243],[16.815934,45.625112],[16.812139,45.626183],[16.81075,45.628489],[16.804343,45.624091],[16.793644,45.623976],[16.788113,45.625967],[16.785479,45.624363],[16.783875,45.625418],[16.781455,45.624604],[16.775045,45.621172],[16.77485,45.619647],[16.77144,45.619849],[16.767935,45.618245],[16.762431,45.619019],[16.755344,45.615588],[16.75352,45.617969],[16.750311,45.617741],[16.748553,45.619113],[16.747536,45.623279],[16.741924,45.625131],[16.735524,45.621511],[16.729804,45.622667],[16.727626,45.624471],[16.729349,45.627753],[16.727794,45.629624],[16.728272,45.63248],[16.723302,45.635871],[16.7236,45.63708],[16.720446,45.641288],[16.722072,45.642538],[16.721613,45.64483],[16.716442,45.646349],[16.715564,45.648565],[16.712023,45.648862],[16.710481,45.651461],[16.7082,45.65136],[16.707233,45.653713],[16.703793,45.654267],[16.703389,45.657039],[16.698533,45.656291],[16.695286,45.65402],[16.687404,45.653679],[16.681876,45.651915],[16.678835,45.652017],[16.674891,45.654073],[16.667947,45.651251],[16.666583,45.656836],[16.667147,45.659],[16.668966,45.659968],[16.667734,45.663057],[16.668368,45.664607],[16.663218,45.667348],[16.659855,45.677712],[16.656599,45.676856],[16.65275,45.673097],[16.649294,45.67367],[16.643938,45.672015],[16.639818,45.676771],[16.633527,45.680075],[16.632633,45.683279],[16.628925,45.684396],[16.629359,45.687251],[16.623638,45.691516],[16.627289,45.694512],[16.624531,45.696467],[16.629852,45.6984],[16.635505,45.70395],[16.63229,45.706222],[16.632816,45.707091],[16.646683,45.70685],[16.649909,45.709321],[16.643443,45.710504],[16.644222,45.711344],[16.643348,45.713343],[16.63598,45.713651],[16.62666,45.716781],[16.62304,45.716754],[16.616196,45.720394],[16.615694,45.722148],[16.611736,45.721437],[16.604984,45.72435],[16.598424,45.724632],[16.590295,45.728291],[16.586635,45.725439],[16.579486,45.725748],[16.574016,45.723907],[16.568479,45.718638],[16.566731,45.714327],[16.563655,45.712279],[16.547357,45.707589],[16.544948,45.704043],[16.548513,45.703213],[16.548994,45.701462],[16.551569,45.701006],[16.552393,45.698832],[16.555524,45.698727],[16.55614,45.696253],[16.554583,45.693462],[16.556327,45.691594],[16.553999,45.688801],[16.549673,45.686619],[16.548695,45.684291],[16.550509,45.680887],[16.546692,45.679281],[16.538067,45.681898],[16.534989,45.685689],[16.53032,45.684481],[16.527979,45.685195],[16.529727,45.687212],[16.528222,45.688189],[16.529224,45.689041],[16.525961,45.690972],[16.522082,45.689852],[16.521298,45.692845],[16.51905,45.690885],[16.518001,45.691422],[16.519089,45.693065],[16.517289,45.694844],[16.518546,45.696882],[16.521221,45.697879],[16.517039,45.699766],[16.518652,45.701275],[16.511714,45.702702],[16.510524,45.704838],[16.502576,45.705113],[16.503652,45.708011],[16.498474,45.707637],[16.495233,45.704551],[16.490628,45.7041],[16.485365,45.704368],[16.486041,45.706003],[16.483982,45.707284],[16.479154,45.706068],[16.473674,45.709235],[16.471666,45.701229],[16.465881,45.703925],[16.467452,45.705466],[16.464236,45.705473],[16.464039,45.709654],[16.46077,45.712022],[16.456985,45.709229],[16.460578,45.707761],[16.455814,45.704878],[16.456363,45.705637],[16.45248,45.709005],[16.457201,45.714757],[16.456364,45.715379],[16.457685,45.71784],[16.456618,45.719948],[16.454162,45.721161],[16.459784,45.726238],[16.460405,45.73215],[16.464895,45.733689],[16.467073,45.736223],[16.466633,45.734378],[16.469685,45.734611],[16.469048,45.734002],[16.466016,45.734345],[16.465367,45.733251],[16.470267,45.731723],[16.471873,45.733094],[16.468282,45.73725],[16.470105,45.738757],[16.469636,45.740426],[16.472643,45.741125],[16.460423,45.749138],[16.45329,45.75035],[16.450191,45.754404],[16.453875,45.755316],[16.453781,45.757833],[16.456665,45.758055],[16.459007,45.762937],[16.467619,45.765196],[16.471426,45.772131],[16.476882,45.775496],[16.477069,45.777379],[16.479503,45.776777],[16.481054,45.779022],[16.487421,45.777962],[16.48944,45.778787],[16.447747,45.802331],[16.446449,45.805195],[16.447638,45.807162],[16.447345,45.810731],[16.450275,45.813888],[16.435318,45.812968],[16.433984,45.814043],[16.448218,45.818552],[16.448808,45.819274],[16.447502,45.820083],[16.454998,45.821889],[16.457694,45.824568],[16.4505,45.827589],[16.448749,45.827055],[16.448234,45.83038],[16.445332,45.830369],[16.440741,45.832622],[16.435304,45.828813],[16.432922,45.830551],[16.432585,45.832709],[16.430387,45.831748],[16.426695,45.832884],[16.422541,45.836122],[16.420534,45.834888],[16.419169,45.839918],[16.420663,45.840468],[16.418929,45.841314],[16.419348,45.842555],[16.416727,45.843486],[16.414184,45.843693],[16.414878,45.842629],[16.409137,45.840288],[16.407052,45.838106],[16.397103,45.836613],[16.400784,45.803424],[16.389145,45.807379],[16.386982,45.809598],[16.379526,45.811262],[16.369181,45.820938],[16.359908,45.823563],[16.358602,45.827987],[16.361167,45.82926],[16.366774,45.839001],[16.371012,45.842586],[16.371555,45.844067],[16.370332,45.845502],[16.373285,45.848857],[16.372358,45.853541],[16.373475,45.858425],[16.36806,45.85937],[16.367832,45.858547],[16.353006,45.861831],[16.348456,45.864883],[16.34125,45.864853],[16.342805,45.865824],[16.340846,45.865819],[16.339617,45.867558],[16.339032,45.872221],[16.340232,45.873116],[16.33887,45.877542],[16.345037,45.878291],[16.344015,45.879157],[16.344759,45.883325],[16.342101,45.883725],[16.343329,45.886528],[16.340894,45.887156],[16.34134,45.889036],[16.333445,45.893053],[16.331752,45.892164]],[[16.563747,46.094917],[16.564626,46.093561],[16.563747,46.094917],[16.563747,46.094917]],[[16.521412,45.961689],[16.521618,45.961827],[16.521412,45.961689],[16.521412,45.961689]],[[16.562432,46.095468],[16.563548,46.095079],[16.563548,46.095079],[16.562432,46.095468]]]},"properties":{"id":8,"slug":"bjelovarsko-krizevacka-biskupija","name":"Bjelovarsko-križevačka Biskupija","kind":"biskupija","seat":"Bjelovar","oib":"93797991785","area_km2":3358.4,"population":154813,"settlement_count":616,"parish_count":58,"church_count":139,"method":"naselja (DGU) → biskupija sjedeće/najbliže župe, spojeno","osm_agreement":96.6}},{"type":"Feature","id":15,"geometry":{"type":"MultiPolygon","coordinates":[[[[16.338514,42.377664],[16.338136,42.377857],[16.339422,42.377825],[16.338514,42.377664]]],[[[16.270122,42.388849],[16.272817,42.388925],[16.272794,42.387387],[16.270122,42.388849]]],[[[16.270638,42.389505],[16.270318,42.389278],[16.270087,42.389488],[16.270638,42.389505]]],[[[16.275015,42.389666],[16.274567,42.389196],[16.273818,42.389629],[16.275015,42.389666]]],[[[16.263396,42.391542],[16.259996,42.390901],[16.252315,42.39212],[16.249959,42.393645],[16.263131,42.393539],[16.264897,42.391991],[16.26651,42.392556],[16.266848,42.391252],[16.265738,42.390271],[16.263396,42.391542]]],[[[16.79934,42.745188],[16.794924,42.745771],[16.794396,42.747422],[16.798228,42.748678],[16.802718,42.74636],[16.79934,42.745188]]],[[[16.729709,42.753861],[16.733274,42.752168],[16.729149,42.751677],[16.727491,42.75328],[16.725128,42.75252],[16.725208,42.750869],[16.72341,42.749233],[16.720808,42.750567],[16.715962,42.749956],[16.714971,42.748789],[16.711432,42.749249],[16.710926,42.748073],[16.709245,42.748434],[16.708312,42.750805],[16.710668,42.750929],[16.71381,42.753837],[16.713315,42.751683],[16.714456,42.751016],[16.716649,42.75222],[16.719956,42.751687],[16.719796,42.753673],[16.722194,42.754831],[16.720067,42.756039],[16.720188,42.757364],[16.723306,42.75597],[16.725215,42.758544],[16.727121,42.755018],[16.730424,42.755596],[16.729709,42.753861]]],[[[16.802186,42.755918],[16.801112,42.753185],[16.797197,42.753627],[16.796486,42.755459],[16.802186,42.755918]]],[[[16.744438,42.754469],[16.745812,42.755401],[16.747017,42.755388],[16.745743,42.754639],[16.744438,42.754469]]],[[[16.679737,42.7587],[16.678178,42.758436],[16.678607,42.75894],[16.679737,42.7587]]],[[[16.820113,42.759054],[16.819429,42.760481],[16.820853,42.760282],[16.820113,42.759054]]],[[[16.516205,42.773709],[16.528466,42.770811],[16.530088,42.768424],[16.528748,42.767994],[16.535052,42.765854],[16.535297,42.762967],[16.530825,42.759866],[16.525273,42.758407],[16.521189,42.760225],[16.517376,42.760005],[16.516606,42.762459],[16.513383,42.761002],[16.512271,42.762293],[16.511314,42.761647],[16.50848,42.763935],[16.508964,42.761169],[16.507727,42.760655],[16.50774,42.758906],[16.505129,42.759886],[16.503978,42.757505],[16.501418,42.759742],[16.501287,42.757809],[16.49936,42.758215],[16.500395,42.756095],[16.498427,42.756628],[16.49765,42.755399],[16.498817,42.754567],[16.492252,42.753683],[16.494021,42.752998],[16.49305,42.752545],[16.493481,42.750823],[16.494886,42.749641],[16.491392,42.750954],[16.490168,42.748653],[16.487844,42.748903],[16.487756,42.751363],[16.490351,42.75275],[16.489325,42.753578],[16.490023,42.75465],[16.492503,42.755389],[16.492666,42.759716],[16.495347,42.759699],[16.498905,42.761995],[16.501761,42.765304],[16.50057,42.766288],[16.507823,42.773676],[16.516205,42.773709]]],[[[16.725606,42.764489],[16.723741,42.762016],[16.722762,42.762418],[16.725606,42.764489]]],[[[16.82776,42.776606],[16.821682,42.772886],[16.822553,42.770103],[16.829394,42.772986],[16.831715,42.769862],[16.827242,42.76863],[16.824387,42.769367],[16.822107,42.766057],[16.817307,42.764034],[16.813756,42.763981],[16.812136,42.765918],[16.808914,42.764138],[16.814806,42.762586],[16.814961,42.760497],[16.809972,42.757949],[16.810968,42.756298],[16.815051,42.756434],[16.813616,42.75392],[16.807234,42.753873],[16.807137,42.759012],[16.805043,42.757909],[16.80406,42.758578],[16.804311,42.761516],[16.799683,42.761203],[16.797956,42.764288],[16.798894,42.765986],[16.801653,42.7657],[16.802549,42.76758],[16.80108,42.768881],[16.80612,42.77314],[16.812218,42.773183],[16.812777,42.774975],[16.817974,42.776653],[16.816827,42.77526],[16.817788,42.772724],[16.819271,42.772839],[16.82776,42.776606]]],[[[16.792951,42.771128],[16.793644,42.769864],[16.792238,42.766266],[16.796208,42.762006],[16.793327,42.760249],[16.793571,42.761934],[16.789942,42.762913],[16.789046,42.761636],[16.790204,42.760581],[16.787856,42.758151],[16.788317,42.760299],[16.783294,42.760844],[16.783523,42.764431],[16.785542,42.767664],[16.784413,42.768914],[16.786253,42.770385],[16.785999,42.772281],[16.782419,42.771362],[16.781928,42.773365],[16.783052,42.774965],[16.792074,42.777784],[16.794729,42.774296],[16.792951,42.771128]]],[[[16.828105,42.767619],[16.833538,42.767717],[16.837701,42.771743],[16.839367,42.771795],[16.836604,42.775149],[16.831918,42.774638],[16.835435,42.777313],[16.84027,42.774761],[16.84334,42.775857],[16.846029,42.775101],[16.846148,42.77156],[16.844646,42.7699],[16.846246,42.767652],[16.847578,42.769583],[16.849947,42.769843],[16.851024,42.772884],[16.854502,42.773866],[16.853113,42.776654],[16.854488,42.778028],[16.865855,42.776116],[16.868875,42.774414],[16.866307,42.771608],[16.868919,42.771095],[16.872646,42.774148],[16.875392,42.771802],[16.878379,42.773489],[16.877892,42.775478],[16.8798,42.776508],[16.880964,42.775641],[16.879011,42.770943],[16.880039,42.77035],[16.886785,42.769783],[16.887092,42.770796],[16.895609,42.771573],[16.894748,42.772486],[16.897956,42.771191],[16.907183,42.774396],[16.905976,42.772296],[16.907953,42.770609],[16.914058,42.771289],[16.916445,42.769493],[16.924088,42.773645],[16.928379,42.769047],[16.932172,42.77041],[16.935963,42.76986],[16.938885,42.767613],[16.943219,42.766602],[16.936828,42.762109],[16.938799,42.75843],[16.934305,42.754683],[16.936712,42.752756],[16.928753,42.747777],[16.92718,42.742531],[16.925094,42.741305],[16.924857,42.738287],[16.921626,42.735569],[16.915261,42.733402],[16.911,42.729395],[16.898113,42.725771],[16.894803,42.727842],[16.89406,42.725786],[16.887252,42.724746],[16.889051,42.723481],[16.883652,42.723337],[16.88063,42.725051],[16.881151,42.725836],[16.885152,42.726866],[16.892096,42.7314],[16.891577,42.733859],[16.889009,42.735243],[16.888554,42.736889],[16.886188,42.736509],[16.885553,42.730091],[16.880173,42.734473],[16.87732,42.733349],[16.877113,42.735614],[16.879467,42.737484],[16.874703,42.735512],[16.87317,42.737346],[16.866844,42.737476],[16.86593,42.7372],[16.866842,42.736272],[16.86347,42.734589],[16.858781,42.734586],[16.857728,42.73256],[16.852892,42.731699],[16.850686,42.732269],[16.849991,42.733742],[16.849401,42.73199],[16.846989,42.731091],[16.843547,42.731399],[16.847017,42.724081],[16.84228,42.722884],[16.841008,42.723916],[16.843271,42.725986],[16.838237,42.726646],[16.839035,42.729821],[16.83636,42.730834],[16.835206,42.733637],[16.830929,42.730734],[16.827876,42.732391],[16.824568,42.731998],[16.824982,42.734686],[16.822475,42.73493],[16.819668,42.737925],[16.82231,42.740639],[16.819554,42.741418],[16.820206,42.743078],[16.811838,42.744132],[16.813388,42.748316],[16.815345,42.748102],[16.815045,42.746755],[16.822118,42.74636],[16.824817,42.744492],[16.824598,42.746075],[16.827311,42.749875],[16.823128,42.753994],[16.822667,42.757754],[16.82455,42.760447],[16.822217,42.765817],[16.828105,42.767619]]],[[[16.796781,42.772469],[16.795945,42.770866],[16.795581,42.77096],[16.796781,42.772469]]],[[[16.797338,42.773857],[16.797003,42.774316],[16.79769,42.774549],[16.797338,42.773857]]],[[[16.823955,42.777118],[16.823365,42.776103],[16.822909,42.776785],[16.823955,42.777118]]],[[[16.831096,42.7798],[16.830448,42.778389],[16.828626,42.778295],[16.828304,42.779141],[16.831096,42.7798]]],[[[16.825921,42.779199],[16.825588,42.779181],[16.82592,42.779365],[16.825921,42.779199]]],[[[16.826576,42.779417],[16.826369,42.779397],[16.826986,42.779599],[16.826576,42.779417]]],[[[16.775172,42.780816],[16.775343,42.779689],[16.774076,42.779059],[16.774254,42.780121],[16.775172,42.780816]]],[[[16.790572,42.893507],[16.785942,42.894213],[16.785245,42.894866],[16.790572,42.893507]]],[[[16.795306,42.892062],[16.793505,42.893843],[16.796894,42.896379],[16.798108,42.895302],[16.795306,42.892062]]],[[[16.804415,42.896332],[16.809678,42.894936],[16.803379,42.892966],[16.799845,42.895264],[16.804415,42.896332]]],[[[16.814584,42.894382],[16.811236,42.895823],[16.815032,42.897186],[16.820917,42.895485],[16.813641,42.893776],[16.814584,42.894382]]],[[[16.701001,42.897731],[16.700994,42.899663],[16.703009,42.898351],[16.702197,42.89713],[16.701001,42.897731]]],[[[16.789825,42.900317],[16.789882,42.900775],[16.790084,42.900606],[16.789825,42.900317]]],[[[16.765168,42.899574],[16.762398,42.89987],[16.760247,42.902083],[16.761924,42.902975],[16.762394,42.901215],[16.765168,42.899574]]],[[[16.83137,42.901123],[16.829756,42.901668],[16.829449,42.902672],[16.832477,42.902216],[16.83137,42.901123]]],[[[16.703176,42.903337],[16.702975,42.904175],[16.703514,42.903692],[16.703176,42.903337]]],[[[16.75117,42.904413],[16.750758,42.902885],[16.749243,42.903319],[16.749537,42.904671],[16.75117,42.904413]]],[[[16.755326,42.903958],[16.75536,42.904332],[16.755475,42.904105],[16.755326,42.903958]]],[[[16.695614,42.904802],[16.696699,42.907179],[16.697519,42.902374],[16.696093,42.901358],[16.693181,42.901324],[16.689182,42.903837],[16.695614,42.904802]]],[[[16.686744,42.908119],[16.689033,42.907944],[16.690465,42.906215],[16.687574,42.905167],[16.686319,42.905815],[16.686744,42.908119]]],[[[16.743078,42.907878],[16.741898,42.907627],[16.742038,42.908278],[16.743078,42.907878]]],[[[16.740014,42.905478],[16.737008,42.905369],[16.721526,42.914244],[16.722789,42.915054],[16.732637,42.911095],[16.734288,42.908546],[16.738818,42.909182],[16.740014,42.905478]]],[[[16.679164,42.910915],[16.670759,42.914067],[16.672828,42.917156],[16.674907,42.917295],[16.677663,42.913605],[16.681196,42.911965],[16.679164,42.910915]]],[[[16.637149,42.92829],[16.638126,42.928269],[16.636542,42.927705],[16.637149,42.92829]]],[[[16.684203,42.924271],[16.677077,42.924146],[16.673564,42.927869],[16.672017,42.924564],[16.668261,42.926737],[16.667888,42.929791],[16.666523,42.927254],[16.665543,42.929006],[16.663038,42.929533],[16.664708,42.928228],[16.663286,42.926891],[16.665377,42.925479],[16.665571,42.92363],[16.664219,42.922978],[16.66588,42.921982],[16.666845,42.918535],[16.664472,42.915062],[16.660374,42.915645],[16.662111,42.916772],[16.660621,42.919411],[16.658509,42.919702],[16.658323,42.918181],[16.656499,42.917511],[16.647807,42.923803],[16.645875,42.922656],[16.638777,42.925624],[16.639584,42.927028],[16.641918,42.92734],[16.641298,42.928453],[16.645735,42.929289],[16.639146,42.931564],[16.639058,42.932426],[16.640779,42.932431],[16.639595,42.934245],[16.641054,42.934023],[16.63774,42.936473],[16.63958,42.937382],[16.644552,42.935714],[16.643045,42.938056],[16.646749,42.938337],[16.648338,42.939899],[16.650241,42.938564],[16.657414,42.943369],[16.661714,42.943929],[16.667903,42.942348],[16.670771,42.943399],[16.661279,42.949783],[16.660648,42.952612],[16.663063,42.954138],[16.667909,42.952323],[16.669504,42.953349],[16.672121,42.952317],[16.674964,42.955177],[16.687265,42.95736],[16.695494,42.956885],[16.695111,42.958805],[16.70073,42.960271],[16.706068,42.959367],[16.710795,42.956432],[16.709864,42.95981],[16.711044,42.958606],[16.71452,42.961844],[16.71695,42.961336],[16.717473,42.962311],[16.714547,42.967455],[16.713159,42.967316],[16.715054,42.964388],[16.713986,42.962905],[16.707623,42.961634],[16.705397,42.963264],[16.703138,42.962987],[16.702784,42.965072],[16.704715,42.966955],[16.702031,42.968953],[16.694526,42.965995],[16.687967,42.969091],[16.687144,42.966978],[16.682716,42.969664],[16.680941,42.968071],[16.677922,42.968261],[16.676549,42.969588],[16.674347,42.968252],[16.673038,42.970283],[16.676987,42.969699],[16.677866,42.972666],[16.675648,42.97425],[16.669529,42.973759],[16.669361,42.978093],[16.670781,42.979375],[16.668368,42.980294],[16.664817,42.976054],[16.664182,42.981902],[16.658807,42.981375],[16.657827,42.983426],[16.65414,42.984829],[16.65321,42.980651],[16.652251,42.980064],[16.650492,42.981932],[16.649008,42.977796],[16.645281,42.9741],[16.644319,42.979366],[16.641314,42.980161],[16.64,42.983394],[16.636413,42.980809],[16.63408,42.982017],[16.63015,42.981691],[16.627826,42.98327],[16.62818,42.985831],[16.632454,42.986009],[16.63215,42.987917],[16.635937,42.990101],[16.640397,42.989124],[16.640837,42.990919],[16.648596,42.989623],[16.649308,42.988433],[16.647579,42.986667],[16.648809,42.985538],[16.651335,42.987227],[16.65346,42.986176],[16.657342,42.990179],[16.661728,42.989338],[16.660175,42.991203],[16.660993,42.992455],[16.666141,42.992858],[16.66737,42.992282],[16.66662,42.988541],[16.668833,42.987311],[16.669458,42.989458],[16.671625,42.989429],[16.673357,42.99317],[16.674214,42.99116],[16.67664,42.993559],[16.678514,42.992202],[16.684041,42.993679],[16.684617,42.992331],[16.683064,42.989913],[16.688281,42.992374],[16.690539,42.991296],[16.693867,42.994179],[16.69486,42.99182],[16.698018,42.993094],[16.698298,42.990087],[16.696282,42.986953],[16.698612,42.988125],[16.70061,42.987272],[16.701046,42.989731],[16.703029,42.990738],[16.707904,42.98477],[16.708222,42.989197],[16.710662,42.988688],[16.712404,42.990782],[16.716423,42.98737],[16.720852,42.986869],[16.724721,42.989747],[16.726043,42.987984],[16.73084,42.986125],[16.730052,42.982018],[16.733407,42.981547],[16.734742,42.979841],[16.73965,42.980673],[16.741052,42.979803],[16.740578,42.978256],[16.744939,42.979214],[16.745527,42.977834],[16.747539,42.978272],[16.750268,42.975606],[16.751915,42.976724],[16.754471,42.975194],[16.756816,42.976485],[16.762874,42.973838],[16.763559,42.976148],[16.765361,42.976693],[16.767385,42.973591],[16.768724,42.974256],[16.774718,42.972798],[16.774878,42.970371],[16.779317,42.973175],[16.784903,42.970319],[16.783479,42.969035],[16.78369,42.96645],[16.792325,42.969418],[16.805546,42.966765],[16.808465,42.968266],[16.809415,42.967358],[16.807855,42.965529],[16.811838,42.966653],[16.810944,42.967269],[16.817615,42.96562],[16.818174,42.963771],[16.823444,42.964414],[16.833242,42.961041],[16.8369,42.961556],[16.838335,42.95943],[16.844675,42.960484],[16.846417,42.958595],[16.850697,42.957631],[16.8599,42.957716],[16.86271,42.958381],[16.862066,42.959472],[16.863113,42.959724],[16.864615,42.958208],[16.873772,42.958868],[16.880863,42.960368],[16.886976,42.964668],[16.898838,42.963226],[16.909782,42.966758],[16.909149,42.968281],[16.913684,42.968586],[16.909561,42.970566],[16.91073,42.97148],[16.924514,42.970924],[16.928241,42.96804],[16.928191,42.971727],[16.939993,42.973547],[16.94182,42.972587],[16.94399,42.974268],[16.948266,42.973587],[16.951277,42.974842],[16.957752,42.974752],[16.961318,42.973088],[16.962922,42.974267],[16.964845,42.973682],[16.966508,42.975355],[16.984712,42.974239],[16.989488,42.975513],[16.993384,42.975455],[16.994467,42.974072],[16.996631,42.97582],[17.0038,42.97488],[17.005255,42.976987],[17.010392,42.977856],[17.015594,42.977304],[17.015968,42.97499],[17.020578,42.973116],[17.021948,42.973818],[17.020404,42.976328],[17.021037,42.97773],[17.04736,42.980257],[17.048556,42.979954],[17.047206,42.978454],[17.041234,42.976427],[17.045397,42.973022],[17.052543,42.971409],[17.060747,42.972132],[17.061996,42.968935],[17.075863,42.96789],[17.078614,42.969495],[17.079866,42.967674],[17.082193,42.967123],[17.084402,42.968277],[17.091448,42.96451],[17.100691,42.965524],[17.10152,42.964945],[17.100577,42.964248],[17.097289,42.963865],[17.101445,42.960966],[17.103133,42.96182],[17.103039,42.963923],[17.106813,42.96476],[17.111784,42.963019],[17.111625,42.961044],[17.108964,42.959711],[17.111522,42.958437],[17.11248,42.959586],[17.11733,42.95858],[17.116474,42.961296],[17.114214,42.961961],[17.115064,42.963246],[17.116853,42.962001],[17.120172,42.963707],[17.126644,42.960337],[17.127652,42.96217],[17.130059,42.963054],[17.134226,42.960757],[17.135556,42.96325],[17.136926,42.962447],[17.136997,42.960478],[17.135252,42.95914],[17.136023,42.959661],[17.137828,42.958041],[17.135916,42.959039],[17.137213,42.956592],[17.141565,42.956003],[17.138541,42.953407],[17.140064,42.951121],[17.137777,42.949452],[17.144134,42.952473],[17.143131,42.95389],[17.144023,42.957231],[17.146033,42.957648],[17.146995,42.954561],[17.150741,42.952708],[17.148593,42.951027],[17.150288,42.951012],[17.149219,42.950414],[17.150339,42.948926],[17.151287,42.949272],[17.155963,42.944855],[17.154937,42.942983],[17.158353,42.938789],[17.160229,42.938646],[17.161719,42.935989],[17.164545,42.934988],[17.160169,42.929557],[17.16048,42.927815],[17.161781,42.927247],[17.161463,42.928326],[17.163161,42.929697],[17.166928,42.929978],[17.169121,42.92816],[17.168882,42.925662],[17.167451,42.924678],[17.170753,42.92274],[17.171888,42.922782],[17.17175,42.924341],[17.172903,42.924611],[17.171362,42.925047],[17.172275,42.925292],[17.176665,42.92403],[17.177611,42.925202],[17.181899,42.925256],[17.185078,42.921757],[17.196412,42.922277],[17.199511,42.919721],[17.199417,42.918426],[17.202279,42.917225],[17.199519,42.917529],[17.196939,42.913784],[17.190306,42.911721],[17.187198,42.912235],[17.188171,42.916642],[17.184929,42.918158],[17.181975,42.917283],[17.181887,42.914803],[17.17883,42.914351],[17.179675,42.913402],[17.178107,42.912437],[17.172393,42.911557],[17.171426,42.914011],[17.165987,42.911114],[17.163437,42.912711],[17.157159,42.912091],[17.156704,42.913259],[17.152441,42.910841],[17.144484,42.910204],[17.143042,42.911784],[17.142996,42.909],[17.141628,42.910648],[17.137963,42.908743],[17.134303,42.91032],[17.13465,42.908503],[17.132829,42.907631],[17.128201,42.908784],[17.13007,42.912656],[17.129193,42.912942],[17.126654,42.911671],[17.124401,42.907065],[17.122103,42.908638],[17.119897,42.907046],[17.116852,42.908647],[17.114014,42.907757],[17.114837,42.910649],[17.107624,42.908058],[17.106401,42.908888],[17.107189,42.911959],[17.104032,42.912542],[17.105149,42.910398],[17.102525,42.908709],[17.083361,42.912605],[17.08369,42.915877],[17.079453,42.916218],[17.080618,42.913946],[17.079296,42.913419],[17.066133,42.91602],[17.064913,42.917312],[17.063152,42.916442],[17.061772,42.917738],[17.059428,42.916969],[17.051868,42.918609],[17.045748,42.920127],[17.046263,42.923959],[17.042429,42.920986],[17.036346,42.921781],[17.035017,42.923957],[17.033291,42.922312],[17.004733,42.923019],[17.001948,42.92409],[17.003621,42.927528],[17.002323,42.927938],[16.998513,42.923919],[16.98973,42.923475],[16.98372,42.92554],[16.978021,42.925717],[16.976248,42.927675],[16.971718,42.925791],[16.970183,42.926696],[16.965269,42.923866],[16.961907,42.924493],[16.960701,42.922094],[16.959146,42.923022],[16.95835,42.921106],[16.952132,42.918914],[16.953314,42.917532],[16.95233,42.915987],[16.947136,42.91552],[16.943408,42.913107],[16.940673,42.913961],[16.94013,42.915775],[16.939421,42.913749],[16.941089,42.912174],[16.9394,42.91],[16.936535,42.910491],[16.935089,42.914678],[16.935176,42.91325],[16.931905,42.912089],[16.9317,42.910755],[16.930232,42.911246],[16.929832,42.910027],[16.929267,42.910991],[16.928281,42.909355],[16.925079,42.908259],[16.922134,42.908675],[16.9205,42.906431],[16.916143,42.906323],[16.916106,42.905037],[16.9138,42.903934],[16.910649,42.906269],[16.909565,42.905221],[16.910464,42.902764],[16.905668,42.900457],[16.902555,42.902147],[16.90178,42.900094],[16.900878,42.90112],[16.898764,42.89929],[16.895279,42.899853],[16.895544,42.897801],[16.891969,42.89671],[16.889474,42.896809],[16.888595,42.898097],[16.885508,42.897082],[16.882294,42.899204],[16.88144,42.895843],[16.877782,42.897985],[16.878228,42.89649],[16.876847,42.895467],[16.874596,42.895376],[16.87299,42.897037],[16.871955,42.894559],[16.86513,42.893459],[16.862969,42.893968],[16.863303,42.896384],[16.858431,42.893554],[16.848809,42.897211],[16.851855,42.899932],[16.857809,42.900483],[16.860121,42.903248],[16.860868,42.906315],[16.858209,42.905858],[16.856106,42.903844],[16.852864,42.906162],[16.857367,42.90829],[16.857552,42.909706],[16.852872,42.908623],[16.845901,42.903824],[16.842908,42.904474],[16.836946,42.902024],[16.831807,42.904428],[16.825855,42.904489],[16.822928,42.903417],[16.823001,42.902112],[16.822357,42.903491],[16.816989,42.90497],[16.807269,42.904259],[16.799908,42.906558],[16.795896,42.905496],[16.795147,42.904413],[16.796231,42.90364],[16.793737,42.902777],[16.791307,42.903889],[16.795039,42.906029],[16.79204,42.906546],[16.782497,42.905975],[16.781034,42.904393],[16.778031,42.905067],[16.775179,42.903416],[16.773228,42.905102],[16.776575,42.908507],[16.77144,42.907813],[16.76922,42.905333],[16.768254,42.906649],[16.763593,42.906076],[16.761652,42.907961],[16.753133,42.907451],[16.730047,42.915381],[16.722024,42.919556],[16.714019,42.92049],[16.716022,42.917583],[16.714437,42.916769],[16.710611,42.91902],[16.709583,42.921128],[16.70722,42.919014],[16.70436,42.919026],[16.694977,42.922412],[16.6937,42.924107],[16.690083,42.922668],[16.684203,42.924271]]],[[[16.6809,42.958778],[16.677556,42.962489],[16.684144,42.962335],[16.686052,42.960932],[16.683406,42.958956],[16.6809,42.958778]]],[[[16.829935,42.966796],[16.82936,42.966611],[16.829015,42.966839],[16.829935,42.966796]]],[[[16.824871,42.967578],[16.826146,42.967697],[16.825431,42.967344],[16.824871,42.967578]]],[[[16.658113,42.969425],[16.656912,42.969086],[16.656824,42.969656],[16.657336,42.970169],[16.658113,42.969425]]],[[[16.671333,42.97182],[16.671916,42.970956],[16.670585,42.971463],[16.671333,42.97182]]],[[[16.62329,42.981965],[16.618808,42.981429],[16.618557,42.983093],[16.61661,42.983617],[16.61384,42.981071],[16.612924,42.98258],[16.608117,42.982356],[16.606847,42.983512],[16.614229,42.987806],[16.616613,42.986612],[16.616868,42.989219],[16.618041,42.989823],[16.620083,42.98586],[16.622532,42.986197],[16.62362,42.984959],[16.62329,42.981965]]],[[[16.721931,42.989411],[16.721372,42.989631],[16.722018,42.989625],[16.721931,42.989411]]],[[[16.717638,42.990024],[16.717691,42.990333],[16.717832,42.989836],[16.717638,42.990024]]],[[[16.62394,42.990774],[16.623528,42.990301],[16.622797,42.991396],[16.62394,42.990774]]],[[[16.649325,42.993508],[16.650255,42.992863],[16.649002,42.993267],[16.649325,42.993508]]],[[[16.622051,42.995456],[16.621269,42.994969],[16.621348,42.995602],[16.622051,42.995456]]],[[[16.815499,43.032253],[16.823867,43.027574],[16.816427,43.030047],[16.815499,43.032253]]],[[[16.847044,42.73047],[16.846363,42.730555],[16.84659,42.730817],[16.847044,42.73047]]],[[[16.876293,42.732502],[16.87608,42.731941],[16.875882,42.732363],[16.876293,42.732502]]],[[[17.070411,42.757208],[17.071041,42.756647],[17.069833,42.757253],[17.070411,42.757208]]],[[[16.953477,42.757251],[16.959838,42.758598],[16.95181,42.755252],[16.953477,42.757251]]],[[[17.073943,42.756901],[17.075165,42.757872],[17.075194,42.756949],[17.073943,42.756901]]],[[[16.942381,42.757987],[16.940955,42.757511],[16.940193,42.75798],[16.942381,42.757987]]],[[[17.073789,42.758839],[17.073848,42.758737],[17.073416,42.758726],[17.073789,42.758839]]],[[[17.073196,42.758704],[17.072004,42.759532],[17.073395,42.759145],[17.073196,42.758704]]],[[[16.974482,42.761292],[16.971496,42.757743],[16.965814,42.757235],[16.962215,42.757812],[16.961871,42.759656],[16.96288,42.761921],[16.967985,42.763463],[16.969907,42.761645],[16.971134,42.762735],[16.974482,42.761292]]],[[[17.095838,42.761195],[17.095877,42.760605],[17.095048,42.760927],[17.095838,42.761195]]],[[[17.104452,42.761286],[17.106521,42.763292],[17.108325,42.761972],[17.108201,42.761396],[17.104452,42.761286]]],[[[17.111124,42.761602],[17.112296,42.763387],[17.114038,42.764278],[17.114801,42.76274],[17.111124,42.761602]]],[[[17.11732,42.764507],[17.119141,42.762529],[17.116328,42.76198],[17.115702,42.762544],[17.11732,42.764507]]],[[[16.990972,42.765191],[16.990147,42.764406],[16.989994,42.765055],[16.990972,42.765191]]],[[[16.997421,42.765685],[16.995773,42.764315],[16.994434,42.764428],[16.995977,42.765996],[16.997421,42.765685]]],[[[17.134653,42.765026],[17.13547,42.765265],[17.135284,42.764773],[17.134653,42.765026]]],[[[17.14696,42.766024],[17.146302,42.764895],[17.144747,42.765242],[17.14507,42.766243],[17.14696,42.766024]]],[[[16.985594,42.766055],[16.979587,42.7657],[16.979908,42.768237],[16.978381,42.769053],[16.976113,42.767737],[16.970312,42.767629],[16.96756,42.769319],[16.979675,42.770768],[16.981073,42.77235],[16.984077,42.772762],[16.98618,42.771872],[16.985399,42.770155],[16.98705,42.769239],[16.985594,42.766055]]],[[[16.964845,42.774308],[16.969027,42.772332],[16.965891,42.769734],[16.964194,42.769228],[16.962257,42.771066],[16.962917,42.772614],[16.961136,42.773297],[16.963403,42.775806],[16.963225,42.778438],[16.965006,42.778956],[16.964845,42.774308]]],[[[16.952741,42.774819],[16.953744,42.773902],[16.952597,42.774354],[16.952741,42.774819]]],[[[16.87602,42.775445],[16.87703,42.775189],[16.873638,42.774214],[16.87602,42.775445]]],[[[16.947632,42.77533],[16.949722,42.775696],[16.950396,42.775416],[16.949596,42.774764],[16.947632,42.77533]]],[[[16.946458,42.775976],[16.946471,42.775645],[16.946138,42.775835],[16.946458,42.775976]]],[[[16.992495,42.780059],[16.996674,42.778405],[16.989349,42.775723],[16.982441,42.775918],[16.981763,42.777132],[16.981431,42.779515],[16.98258,42.780472],[16.986302,42.779397],[16.992495,42.780059]]],[[[16.98776,42.782751],[16.987295,42.780888],[16.985728,42.781082],[16.986325,42.783043],[16.98776,42.782751]]],[[[17.014142,42.781925],[17.013963,42.78253],[17.014396,42.78228],[17.014142,42.781925]]],[[[16.98921,42.783832],[16.991198,42.783677],[16.992901,42.782792],[16.989829,42.782341],[16.98921,42.783832]]],[[[16.993775,42.815721],[16.991651,42.815442],[16.990208,42.81593],[16.992018,42.816291],[16.993775,42.815721]]],[[[16.987318,42.816181],[16.986946,42.81602],[16.986938,42.816155],[16.987318,42.816181]]],[[[17.164501,42.940334],[17.163156,42.941407],[17.16344,42.942099],[17.164988,42.941416],[17.164501,42.940334]]],[[[17.163317,42.943605],[17.163207,42.94387],[17.163388,42.943836],[17.163317,42.943605]]],[[[17.165743,42.948047],[17.169196,42.946728],[17.171254,42.943452],[17.170682,42.942271],[17.164737,42.944661],[17.164408,42.946767],[17.165743,42.948047]]],[[[17.162602,42.94756],[17.162082,42.947747],[17.162537,42.94804],[17.162602,42.94756]]],[[[17.169793,42.95465],[17.16742,42.950037],[17.16507,42.949982],[17.163082,42.951328],[17.155554,42.952062],[17.150765,42.955455],[17.153945,42.958543],[17.162962,42.957943],[17.169793,42.95465]]],[[[16.863969,42.961735],[16.864372,42.961531],[16.862812,42.961535],[16.863969,42.961735]]],[[[17.093943,42.966081],[17.093595,42.966329],[17.093931,42.966331],[17.093943,42.966081]]],[[[17.046883,42.977591],[17.048506,42.977922],[17.047611,42.976821],[17.046883,42.977591]]],[[[17.05107,42.980261],[17.054073,42.980738],[17.054462,42.980163],[17.053213,42.97936],[17.05107,42.980261]]],[[[17.164626,42.973743],[17.129559,42.975299],[17.128017,42.977749],[17.114156,42.98066],[17.109096,42.978344],[17.103458,42.97871],[17.100543,42.983157],[17.095891,42.984818],[17.082312,42.983164],[17.068322,42.983878],[17.065998,42.98468],[17.065952,42.986371],[17.063505,42.988692],[17.057562,42.99029],[17.053371,42.993836],[17.038293,43.00068],[17.038389,43.002745],[17.034016,43.001728],[17.022394,43.004335],[17.017377,43.00354],[17.015535,43.005157],[17.011077,43.004889],[17.007461,43.006712],[17.005046,43.010906],[17.014447,43.005748],[17.017932,43.005119],[17.018293,43.007615],[17.020828,43.00918],[17.019485,43.01045],[17.019663,43.012946],[17.023886,43.016044],[17.020424,43.018444],[17.023499,43.01897],[17.025283,43.023046],[17.031195,43.022642],[17.031114,43.0235],[17.035056,43.02417],[17.028178,43.029206],[17.030527,43.030292],[17.029466,43.031127],[17.024064,43.029773],[17.021771,43.031136],[17.023653,43.026312],[17.021935,43.025137],[17.01518,43.027956],[17.015181,43.02975],[17.012435,43.029512],[17.014273,43.030883],[17.012529,43.035609],[17.01816,43.036949],[17.012598,43.039923],[17.015779,43.041374],[17.008979,43.042522],[17.002121,43.045188],[17.000682,43.046862],[17.006241,43.048189],[17.010512,43.045737],[17.01079,43.047158],[17.013924,43.047157],[17.016017,43.045638],[17.020534,43.046658],[17.028814,43.044487],[17.031007,43.043316],[17.031057,43.042049],[17.036477,43.040126],[17.035413,43.038483],[17.033121,43.038433],[17.033518,43.037528],[17.047339,43.035432],[17.048414,43.034172],[17.047136,43.032627],[17.053217,43.031673],[17.054939,43.030226],[17.054952,43.028303],[17.057249,43.029277],[17.06058,43.028262],[17.060121,43.026074],[17.063372,43.026517],[17.067427,43.025245],[17.066775,43.023669],[17.071574,43.023787],[17.066421,43.022174],[17.067259,43.02098],[17.074257,43.021688],[17.076712,43.01936],[17.078622,43.020787],[17.084408,43.019383],[17.084953,43.020777],[17.088599,43.020355],[17.09085,43.021614],[17.094977,43.020819],[17.113967,43.02195],[17.11604,43.022968],[17.129892,43.022977],[17.141258,43.025117],[17.146265,43.02333],[17.153669,43.025072],[17.161338,43.023019],[17.167149,43.024788],[17.171358,43.024366],[17.17077,43.025018],[17.17488,43.021543],[17.18016,43.022446],[17.182597,43.020262],[17.199015,43.018507],[17.201915,43.016858],[17.20616,43.018335],[17.234346,43.015483],[17.264072,43.00857],[17.269916,43.010933],[17.281242,43.007663],[17.280207,43.006663],[17.283691,43.003602],[17.286558,43.003814],[17.286922,43.00572],[17.30168,43.002611],[17.308052,43.000312],[17.309439,42.997728],[17.312688,42.998555],[17.322798,42.995396],[17.326423,42.993597],[17.326026,42.990843],[17.331298,42.99232],[17.341309,42.988148],[17.343521,42.986036],[17.348809,42.985829],[17.354963,42.984022],[17.356214,42.981798],[17.359675,42.982341],[17.365058,42.980183],[17.372499,42.976902],[17.373978,42.974876],[17.373208,42.974439],[17.379245,42.973713],[17.389603,42.969027],[17.388737,42.96732],[17.390046,42.966305],[17.392257,42.967361],[17.412741,42.961037],[17.41797,42.958172],[17.423703,42.958745],[17.440194,42.953273],[17.443987,42.951251],[17.442599,42.950219],[17.444287,42.947789],[17.443835,42.946116],[17.446723,42.945142],[17.451195,42.940231],[17.450599,42.937966],[17.448392,42.937095],[17.448936,42.934215],[17.447991,42.933137],[17.450665,42.930553],[17.448425,42.930412],[17.449916,42.929218],[17.449582,42.927765],[17.45948,42.92197],[17.464975,42.919987],[17.468997,42.920536],[17.470663,42.91835],[17.467983,42.917056],[17.468371,42.914811],[17.472456,42.915351],[17.47891,42.913164],[17.478993,42.916029],[17.475975,42.918594],[17.477651,42.920195],[17.480281,42.919648],[17.480806,42.917334],[17.486439,42.914884],[17.489023,42.910142],[17.4917,42.908842],[17.495497,42.911804],[17.498073,42.910301],[17.510985,42.909677],[17.513137,42.912117],[17.514466,42.911459],[17.514958,42.908016],[17.519051,42.908142],[17.519545,42.905512],[17.530787,42.903206],[17.532347,42.903671],[17.533231,42.906329],[17.531572,42.906505],[17.527417,42.910535],[17.52669,42.915771],[17.523093,42.920286],[17.516896,42.923107],[17.517209,42.924521],[17.519624,42.924815],[17.522711,42.92152],[17.523382,42.924339],[17.526531,42.924125],[17.529045,42.92312],[17.528911,42.921214],[17.538547,42.918058],[17.544347,42.913363],[17.551502,42.912873],[17.554047,42.91069],[17.560333,42.91081],[17.57372,42.904579],[17.581228,42.903171],[17.58389,42.899919],[17.58889,42.899777],[17.59848,42.89455],[17.604301,42.894043],[17.609167,42.895634],[17.622155,42.8868],[17.628222,42.880904],[17.635395,42.877214],[17.63963,42.877974],[17.644671,42.875266],[17.645073,42.87325],[17.648737,42.870833],[17.656631,42.868482],[17.668183,42.86733],[17.663354,42.871733],[17.664756,42.872674],[17.655256,42.876544],[17.649549,42.880607],[17.680439,42.869581],[17.680118,42.868342],[17.67814,42.86797],[17.683278,42.863826],[17.680235,42.863888],[17.680449,42.862014],[17.685543,42.860671],[17.687374,42.858303],[17.68987,42.858882],[17.693249,42.856382],[17.69595,42.856727],[17.70184,42.85287],[17.703691,42.852882],[17.705255,42.849631],[17.702945,42.848531],[17.705859,42.845253],[17.70675,42.846359],[17.705838,42.847701],[17.709347,42.847242],[17.710089,42.845673],[17.708145,42.845382],[17.712722,42.842975],[17.712197,42.844206],[17.713531,42.844909],[17.715941,42.842711],[17.713598,42.842842],[17.714444,42.841222],[17.719507,42.837751],[17.722015,42.837356],[17.719639,42.840459],[17.731927,42.833736],[17.742437,42.832765],[17.74517,42.83452],[17.740638,42.838367],[17.721493,42.848049],[17.710537,42.850741],[17.704464,42.856144],[17.694882,42.86093],[17.696154,42.861765],[17.708881,42.855966],[17.702442,42.862871],[17.701981,42.866542],[17.703481,42.86927],[17.70902,42.873709],[17.718542,42.876169],[17.711383,42.879674],[17.70866,42.883591],[17.706872,42.881666],[17.700643,42.879368],[17.700714,42.871931],[17.695679,42.867239],[17.670816,42.876402],[17.649769,42.888066],[17.649184,42.888982],[17.665941,42.906469],[17.666571,42.908674],[17.675663,42.918723],[17.678489,42.920657],[17.688737,42.922751],[17.723852,42.919219],[17.751395,42.913105],[17.764872,42.908019],[17.785883,42.891754],[17.791327,42.891658],[17.791716,42.894663],[17.80906,42.917099],[17.829203,42.909659],[17.844464,42.902352],[17.857258,42.887628],[17.858785,42.884629],[17.854318,42.878921],[17.85663,42.868504],[17.870167,42.846589],[17.878683,42.837487],[17.884824,42.837527],[17.90022,42.832483],[17.896654,42.827108],[17.890754,42.82204],[17.887488,42.814709],[17.891269,42.80977],[17.909687,42.810716],[17.914659,42.808163],[17.950167,42.79898],[17.963888,42.786816],[17.97456,42.780422],[17.980759,42.778204],[17.99629,42.776171],[17.996978,42.765043],[18.003179,42.757933],[18.00816,42.755219],[18.010316,42.752573],[18.025292,42.752235],[18.041721,42.74814],[18.050065,42.741935],[18.062204,42.736453],[18.073566,42.728072],[18.074046,42.724997],[18.075926,42.723918],[18.079273,42.724447],[18.101402,42.715461],[18.105628,42.712161],[18.108829,42.704325],[18.106883,42.702008],[18.107409,42.699994],[18.102427,42.689834],[18.102842,42.686698],[18.114043,42.686366],[18.118052,42.684197],[18.132222,42.682283],[18.137649,42.67987],[18.141561,42.680203],[18.143583,42.679012],[18.14605,42.671456],[18.153407,42.663214],[18.157295,42.653856],[18.157256,42.655309],[18.159168,42.656689],[18.166027,42.658858],[18.174476,42.658739],[18.176609,42.661242],[18.184159,42.655864],[18.19112,42.655155],[18.191576,42.653157],[18.194112,42.652273],[18.204285,42.639644],[18.21029,42.635631],[18.221451,42.623056],[18.226846,42.619755],[18.233896,42.618309],[18.23467,42.614873],[18.240879,42.615992],[18.242642,42.613787],[18.244065,42.602699],[18.249787,42.602952],[18.264478,42.606603],[18.266351,42.608747],[18.271153,42.61082],[18.274755,42.610068],[18.276666,42.613432],[18.281686,42.617225],[18.311007,42.614798],[18.331989,42.618866],[18.347161,42.619182],[18.3664,42.616139],[18.372006,42.61054],[18.379794,42.599674],[18.39059,42.589099],[18.402176,42.584812],[18.436678,42.563803],[18.440268,42.550688],[18.439058,42.528052],[18.436352,42.51997],[18.442177,42.5161],[18.446791,42.510386],[18.440897,42.502028],[18.43755,42.491109],[18.438419,42.488159],[18.433801,42.484008],[18.442806,42.481034],[18.450223,42.474613],[18.455225,42.472229],[18.461866,42.471234],[18.472748,42.465565],[18.484165,42.451417],[18.490759,42.44658],[18.493605,42.441886],[18.500068,42.436144],[18.524889,42.420599],[18.51386,42.421254],[18.51312,42.416683],[18.509741,42.414626],[18.510892,42.406588],[18.522873,42.398222],[18.53222,42.394236],[18.533662,42.39236],[18.518574,42.395718],[18.508174,42.40226],[18.507475,42.405594],[18.508548,42.407508],[18.494681,42.417053],[18.485849,42.421519],[18.477463,42.42976],[18.475657,42.434065],[18.463098,42.444437],[18.450318,42.450893],[18.444023,42.450017],[18.443989,42.44725],[18.441288,42.446396],[18.435571,42.449969],[18.435592,42.45321],[18.434444,42.453583],[18.431545,42.452356],[18.427597,42.452601],[18.427543,42.448464],[18.429185,42.447366],[18.42753,42.446328],[18.409249,42.45865],[18.41446,42.459231],[18.418981,42.456007],[18.425499,42.454345],[18.426704,42.456567],[18.424426,42.459505],[18.424916,42.46045],[18.420428,42.464537],[18.410507,42.468232],[18.402417,42.474346],[18.39507,42.476888],[18.394465,42.478299],[18.387297,42.478501],[18.386802,42.480033],[18.383353,42.480486],[18.37283,42.488888],[18.350843,42.497376],[18.347615,42.500109],[18.343696,42.500771],[18.332934,42.506068],[18.328683,42.509991],[18.323684,42.511203],[18.321303,42.513291],[18.301933,42.518623],[18.291462,42.523614],[18.288112,42.523182],[18.281875,42.527849],[18.275457,42.530573],[18.275858,42.531591],[18.271884,42.537973],[18.265013,42.539456],[18.264342,42.542003],[18.257134,42.54442],[18.248944,42.550292],[18.246174,42.550726],[18.24326,42.553536],[18.233016,42.558771],[18.226107,42.566225],[18.226069,42.568834],[18.22426,42.570956],[18.224699,42.573392],[18.221772,42.575596],[18.212412,42.578157],[18.207842,42.582471],[18.209827,42.582499],[18.214128,42.579444],[18.217162,42.580749],[18.215924,42.583197],[18.211409,42.584581],[18.211389,42.587812],[18.217785,42.585168],[18.219791,42.582853],[18.21856,42.581245],[18.223136,42.581637],[18.222122,42.583726],[18.225855,42.586572],[18.225707,42.588955],[18.226889,42.589943],[18.22655,42.591692],[18.223609,42.592418],[18.223827,42.593573],[18.225786,42.594515],[18.228033,42.598735],[18.230101,42.599517],[18.229957,42.601985],[18.228321,42.601304],[18.228563,42.602615],[18.229611,42.602342],[18.229218,42.603962],[18.22405,42.607402],[18.223069,42.611826],[18.218347,42.612101],[18.215149,42.614424],[18.212493,42.613914],[18.212916,42.616363],[18.208759,42.619158],[18.208956,42.620751],[18.207243,42.622265],[18.203923,42.621701],[18.19873,42.623538],[18.196651,42.621824],[18.198824,42.620769],[18.197786,42.620014],[18.191412,42.620034],[18.190701,42.618331],[18.18671,42.616426],[18.181678,42.617278],[18.180432,42.614483],[18.175405,42.616983],[18.173428,42.61666],[18.16885,42.619043],[18.164982,42.623394],[18.161604,42.623646],[18.159419,42.626217],[18.153493,42.627057],[18.148997,42.630151],[18.138131,42.631677],[18.136843,42.630485],[18.131163,42.632699],[18.12951,42.636849],[18.124399,42.639723],[18.112941,42.641685],[18.111338,42.641421],[18.111275,42.640046],[18.113297,42.639764],[18.107301,42.638964],[18.106119,42.641421],[18.100426,42.640425],[18.100982,42.641904],[18.098538,42.643102],[18.098283,42.644828],[18.093819,42.646522],[18.092217,42.646128],[18.093037,42.645351],[18.091496,42.643597],[18.087841,42.643372],[18.08119,42.645347],[18.076723,42.644775],[18.072984,42.648094],[18.069005,42.649632],[18.061044,42.648984],[18.059675,42.649637],[18.059995,42.651176],[18.061921,42.653004],[18.065669,42.654241],[18.067588,42.653516],[18.070159,42.655528],[18.057986,42.658753],[18.056691,42.660566],[18.059724,42.663761],[18.064351,42.664546],[18.077033,42.663443],[18.080289,42.660298],[18.079603,42.658729],[18.084934,42.656134],[18.08528,42.653752],[18.088245,42.653312],[18.08677,42.657904],[18.085763,42.657606],[18.084786,42.660653],[18.078948,42.66669],[18.086241,42.669076],[18.104624,42.672062],[18.110254,42.672143],[18.12359,42.669569],[18.122971,42.670476],[18.124282,42.669393],[18.12358,42.670422],[18.124573,42.669433],[18.124148,42.67037],[18.124812,42.669518],[18.126935,42.670336],[18.122502,42.670898],[18.128332,42.671561],[18.127218,42.670174],[18.128702,42.671509],[18.130941,42.670426],[18.13272,42.670446],[18.135246,42.671941],[18.136647,42.675555],[18.134761,42.672814],[18.131422,42.672166],[18.130507,42.671643],[18.100506,42.674396],[18.096172,42.674073],[18.094176,42.67244],[18.089915,42.673204],[18.078515,42.66913],[18.072806,42.669032],[18.069517,42.670358],[18.067952,42.672706],[18.056147,42.677732],[18.055212,42.678873],[18.056442,42.6806],[18.051228,42.683622],[18.049169,42.686979],[18.049819,42.688098],[18.049682,42.688736],[18.046831,42.690608],[18.046961,42.69279],[18.04513,42.694803],[18.046088,42.69671],[18.044694,42.701798],[18.040909,42.700111],[18.042185,42.697951],[18.039214,42.696097],[18.042841,42.694634],[18.040066,42.691825],[18.040128,42.690193],[18.040697,42.688938],[18.043956,42.688546],[18.045498,42.68455],[18.034595,42.687871],[18.026935,42.688203],[18.022825,42.690254],[18.018668,42.694392],[18.012584,42.695639],[18.006064,42.69531],[17.997583,42.700339],[17.984853,42.704732],[17.97411,42.711931],[17.971431,42.711086],[17.967462,42.712607],[17.962819,42.717387],[17.964207,42.720559],[17.960838,42.720701],[17.959554,42.722773],[17.957367,42.721325],[17.955703,42.721797],[17.957236,42.725691],[17.954266,42.727018],[17.954396,42.728521],[17.949251,42.726584],[17.946364,42.729746],[17.943987,42.728999],[17.944115,42.73018],[17.939851,42.731331],[17.936464,42.734681],[17.930589,42.736037],[17.92809,42.740257],[17.913474,42.745227],[17.905497,42.745494],[17.879661,42.76106],[17.874004,42.767689],[17.873629,42.773089],[17.877052,42.774836],[17.877795,42.773104],[17.87878,42.77456],[17.883722,42.773333],[17.884868,42.775417],[17.884158,42.778921],[17.890284,42.783043],[17.888447,42.784062],[17.888426,42.787522],[17.884777,42.787426],[17.881788,42.784131],[17.8754,42.782075],[17.874423,42.780016],[17.869821,42.779519],[17.869311,42.778763],[17.872064,42.775915],[17.867815,42.776137],[17.860661,42.77881],[17.858832,42.784731],[17.846516,42.788418],[17.845103,42.793512],[17.849932,42.793326],[17.851343,42.795538],[17.849157,42.797068],[17.847731,42.795692],[17.845498,42.796257],[17.842709,42.800107],[17.844636,42.801995],[17.843421,42.804194],[17.839708,42.804805],[17.83769,42.802893],[17.828379,42.799976],[17.822519,42.802054],[17.822683,42.800641],[17.819771,42.799313],[17.810439,42.803508],[17.807882,42.803003],[17.806874,42.807021],[17.803878,42.806867],[17.802019,42.804869],[17.796171,42.807189],[17.793482,42.806491],[17.796716,42.803264],[17.797728,42.800065],[17.796336,42.799079],[17.793671,42.800358],[17.793536,42.796848],[17.789107,42.795855],[17.789107,42.792246],[17.784769,42.791582],[17.785041,42.788407],[17.782078,42.78713],[17.773161,42.792607],[17.772022,42.796088],[17.768217,42.800376],[17.766082,42.800068],[17.762436,42.803105],[17.762466,42.804377],[17.75852,42.805463],[17.75192,42.810417],[17.737721,42.814391],[17.730859,42.819687],[17.713799,42.82399],[17.70349,42.829811],[17.698255,42.83527],[17.696605,42.834907],[17.700673,42.827456],[17.712591,42.822435],[17.716925,42.822166],[17.719346,42.816345],[17.730933,42.811052],[17.732834,42.808985],[17.741431,42.806272],[17.742941,42.803196],[17.745944,42.804098],[17.748672,42.801646],[17.74901,42.798196],[17.753744,42.791478],[17.759308,42.786359],[17.760899,42.78237],[17.768825,42.778173],[17.770726,42.775294],[17.770625,42.77437],[17.763085,42.771986],[17.760943,42.769861],[17.760451,42.767032],[17.76349,42.763998],[17.761853,42.761041],[17.753501,42.764548],[17.751744,42.768304],[17.747645,42.771844],[17.74829,42.77446],[17.753942,42.773428],[17.755359,42.777329],[17.748974,42.785958],[17.749114,42.789052],[17.75071,42.789418],[17.750904,42.79132],[17.743661,42.796406],[17.735773,42.796485],[17.734484,42.79478],[17.735291,42.793615],[17.734353,42.793759],[17.735279,42.792079],[17.725921,42.792366],[17.718953,42.795426],[17.716597,42.797772],[17.717083,42.800566],[17.715999,42.800995],[17.710926,42.796628],[17.70923,42.796574],[17.704546,42.797903],[17.704923,42.802676],[17.697454,42.800278],[17.697827,42.802145],[17.69439,42.806009],[17.691349,42.804067],[17.687986,42.80384],[17.68293,42.805741],[17.682769,42.807659],[17.677625,42.808235],[17.677388,42.810346],[17.679073,42.813347],[17.67645,42.817001],[17.674882,42.816566],[17.674745,42.813729],[17.668188,42.811688],[17.662993,42.813637],[17.659059,42.812481],[17.651196,42.815333],[17.644302,42.815427],[17.614599,42.823834],[17.592124,42.83326],[17.586243,42.834251],[17.583948,42.833307],[17.580417,42.835348],[17.548915,42.840948],[17.540446,42.845894],[17.538882,42.843733],[17.509887,42.849197],[17.4963,42.855624],[17.495587,42.856972],[17.493015,42.856353],[17.481242,42.858299],[17.47291,42.861756],[17.469018,42.861531],[17.466019,42.863866],[17.461636,42.864068],[17.460656,42.865937],[17.458051,42.864812],[17.453474,42.865813],[17.452515,42.867452],[17.45085,42.866575],[17.44648,42.867783],[17.445736,42.86841],[17.447713,42.870357],[17.445776,42.872319],[17.442201,42.870174],[17.438023,42.873486],[17.435264,42.872861],[17.430606,42.875269],[17.437198,42.875732],[17.436986,42.879519],[17.438755,42.882231],[17.437335,42.8841],[17.444207,42.883109],[17.450696,42.88464],[17.450982,42.886611],[17.446836,42.887614],[17.447393,42.888968],[17.450025,42.888401],[17.452231,42.891132],[17.453952,42.890621],[17.454584,42.892219],[17.442924,42.897298],[17.437261,42.897712],[17.428009,42.902366],[17.422392,42.906375],[17.420086,42.910601],[17.413292,42.911908],[17.413182,42.909635],[17.41126,42.909484],[17.410191,42.910804],[17.411124,42.912352],[17.407801,42.915353],[17.405883,42.915783],[17.405033,42.914405],[17.401499,42.91757],[17.398445,42.916245],[17.400018,42.915694],[17.398923,42.915258],[17.399645,42.912461],[17.389645,42.912154],[17.386342,42.913144],[17.38454,42.912227],[17.38095,42.913259],[17.379768,42.912053],[17.373374,42.911816],[17.370755,42.913662],[17.366318,42.91309],[17.367007,42.912359],[17.361817,42.913612],[17.358622,42.916728],[17.349177,42.919024],[17.347122,42.922333],[17.344276,42.923902],[17.343668,42.92673],[17.33463,42.93173],[17.321289,42.936256],[17.313084,42.937323],[17.297917,42.943725],[17.285617,42.945369],[17.273072,42.950663],[17.266,42.95182],[17.256634,42.956554],[17.25546,42.958574],[17.252008,42.957832],[17.248232,42.961595],[17.245095,42.962175],[17.241719,42.966887],[17.235883,42.967259],[17.22777,42.972674],[17.226813,42.975619],[17.219661,42.978604],[17.218225,42.981088],[17.209982,42.982435],[17.201395,42.981759],[17.191881,42.978328],[17.18718,42.974776],[17.177675,42.973972],[17.174931,42.972629],[17.173915,42.973944],[17.175566,42.973134],[17.176213,42.973675],[17.173744,42.974882],[17.164626,42.973743]]],[[[17.401086,42.752342],[17.399689,42.752729],[17.399857,42.753005],[17.401086,42.752342]]],[[[17.398285,42.761779],[17.397468,42.761681],[17.397226,42.762388],[17.398285,42.761779]]],[[[17.359954,42.767995],[17.359418,42.769234],[17.359859,42.769513],[17.360942,42.768747],[17.359954,42.767995]]],[[[17.348928,42.781598],[17.351196,42.782814],[17.351022,42.781255],[17.357728,42.778956],[17.356848,42.776033],[17.354871,42.777523],[17.352436,42.777329],[17.351869,42.775168],[17.354864,42.771822],[17.358419,42.771402],[17.358957,42.770119],[17.357478,42.76881],[17.360354,42.767084],[17.362086,42.76847],[17.365889,42.767033],[17.366898,42.768938],[17.371589,42.767877],[17.374102,42.768753],[17.375366,42.766614],[17.381027,42.765363],[17.382774,42.766553],[17.38812,42.766284],[17.387238,42.763249],[17.384726,42.762879],[17.389113,42.761435],[17.389018,42.75846],[17.386448,42.759904],[17.382644,42.759085],[17.380195,42.761182],[17.378391,42.760814],[17.380128,42.758912],[17.384942,42.758249],[17.388243,42.755974],[17.379704,42.75773],[17.366881,42.764254],[17.361614,42.764352],[17.348236,42.769316],[17.342624,42.769521],[17.341336,42.771562],[17.335762,42.774092],[17.328804,42.774571],[17.329437,42.780419],[17.327194,42.782379],[17.32455,42.781851],[17.323704,42.783525],[17.327554,42.784904],[17.326851,42.786177],[17.320344,42.78551],[17.31854,42.783869],[17.317361,42.786004],[17.324516,42.788269],[17.325376,42.789569],[17.324133,42.79047],[17.327263,42.792233],[17.326781,42.790292],[17.328576,42.787736],[17.332881,42.789291],[17.330007,42.786408],[17.330034,42.782495],[17.331793,42.779263],[17.333703,42.781196],[17.333739,42.785637],[17.338245,42.786023],[17.342481,42.788907],[17.344351,42.787394],[17.344429,42.789309],[17.346022,42.790596],[17.349161,42.790274],[17.356078,42.793866],[17.355992,42.795438],[17.361496,42.796541],[17.363821,42.800188],[17.368522,42.79978],[17.367327,42.805283],[17.370262,42.80446],[17.369564,42.802665],[17.372096,42.801328],[17.370073,42.799398],[17.374014,42.796951],[17.379349,42.801447],[17.379016,42.803346],[17.384571,42.801616],[17.384736,42.80312],[17.386425,42.80364],[17.388918,42.800839],[17.391249,42.801716],[17.396155,42.800467],[17.390302,42.797398],[17.390586,42.794925],[17.38482,42.790319],[17.380634,42.789725],[17.377786,42.792116],[17.370572,42.790418],[17.373372,42.790409],[17.377918,42.78587],[17.384732,42.787992],[17.390388,42.786813],[17.392142,42.787714],[17.404804,42.785607],[17.40798,42.786354],[17.414009,42.783702],[17.421184,42.785318],[17.432513,42.784203],[17.439705,42.78638],[17.44121,42.784589],[17.439626,42.783003],[17.440386,42.781554],[17.442217,42.782571],[17.448389,42.7784],[17.451412,42.778527],[17.453932,42.780791],[17.467896,42.775413],[17.483496,42.774107],[17.487168,42.772006],[17.494207,42.772208],[17.497588,42.770458],[17.499651,42.771536],[17.500578,42.769894],[17.503745,42.769617],[17.512467,42.765644],[17.528939,42.763891],[17.53805,42.760844],[17.547046,42.760444],[17.555649,42.756676],[17.561596,42.757317],[17.571846,42.754001],[17.574488,42.754623],[17.582385,42.753267],[17.593363,42.750761],[17.598517,42.747345],[17.60056,42.748113],[17.60246,42.746551],[17.604656,42.747277],[17.61083,42.745224],[17.596101,42.745629],[17.595835,42.742911],[17.596709,42.741288],[17.598271,42.741386],[17.596505,42.740443],[17.599028,42.737173],[17.602495,42.738223],[17.621898,42.737115],[17.621128,42.739328],[17.619382,42.739832],[17.620641,42.740138],[17.638557,42.73819],[17.645379,42.736082],[17.648029,42.732387],[17.6472,42.730307],[17.649033,42.729576],[17.650449,42.73071],[17.650042,42.73122],[17.650135,42.732401],[17.650409,42.7309],[17.651575,42.731146],[17.655422,42.734575],[17.661186,42.733802],[17.66849,42.736363],[17.667648,42.735169],[17.670886,42.732988],[17.67406,42.727413],[17.672193,42.726595],[17.670077,42.728586],[17.668274,42.726558],[17.668997,42.725547],[17.67422,42.725117],[17.68202,42.729671],[17.686443,42.727588],[17.692882,42.727128],[17.703487,42.721464],[17.709681,42.720919],[17.710733,42.717714],[17.719201,42.717867],[17.719033,42.715481],[17.729488,42.712788],[17.734824,42.712872],[17.738772,42.709433],[17.746505,42.708433],[17.746986,42.707069],[17.741239,42.703599],[17.74307,42.700619],[17.74489,42.700211],[17.744225,42.697031],[17.750794,42.696428],[17.754217,42.692753],[17.749993,42.691031],[17.751964,42.688863],[17.74822,42.686627],[17.74665,42.688402],[17.74202,42.689962],[17.743942,42.690076],[17.743622,42.691112],[17.740044,42.690829],[17.740749,42.688094],[17.737644,42.688255],[17.735789,42.689632],[17.738171,42.692983],[17.73686,42.695331],[17.741354,42.696502],[17.740696,42.699365],[17.736475,42.700695],[17.73523,42.698259],[17.73252,42.697542],[17.731938,42.694355],[17.725316,42.694257],[17.723819,42.695503],[17.726508,42.697151],[17.721909,42.697954],[17.72114,42.699816],[17.717489,42.698639],[17.712858,42.699342],[17.711386,42.698974],[17.711192,42.695864],[17.707117,42.691759],[17.705805,42.693817],[17.708522,42.695141],[17.703647,42.697439],[17.698618,42.695771],[17.697694,42.692238],[17.696791,42.697876],[17.700186,42.697473],[17.698783,42.699815],[17.69958,42.701586],[17.696294,42.701932],[17.69139,42.704578],[17.687699,42.704265],[17.68351,42.706923],[17.670622,42.708737],[17.668641,42.710463],[17.658916,42.709894],[17.656695,42.712411],[17.650889,42.712749],[17.645481,42.717363],[17.634887,42.718974],[17.625866,42.716722],[17.62603,42.718444],[17.621004,42.720347],[17.608399,42.720446],[17.607223,42.722033],[17.600542,42.72203],[17.596975,42.72027],[17.592784,42.721854],[17.592868,42.72004],[17.589233,42.719062],[17.58591,42.720058],[17.586228,42.72312],[17.581662,42.721825],[17.578626,42.72305],[17.575297,42.721927],[17.571296,42.723642],[17.562285,42.723022],[17.553363,42.725386],[17.550982,42.727231],[17.549069,42.72682],[17.546897,42.72881],[17.537175,42.730629],[17.531662,42.734627],[17.524289,42.733744],[17.520286,42.734925],[17.518575,42.732898],[17.514227,42.734192],[17.509329,42.733333],[17.49897,42.738658],[17.499201,42.741821],[17.494279,42.74039],[17.494145,42.741818],[17.476121,42.748015],[17.470974,42.746162],[17.469229,42.748167],[17.4608,42.749698],[17.459123,42.750573],[17.45955,42.751662],[17.456185,42.752634],[17.455223,42.751026],[17.447761,42.74918],[17.444594,42.744949],[17.437854,42.748509],[17.43884,42.751608],[17.437601,42.753939],[17.431065,42.755906],[17.420823,42.754746],[17.418952,42.755841],[17.418554,42.758418],[17.415239,42.754885],[17.413744,42.754833],[17.411789,42.756685],[17.40954,42.756315],[17.408687,42.761601],[17.406112,42.763648],[17.389782,42.767246],[17.376467,42.767792],[17.374352,42.769428],[17.376884,42.771128],[17.37631,42.772392],[17.368647,42.77611],[17.366443,42.773202],[17.363892,42.774927],[17.361763,42.77463],[17.360489,42.776374],[17.361736,42.777326],[17.361103,42.778781],[17.358167,42.779581],[17.354606,42.783222],[17.351296,42.782783],[17.350404,42.78504],[17.343395,42.781662],[17.346443,42.778201],[17.35078,42.778195],[17.348928,42.781598]]],[[[17.332674,42.771896],[17.332189,42.77276],[17.333186,42.771876],[17.332674,42.771896]]],[[[17.432069,42.787763],[17.418053,42.788607],[17.411514,42.787024],[17.405577,42.789393],[17.402976,42.789212],[17.40222,42.791449],[17.41845,42.789392],[17.425222,42.790351],[17.432069,42.787763]]],[[[17.320789,42.789761],[17.321261,42.790063],[17.32083,42.789325],[17.320789,42.789761]]],[[[17.399651,42.793144],[17.400877,42.791853],[17.398502,42.789247],[17.395481,42.790309],[17.399651,42.793144]]],[[[17.336723,42.791638],[17.334829,42.791361],[17.333592,42.791541],[17.335241,42.791906],[17.336723,42.791638]]],[[[17.337982,42.79123],[17.340409,42.792337],[17.341235,42.796228],[17.342827,42.796173],[17.343871,42.794034],[17.34642,42.796115],[17.345458,42.791283],[17.337982,42.79123]]],[[[17.41435,42.793408],[17.409527,42.793939],[17.40783,42.794755],[17.408251,42.795126],[17.41435,42.793408]]],[[[17.330659,42.794517],[17.331539,42.794855],[17.331336,42.794646],[17.330659,42.794517]]],[[[17.395571,42.793601],[17.396293,42.795468],[17.395204,42.797305],[17.399137,42.796974],[17.400911,42.798456],[17.404747,42.796957],[17.404081,42.795353],[17.405807,42.794274],[17.399278,42.795113],[17.395571,42.793601]]],[[[17.353897,42.802593],[17.35354,42.802286],[17.353774,42.802755],[17.353897,42.802593]]],[[[17.360701,42.802413],[17.360138,42.802999],[17.361467,42.802502],[17.360701,42.802413]]],[[[17.372304,42.803567],[17.372804,42.803721],[17.372895,42.803501],[17.372304,42.803567]]],[[[17.374632,42.803694],[17.3755,42.804169],[17.377198,42.803778],[17.37653,42.803416],[17.374632,42.803694]]],[[[17.361411,42.807097],[17.360645,42.804913],[17.354809,42.805344],[17.359045,42.805891],[17.361411,42.807097]]],[[[17.369818,42.911542],[17.367957,42.912104],[17.370105,42.911686],[17.369818,42.911542]]],[[[17.182182,42.926316],[17.181765,42.927271],[17.182442,42.926989],[17.182182,42.926316]]],[[[17.184828,42.932525],[17.181287,42.931253],[17.180682,42.931629],[17.183211,42.93297],[17.184828,42.932525]]],[[[17.167183,42.934297],[17.165414,42.936501],[17.166417,42.938266],[17.169993,42.938227],[17.173369,42.932059],[17.167183,42.934297]]],[[[17.203293,42.93728],[17.205488,42.937567],[17.202582,42.934301],[17.20223,42.934744],[17.203293,42.93728]]],[[[17.189062,42.941022],[17.193588,42.940651],[17.194095,42.938986],[17.189372,42.939228],[17.189062,42.941022]]],[[[17.191936,42.942505],[17.191712,42.942398],[17.191645,42.942592],[17.191936,42.942505]]],[[[17.171535,42.955711],[17.170108,42.956281],[17.171393,42.956721],[17.171535,42.955711]]],[[[17.200587,42.957882],[17.203475,42.956771],[17.203409,42.956156],[17.200976,42.956179],[17.200587,42.957882]]],[[[17.189542,42.958314],[17.191123,42.961446],[17.195375,42.958552],[17.191718,42.956371],[17.189542,42.958314]]],[[[17.195144,42.960566],[17.194677,42.96111],[17.195338,42.960967],[17.195144,42.960566]]],[[[17.169838,42.961262],[17.171703,42.960929],[17.169894,42.960971],[17.169838,42.961262]]],[[[17.21143,42.961556],[17.210569,42.961143],[17.21023,42.961538],[17.21143,42.961556]]],[[[17.208172,42.961967],[17.208083,42.962952],[17.208958,42.962471],[17.208172,42.961967]]],[[[17.188789,42.963092],[17.187212,42.962318],[17.186252,42.9629],[17.188789,42.963092]]],[[[17.191294,42.962808],[17.190329,42.963177],[17.19198,42.963216],[17.191294,42.962808]]],[[[17.282055,43.00699],[17.282292,43.006697],[17.281662,43.006923],[17.282055,43.00699]]],[[[17.266272,43.011607],[17.266264,43.011668],[17.2693,43.011025],[17.266272,43.011607]]],[[[17.199397,43.020638],[17.198953,43.019272],[17.197888,43.020018],[17.199397,43.020638]]],[[[17.683102,42.699375],[17.682817,42.699062],[17.682794,42.699417],[17.683102,42.699375]]],[[[17.665044,42.702354],[17.664027,42.70168],[17.662986,42.702737],[17.66386,42.703133],[17.665044,42.702354]]],[[[17.661587,42.704011],[17.661848,42.703639],[17.661494,42.703772],[17.661587,42.704011]]],[[[17.679864,42.705314],[17.679587,42.706155],[17.680756,42.706517],[17.680858,42.705997],[17.679864,42.705314]]],[[[17.557854,42.713713],[17.557405,42.714212],[17.558363,42.714532],[17.557854,42.713713]]],[[[17.600623,42.716362],[17.600245,42.718072],[17.601249,42.717382],[17.600623,42.716362]]],[[[17.651323,42.735688],[17.652177,42.734766],[17.650898,42.73353],[17.648707,42.734649],[17.651323,42.735688]]],[[[17.654926,42.735445],[17.654894,42.734606],[17.654294,42.735172],[17.654926,42.735445]]],[[[17.653103,42.735298],[17.653642,42.735191],[17.652994,42.735165],[17.653103,42.735298]]],[[[17.652082,42.73999],[17.652309,42.737722],[17.649832,42.738596],[17.649691,42.739846],[17.652082,42.73999]]],[[[17.639387,42.740914],[17.63754,42.740486],[17.636345,42.740833],[17.638361,42.741772],[17.639387,42.740914]]],[[[17.442199,42.783361],[17.441994,42.783748],[17.442267,42.783679],[17.442199,42.783361]]],[[[17.425864,42.874241],[17.42844,42.874798],[17.428893,42.87522],[17.428169,42.873962],[17.426353,42.873198],[17.425864,42.874241]]],[[[17.443766,42.885849],[17.444999,42.886467],[17.444943,42.885898],[17.443766,42.885849]]],[[[17.444872,42.887934],[17.444263,42.888209],[17.444618,42.888313],[17.444872,42.887934]]],[[[17.448084,42.88936],[17.448049,42.889705],[17.44834,42.889575],[17.448084,42.88936]]],[[[17.516254,42.914555],[17.515723,42.913787],[17.515095,42.913752],[17.515068,42.914572],[17.516254,42.914555]]],[[[17.491864,42.914276],[17.491918,42.914893],[17.492151,42.914725],[17.491864,42.914276]]],[[[17.491177,42.91857],[17.491273,42.920842],[17.493193,42.920061],[17.492548,42.918438],[17.491177,42.91857]]],[[[17.504169,42.919606],[17.499472,42.922885],[17.502167,42.925541],[17.508449,42.921084],[17.508464,42.919847],[17.504169,42.919606]]],[[[17.473605,42.924554],[17.471993,42.925889],[17.474484,42.928005],[17.477004,42.926856],[17.477143,42.925619],[17.473605,42.924554]]],[[[17.486851,42.925142],[17.484173,42.926799],[17.485065,42.928958],[17.486538,42.927627],[17.486851,42.925142]]],[[[17.498353,42.928475],[17.497778,42.927532],[17.495871,42.928608],[17.496408,42.929369],[17.498353,42.928475]]],[[[17.480657,42.92935],[17.481096,42.929593],[17.481379,42.929171],[17.480657,42.92935]]],[[[17.47236,42.935912],[17.471763,42.935842],[17.471925,42.9361],[17.47236,42.935912]]],[[[17.476352,42.935074],[17.474108,42.935374],[17.473616,42.936291],[17.476182,42.937149],[17.476352,42.935074]]],[[[17.447674,42.947342],[17.448976,42.94723],[17.448597,42.946177],[17.44768,42.945998],[17.447674,42.947342]]],[[[17.451009,42.950778],[17.449608,42.950578],[17.449896,42.951256],[17.451009,42.950778]]],[[[17.455683,42.953332],[17.456333,42.954741],[17.458574,42.953724],[17.458094,42.953289],[17.455683,42.953332]]],[[[17.956763,42.691216],[17.975057,42.678252],[17.970032,42.677812],[17.962392,42.680679],[17.960588,42.680487],[17.961439,42.679747],[17.959512,42.681025],[17.957948,42.679998],[17.953564,42.681299],[17.951427,42.67888],[17.956225,42.675721],[17.955478,42.675065],[17.948243,42.675187],[17.94773,42.67389],[17.94053,42.674948],[17.939007,42.675321],[17.932488,42.684387],[17.923578,42.689362],[17.927675,42.689441],[17.934518,42.685916],[17.939076,42.686147],[17.942219,42.689634],[17.940585,42.69191],[17.941319,42.694987],[17.942391,42.696888],[17.944941,42.697875],[17.950094,42.696769],[17.952034,42.693106],[17.956763,42.691216]]],[[[17.691183,42.697201],[17.690868,42.696227],[17.688108,42.696294],[17.689037,42.698289],[17.691183,42.697201]]],[[[17.744631,42.703434],[17.743698,42.703643],[17.745609,42.704025],[17.744631,42.703434]]],[[[17.683815,42.705295],[17.684702,42.704878],[17.683452,42.704816],[17.683815,42.705295]]],[[[17.747836,42.706508],[17.750906,42.707448],[17.751516,42.706918],[17.746184,42.704119],[17.747836,42.706508]]],[[[17.934379,42.708475],[17.929712,42.704877],[17.925579,42.70587],[17.926012,42.709738],[17.929028,42.71073],[17.934379,42.708475]]],[[[17.914203,42.710781],[17.914417,42.710635],[17.91413,42.710634],[17.914203,42.710781]]],[[[17.915719,42.710839],[17.915615,42.710966],[17.915724,42.710943],[17.915719,42.710839]]],[[[17.915303,42.711431],[17.915155,42.711248],[17.915067,42.711358],[17.915303,42.711431]]],[[[17.928423,42.711836],[17.92817,42.712041],[17.928468,42.712054],[17.928423,42.711836]]],[[[17.897876,42.730899],[17.902862,42.729473],[17.907016,42.724633],[17.912266,42.722805],[17.913006,42.72048],[17.916125,42.720313],[17.9191,42.716598],[17.919714,42.714845],[17.918619,42.712783],[17.910002,42.710963],[17.912836,42.707941],[17.916957,42.706655],[17.908099,42.703707],[17.907159,42.700832],[17.909609,42.698905],[17.897486,42.702841],[17.897091,42.705327],[17.895021,42.705594],[17.886436,42.712542],[17.879214,42.715194],[17.875268,42.71856],[17.863654,42.720402],[17.853158,42.728646],[17.841837,42.733074],[17.841528,42.73489],[17.85145,42.73082],[17.852902,42.729098],[17.856317,42.729165],[17.86113,42.726963],[17.862469,42.727602],[17.855409,42.734328],[17.851939,42.735776],[17.842414,42.747525],[17.837575,42.749515],[17.828727,42.756169],[17.832817,42.75524],[17.833691,42.756641],[17.839424,42.75392],[17.844425,42.75516],[17.848796,42.753123],[17.849854,42.753147],[17.848692,42.755156],[17.852127,42.754997],[17.863947,42.749205],[17.863751,42.74579],[17.865957,42.745918],[17.865906,42.744501],[17.876174,42.741059],[17.878236,42.738944],[17.880703,42.739891],[17.892648,42.733682],[17.897486,42.73305],[17.897876,42.730899]]],[[[17.809021,42.748122],[17.815723,42.745708],[17.815664,42.743328],[17.820611,42.743695],[17.822533,42.742072],[17.82294,42.739842],[17.828381,42.736985],[17.83044,42.738382],[17.828253,42.743307],[17.840374,42.738298],[17.840971,42.73731],[17.839661,42.735909],[17.83505,42.735584],[17.835382,42.732663],[17.839883,42.728536],[17.836214,42.7279],[17.832238,42.730892],[17.827961,42.730223],[17.826557,42.733538],[17.818053,42.738822],[17.804398,42.740915],[17.787706,42.753841],[17.789908,42.754966],[17.79294,42.754568],[17.803131,42.748481],[17.805758,42.748075],[17.806989,42.749785],[17.808394,42.749703],[17.809021,42.748122]]],[[[17.822648,42.746953],[17.823733,42.746883],[17.824534,42.745816],[17.822812,42.745468],[17.822648,42.746953]]],[[[17.817629,42.7502],[17.817407,42.750444],[17.818482,42.749768],[17.817629,42.7502]]],[[[17.808117,42.754556],[17.812609,42.75259],[17.812047,42.75156],[17.808834,42.750515],[17.807532,42.75216],[17.808557,42.752364],[17.808117,42.754556]]],[[[17.795585,42.757753],[17.79535,42.758988],[17.7973,42.759342],[17.801874,42.757486],[17.798992,42.756467],[17.795585,42.757753]]],[[[17.831888,42.759676],[17.831202,42.75769],[17.83029,42.758037],[17.831888,42.759676]]],[[[17.781261,42.760299],[17.781051,42.759102],[17.776465,42.757768],[17.766424,42.7614],[17.765628,42.76354],[17.769834,42.767184],[17.774979,42.765932],[17.774771,42.767902],[17.776792,42.767717],[17.778224,42.769472],[17.780153,42.767802],[17.776117,42.765573],[17.781261,42.760299]]],[[[17.797787,42.797018],[17.797368,42.797639],[17.798342,42.797124],[17.797787,42.797018]]],[[[17.717106,42.841383],[17.71682,42.842358],[17.717905,42.841419],[17.717106,42.841383]]],[[[17.726016,42.841969],[17.724987,42.842028],[17.724773,42.842436],[17.726016,42.841969]]],[[[17.723749,42.841157],[17.722835,42.841538],[17.722939,42.843306],[17.724073,42.842593],[17.723749,42.841157]]],[[[17.720686,42.84397],[17.720895,42.842896],[17.719865,42.843678],[17.720686,42.84397]]],[[[17.703662,42.85361],[17.70326,42.853458],[17.703217,42.853664],[17.703662,42.85361]]],[[[17.693564,42.862851],[17.69449,42.862781],[17.694866,42.862373],[17.693929,42.861753],[17.693564,42.862851]]],[[[17.69636,42.866678],[17.696297,42.86689],[17.6965,42.866798],[17.69636,42.866678]]],[[[17.686628,42.866583],[17.685732,42.867517],[17.687639,42.866387],[17.686628,42.866583]]],[[[18.183556,42.583856],[18.182372,42.58423],[18.184322,42.58302],[18.183556,42.583856]]],[[[18.180462,42.584545],[18.180426,42.584968],[18.181548,42.584281],[18.180462,42.584545]]],[[[18.180262,42.584625],[18.179161,42.584958],[18.178283,42.585478],[18.180166,42.585185],[18.180262,42.584625]]],[[[18.173941,42.587737],[18.178292,42.585787],[18.177522,42.584785],[18.173941,42.587737]]],[[[18.122722,42.625578],[18.126128,42.623426],[18.125928,42.621558],[18.121895,42.620838],[18.11885,42.622168],[18.118891,42.626886],[18.11386,42.629389],[18.114653,42.629151],[18.11352,42.633006],[18.116136,42.634366],[18.119696,42.632774],[18.120216,42.629806],[18.123305,42.62857],[18.125135,42.626089],[18.122722,42.625578]]],[[[18.113299,42.641289],[18.113075,42.640599],[18.11289,42.640602],[18.113299,42.641289]]],[[[17.949961,42.647568],[17.952072,42.646705],[17.95358,42.644629],[17.952298,42.64437],[17.949961,42.647568]]],[[[18.054267,42.651082],[18.054073,42.651209],[18.054244,42.651218],[18.054267,42.651082]]],[[[18.047258,42.651653],[18.047905,42.651373],[18.046284,42.650988],[18.047258,42.651653]]],[[[18.053532,42.651566],[18.053848,42.651376],[18.052766,42.651839],[18.053532,42.651566]]],[[[18.052335,42.651902],[18.052659,42.651542],[18.052253,42.651739],[18.052335,42.651902]]],[[[18.051855,42.652047],[18.050263,42.652011],[18.048599,42.651779],[18.049064,42.652153],[18.051855,42.652047]]],[[[18.055183,42.661076],[18.054745,42.660753],[18.054573,42.660845],[18.055183,42.661076]]],[[[18.05673,42.668776],[18.055479,42.670261],[18.05903,42.66782],[18.056549,42.666162],[18.055668,42.667005],[18.05673,42.668776]]],[[[18.13454,42.672475],[18.132033,42.670723],[18.130906,42.671363],[18.13454,42.672475]]],[[[18.015126,42.678897],[18.013792,42.677198],[18.017631,42.672663],[18.016263,42.670754],[18.017771,42.670897],[18.018943,42.669219],[18.021951,42.6708],[18.023108,42.669148],[18.021739,42.668589],[18.023958,42.667063],[18.020856,42.664407],[18.021704,42.663964],[18.019127,42.662895],[18.020367,42.661093],[18.015859,42.661944],[18.016336,42.66713],[18.014933,42.666835],[18.016002,42.66734],[18.014183,42.669392],[18.0001,42.672627],[17.995022,42.6715],[17.99458,42.672603],[17.986164,42.67548],[17.990158,42.677535],[17.998625,42.677401],[17.9996,42.679696],[18.003596,42.677083],[18.005318,42.677601],[18.005457,42.681084],[18.001679,42.683077],[18.005981,42.683022],[18.015126,42.678897]]],[[[17.957723,42.674853],[17.957537,42.675141],[17.957887,42.674938],[17.957723,42.674853]]],[[[17.957296,42.675054],[17.95678,42.675516],[17.957253,42.675333],[17.957296,42.675054]]],[[[18.046891,42.686657],[18.046365,42.68688],[18.046884,42.686878],[18.046891,42.686657]]],[[[18.0493,42.687209],[18.049084,42.687198],[18.049121,42.687281],[18.0493,42.687209]]],[[[18.42867,42.442514],[18.430051,42.446204],[18.434212,42.443408],[18.430912,42.441007],[18.42867,42.442514]]],[[[18.435386,42.446077],[18.435249,42.445123],[18.434827,42.445533],[18.435386,42.446077]]],[[[18.201648,42.570358],[18.20268,42.570337],[18.203279,42.569933],[18.201648,42.570358]]],[[[18.200136,42.571945],[18.193802,42.573059],[18.191707,42.578121],[18.189071,42.579937],[18.19315,42.578445],[18.194168,42.576342],[18.200136,42.571945]]],[[[18.210626,42.579016],[18.210068,42.57956],[18.210699,42.579235],[18.210626,42.579016]]],[[[18.207277,42.591444],[18.206901,42.591647],[18.207455,42.591731],[18.207277,42.591444]]],[[[18.203599,42.595036],[18.202626,42.593856],[18.200268,42.595448],[18.200983,42.596269],[18.203599,42.595036]]]]},"properties":{"id":15,"slug":"dubrovacka-biskupija-dioecesis-ragusina","name":"Dubrovačka Biskupija - Dioecesis Ragusina","kind":"biskupija","area_km2":1363.0,"population":84315,"settlement_count":175,"parish_count":61,"church_count":131,"method":"naselja (DGU) → biskupija sjedeće/najbliže župe, spojeno"}},{"type":"Feature","id":5,"geometry":{"type":"MultiPolygon","coordinates":[[[[15.117315,44.493285],[15.118193,44.494303],[15.118116,44.492152],[15.117315,44.493285]]],[[[15.1111,44.499695],[15.112443,44.500894],[15.108496,44.502642],[15.109575,44.505181],[15.104474,44.506286],[15.099897,44.510552],[15.100981,44.513823],[15.098036,44.512119],[15.092659,44.515964],[15.092678,44.518013],[15.09073,44.516225],[15.082775,44.519624],[15.07804,44.523764],[15.079035,44.525456],[15.075947,44.525933],[15.074711,44.523752],[15.072394,44.524194],[15.073572,44.524211],[15.065363,44.530435],[15.067231,44.533544],[15.061903,44.534188],[15.061674,44.535936],[15.055973,44.538684],[15.047099,44.54588],[15.045677,44.549627],[15.045239,44.548509],[15.04272,44.549135],[15.041429,44.552015],[15.03846,44.552065],[15.03671,44.554042],[15.035349,44.552967],[15.03351,44.556193],[15.031535,44.555251],[15.028538,44.557018],[15.027893,44.56042],[15.025689,44.558187],[15.023688,44.558827],[15.021924,44.560091],[15.02176,44.563776],[15.020044,44.563409],[15.020753,44.562706],[15.017309,44.55916],[15.014646,44.559427],[15.012465,44.562371],[15.007862,44.563571],[15.005478,44.567233],[15.005241,44.570086],[15.001825,44.568961],[14.999301,44.573151],[14.996215,44.570983],[14.988264,44.573978],[14.991629,44.578492],[14.986016,44.576474],[14.98623,44.581885],[14.98203,44.582835],[14.981615,44.585335],[14.979589,44.586837],[14.980627,44.587853],[14.97939,44.588548],[14.979043,44.59311],[14.976449,44.593176],[14.974124,44.595665],[14.975907,44.598799],[14.970941,44.598354],[14.968387,44.600723],[14.971198,44.601547],[14.967013,44.602844],[14.965347,44.605437],[14.967561,44.606591],[14.96617,44.608113],[14.967557,44.609617],[14.965147,44.609816],[14.964822,44.611118],[14.96837,44.613619],[14.964109,44.613022],[14.962025,44.621184],[14.963762,44.623076],[14.963454,44.624589],[14.960932,44.625594],[14.958449,44.628632],[14.962058,44.63082],[14.956407,44.630472],[14.954332,44.631618],[14.954222,44.633164],[14.952402,44.634174],[14.95278,44.637023],[14.950555,44.636274],[14.94701,44.637318],[14.947821,44.639491],[14.944198,44.638926],[14.942935,44.640086],[14.945219,44.642656],[14.941719,44.642207],[14.940416,44.644377],[14.938697,44.643251],[14.93954,44.64593],[14.936694,44.646137],[14.936668,44.647901],[14.934833,44.647427],[14.934613,44.648603],[14.93213,44.648976],[14.933117,44.650768],[14.930663,44.650726],[14.932063,44.652061],[14.931776,44.654045],[14.928757,44.653256],[14.929373,44.656132],[14.926047,44.65794],[14.925713,44.659483],[14.926644,44.663498],[14.930967,44.663575],[14.928868,44.66507],[14.930141,44.665956],[14.925789,44.667214],[14.92588,44.668543],[14.928196,44.669634],[14.92112,44.670873],[14.919781,44.676093],[14.915342,44.676901],[14.913015,44.679892],[14.914419,44.681821],[14.908587,44.683838],[14.912238,44.689566],[14.90939,44.688386],[14.90292,44.688495],[14.904528,44.691081],[14.902513,44.690972],[14.900502,44.694089],[14.898704,44.694194],[14.895801,44.697022],[14.896553,44.698555],[14.898645,44.698419],[14.900051,44.699522],[14.903202,44.699764],[14.903506,44.70033],[14.894534,44.699904],[14.895577,44.704016],[14.897857,44.705948],[14.896429,44.705275],[14.891926,44.708526],[14.891958,44.710692],[14.894111,44.711741],[14.891491,44.713288],[14.891624,44.715122],[14.889091,44.716989],[14.89172,44.720084],[14.889249,44.720831],[14.894301,44.722478],[14.896222,44.720449],[14.898705,44.720053],[14.896403,44.723109],[14.898367,44.727068],[14.892657,44.726045],[14.892158,44.728835],[14.894131,44.735386],[14.897998,44.734389],[14.896805,44.736906],[14.899113,44.738873],[14.897138,44.740977],[14.899045,44.74286],[14.894873,44.744504],[14.895653,44.747853],[14.892143,44.747587],[14.891273,44.74882],[14.892749,44.75029],[14.890103,44.751091],[14.88958,44.753289],[14.891369,44.754715],[14.888718,44.755952],[14.888879,44.75813],[14.8904,44.758881],[14.887721,44.760533],[14.889041,44.76231],[14.887227,44.763294],[14.888145,44.764438],[14.886738,44.76494],[14.885824,44.767682],[14.888565,44.76874],[14.885105,44.770867],[14.88398,44.777098],[14.885085,44.779078],[14.88343,44.780507],[14.886782,44.782616],[14.887457,44.784389],[14.886419,44.785386],[14.884802,44.783454],[14.881493,44.78378],[14.881947,44.787657],[14.879291,44.791348],[14.879324,44.796521],[14.881753,44.797971],[14.878876,44.799096],[14.879833,44.802266],[14.884055,44.802047],[14.879902,44.805796],[14.882441,44.807401],[14.880065,44.808803],[14.880109,44.813276],[14.88542,44.817432],[14.880506,44.817709],[14.880315,44.819912],[14.881479,44.820886],[14.880406,44.822285],[14.881851,44.824545],[14.884719,44.825797],[14.882787,44.827143],[14.884776,44.830016],[14.882117,44.8312],[14.881286,44.835711],[14.886654,44.836374],[14.881574,44.839622],[14.883071,44.841024],[14.88214,44.844494],[14.885294,44.843555],[14.885173,44.84668],[14.887163,44.847437],[14.88419,44.848995],[14.885507,44.850651],[14.884346,44.85202],[14.885036,44.859162],[14.888454,44.854095],[14.890998,44.85469],[14.894467,44.860172],[14.893171,44.861825],[14.895837,44.867437],[14.893582,44.871392],[14.894221,44.872629],[14.893468,44.875981],[14.89205,44.876902],[14.892454,44.879561],[14.898273,44.882645],[14.895949,44.884429],[14.895942,44.886798],[14.898747,44.887832],[14.898091,44.890343],[14.899916,44.89092],[14.902365,44.896704],[14.906882,44.896524],[14.903304,44.898619],[14.904856,44.903658],[14.907688,44.906274],[14.906645,44.907247],[14.910646,44.904572],[14.910105,44.902304],[14.911444,44.903497],[14.913986,44.911104],[14.912643,44.914151],[14.914937,44.918673],[14.913998,44.920294],[14.916693,44.922317],[14.914188,44.925779],[14.916651,44.925629],[14.917234,44.928402],[14.919888,44.928934],[14.92208,44.941064],[14.923242,44.944055],[14.925246,44.945225],[14.923325,44.946996],[14.928077,44.952045],[14.924105,44.957915],[14.925131,44.959655],[14.923193,44.95973],[14.921153,44.961975],[14.922328,44.963163],[14.920756,44.966337],[14.921667,44.968016],[14.917484,44.971791],[14.919416,44.973703],[14.917123,44.973278],[14.914862,44.976857],[14.896304,44.989617],[14.899752,44.989784],[14.900942,44.990982],[14.899719,44.992636],[14.898581,44.99206],[14.899835,44.995033],[14.899149,44.998954],[14.89576,45.002077],[14.895445,45.005716],[14.89173,45.008956],[14.892217,45.010091],[14.88886,45.012224],[14.890523,45.014221],[14.888865,45.014814],[14.884946,45.020844],[14.884366,45.025222],[14.885796,45.025708],[14.881276,45.031147],[14.886722,45.038883],[14.881003,45.043169],[14.883835,45.044147],[14.887769,45.041882],[14.890452,45.044287],[14.883877,45.054286],[14.883174,45.057696],[14.8874,45.059912],[14.887577,45.061826],[14.893834,45.062409],[14.89687,45.060307],[14.898999,45.062059],[14.897982,45.06344],[14.899237,45.06641],[14.905882,45.064077],[14.913317,45.065362],[14.910768,45.068315],[14.911165,45.069581],[14.907843,45.071153],[14.913136,45.074324],[14.915521,45.074947],[14.916776,45.073494],[14.921953,45.075643],[14.920112,45.079973],[14.922136,45.079388],[14.922545,45.077934],[14.926008,45.078197],[14.927051,45.079092],[14.926113,45.082328],[14.92759,45.083649],[14.930859,45.083758],[14.93318,45.081597],[14.935994,45.081008],[14.938487,45.076735],[14.940986,45.075119],[14.943157,45.07008],[14.938063,45.068486],[14.936374,45.066111],[14.941226,45.065967],[14.942828,45.064413],[14.963246,45.074512],[14.963851,45.077827],[14.960654,45.080491],[14.959437,45.085664],[14.963225,45.100729],[14.973309,45.111233],[14.979218,45.110874],[14.977601,45.119198],[14.979775,45.119379],[14.982659,45.122574],[14.98084,45.126416],[14.977712,45.128998],[14.977697,45.135117],[14.972825,45.140597],[14.972723,45.142412],[14.993622,45.142655],[14.979484,45.150444],[14.975582,45.159799],[14.976759,45.175325],[14.979935,45.183474],[14.981141,45.191428],[14.990843,45.205359],[14.974922,45.233932],[14.982831,45.231463],[14.986822,45.231772],[14.995263,45.228512],[15.004799,45.214798],[15.006415,45.206213],[15.011406,45.208651],[15.029971,45.194096],[15.0316,45.193898],[15.039079,45.205513],[15.047131,45.21297],[15.044345,45.215428],[15.052186,45.2133],[15.062702,45.213349],[15.063546,45.216615],[15.069393,45.219302],[15.07058,45.221335],[15.070202,45.224701],[15.074956,45.227686],[15.079815,45.232866],[15.088428,45.235352],[15.097352,45.240519],[15.103084,45.240379],[15.105367,45.241825],[15.105523,45.24376],[15.102265,45.245401],[15.08575,45.241302],[15.085686,45.249788],[15.094416,45.266735],[15.102287,45.278021],[15.111982,45.269346],[15.107557,45.278293],[15.123552,45.304438],[15.131719,45.305969],[15.133083,45.305577],[15.134777,45.302228],[15.138865,45.306186],[15.146064,45.303843],[15.162226,45.307309],[15.167714,45.311844],[15.177439,45.312451],[15.17811,45.315216],[15.182004,45.318416],[15.182753,45.322973],[15.176811,45.327273],[15.181751,45.330908],[15.181787,45.333123],[15.176708,45.336434],[15.180579,45.340857],[15.179694,45.346241],[15.183663,45.347917],[15.186705,45.347025],[15.188926,45.349142],[15.188551,45.352408],[15.190758,45.353947],[15.18984,45.354165],[15.194344,45.354565],[15.199461,45.357437],[15.200119,45.360218],[15.211915,45.368936],[15.214195,45.375783],[15.217607,45.380896],[15.219464,45.387811],[15.218734,45.388979],[15.227454,45.390767],[15.231814,45.388683],[15.235823,45.388683],[15.243938,45.386049],[15.247282,45.385542],[15.248944,45.387152],[15.254696,45.384607],[15.253495,45.382366],[15.252662,45.365451],[15.258697,45.363847],[15.264744,45.364205],[15.270245,45.36625],[15.271507,45.364948],[15.273755,45.370378],[15.27669,45.371811],[15.278082,45.374509],[15.279962,45.371905],[15.285145,45.369028],[15.291262,45.371468],[15.295329,45.36884],[15.30026,45.3718],[15.306799,45.370045],[15.308452,45.376984],[15.313039,45.375217],[15.313506,45.376379],[15.31646,45.376765],[15.318231,45.37482],[15.319428,45.3774],[15.317828,45.378089],[15.319083,45.380777],[15.316985,45.381185],[15.31761,45.386465],[15.320052,45.38793],[15.32208,45.387242],[15.324211,45.389659],[15.325487,45.3892],[15.326532,45.391048],[15.325169,45.392094],[15.329055,45.396002],[15.333014,45.393854],[15.336145,45.396239],[15.337461,45.394998],[15.340078,45.39743],[15.341146,45.399275],[15.340201,45.40086],[15.342113,45.402787],[15.348365,45.404954],[15.348254,45.408038],[15.340684,45.412389],[15.338384,45.416233],[15.342828,45.419659],[15.342956,45.422362],[15.340782,45.424064],[15.343086,45.430284],[15.342254,45.434428],[15.346542,45.434954],[15.351016,45.438145],[15.354548,45.437336],[15.356412,45.439256],[15.356616,45.441918],[15.358918,45.441566],[15.361115,45.438438],[15.362402,45.441123],[15.361036,45.442315],[15.371624,45.446124],[15.373856,45.445214],[15.377171,45.441116],[15.379111,45.435257],[15.393881,45.427614],[15.394963,45.429589],[15.402048,45.434574],[15.402029,45.440402],[15.403885,45.445461],[15.411474,45.455501],[15.41619,45.45672],[15.420648,45.455261],[15.424096,45.455678],[15.424314,45.453298],[15.435255,45.450555],[15.431118,45.447839],[15.434217,45.444989],[15.434014,45.442797],[15.432249,45.44193],[15.431842,45.439213],[15.43013,45.437568],[15.436542,45.436693],[15.443908,45.437843],[15.446928,45.43696],[15.448411,45.437957],[15.455312,45.435711],[15.453719,45.428611],[15.455293,45.428813],[15.455278,45.427668],[15.452417,45.427794],[15.448926,45.425384],[15.441326,45.424212],[15.442145,45.422682],[15.44122,45.422368],[15.442808,45.420242],[15.441763,45.418808],[15.442803,45.417414],[15.448994,45.411938],[15.452364,45.411137],[15.453284,45.408993],[15.45768,45.406943],[15.457687,45.403986],[15.453682,45.403428],[15.45001,45.404898],[15.446174,45.402858],[15.443349,45.403173],[15.439955,45.399975],[15.436823,45.400569],[15.43606,45.394546],[15.428523,45.390912],[15.428654,45.386365],[15.423797,45.37909],[15.42108,45.376845],[15.418001,45.376882],[15.415642,45.375409],[15.421544,45.375158],[15.432906,45.370425],[15.434807,45.371476],[15.436064,45.36961],[15.431768,45.367091],[15.439817,45.361469],[15.444636,45.362606],[15.441166,45.365395],[15.441543,45.36812],[15.4554,45.371854],[15.458341,45.368172],[15.460697,45.367279],[15.459442,45.366206],[15.464445,45.362959],[15.465299,45.36166],[15.464241,45.359208],[15.466092,45.35956],[15.467223,45.361905],[15.474002,45.363781],[15.476916,45.362865],[15.478691,45.359206],[15.486196,45.356104],[15.486828,45.354801],[15.485018,45.355476],[15.478754,45.351818],[15.480062,45.350073],[15.478454,45.349431],[15.477779,45.346493],[15.475971,45.347042],[15.473168,45.343478],[15.475755,45.337244],[15.482645,45.33367],[15.484422,45.329005],[15.483428,45.327803],[15.489834,45.327267],[15.49166,45.325558],[15.492664,45.327313],[15.494443,45.325969],[15.499866,45.329758],[15.507383,45.330676],[15.508527,45.332865],[15.511875,45.330716],[15.516344,45.330967],[15.515486,45.328415],[15.518842,45.32583],[15.518031,45.320202],[15.503203,45.313935],[15.500728,45.311532],[15.498486,45.30641],[15.506798,45.303387],[15.519748,45.303124],[15.530932,45.294352],[15.532375,45.290847],[15.540154,45.293702],[15.545531,45.297393],[15.549916,45.29798],[15.55023,45.302233],[15.545138,45.301342],[15.543362,45.302328],[15.543931,45.303564],[15.548727,45.304852],[15.553072,45.308087],[15.558567,45.308089],[15.559625,45.308709],[15.558825,45.309581],[15.563458,45.312049],[15.567681,45.31112],[15.566782,45.309396],[15.568003,45.308095],[15.580464,45.306346],[15.580979,45.303866],[15.584723,45.303906],[15.581835,45.295363],[15.583546,45.288681],[15.594862,45.290055],[15.593648,45.287803],[15.594596,45.285611],[15.593919,45.282922],[15.590341,45.280397],[15.590532,45.278537],[15.593728,45.276265],[15.593813,45.274278],[15.598965,45.27221],[15.603644,45.272883],[15.607069,45.277771],[15.617015,45.275425],[15.623665,45.27788],[15.62536,45.277064],[15.624874,45.27538],[15.626455,45.273341],[15.62276,45.268728],[15.623188,45.267046],[15.618885,45.264551],[15.620562,45.264333],[15.621485,45.262296],[15.624285,45.263392],[15.622154,45.260395],[15.62619,45.259043],[15.624087,45.257008],[15.621615,45.256967],[15.622392,45.255465],[15.626683,45.254399],[15.624408,45.250283],[15.626529,45.249092],[15.625973,45.24689],[15.631197,45.246974],[15.629459,45.248507],[15.632221,45.250947],[15.636517,45.250061],[15.636517,45.251234],[15.638159,45.250843],[15.640114,45.252561],[15.641653,45.250282],[15.645413,45.250036],[15.646501,45.24419],[15.656656,45.242138],[15.65954,45.243606],[15.658117,45.238328],[15.663236,45.233393],[15.661481,45.229977],[15.662356,45.227247],[15.660235,45.226511],[15.6646,45.226024],[15.664508,45.223517],[15.66815,45.223537],[15.667461,45.22217],[15.669353,45.222618],[15.670461,45.225281],[15.672624,45.225534],[15.683336,45.222558],[15.688533,45.223841],[15.691037,45.229457],[15.685229,45.230212],[15.683668,45.232137],[15.687101,45.234713],[15.68755,45.241019],[15.689164,45.242762],[15.693246,45.243259],[15.700445,45.248575],[15.707615,45.246257],[15.711859,45.248864],[15.715902,45.243317],[15.720092,45.241857],[15.720627,45.239916],[15.718924,45.238405],[15.71987,45.237836],[15.725682,45.238169],[15.725713,45.236283],[15.728029,45.235681],[15.728426,45.236717],[15.735428,45.235597],[15.73673,45.23689],[15.739676,45.236553],[15.741368,45.240958],[15.746952,45.241996],[15.746008,45.24652],[15.747999,45.248284],[15.752505,45.246479],[15.752242,45.250303],[15.755968,45.250005],[15.752957,45.255745],[15.754672,45.254523],[15.75644,45.255399],[15.757163,45.257489],[15.755809,45.258679],[15.758003,45.259454],[15.759592,45.254025],[15.758446,45.251805],[15.76007,45.251264],[15.758374,45.248579],[15.759916,45.248024],[15.756911,45.246852],[15.756564,45.240952],[15.757499,45.239356],[15.760572,45.239465],[15.769042,45.235322],[15.771234,45.237296],[15.774409,45.236448],[15.77491,45.238112],[15.777696,45.237403],[15.778884,45.238853],[15.783643,45.234549],[15.786553,45.236499],[15.787034,45.238295],[15.788895,45.238359],[15.78996,45.237557],[15.789504,45.235909],[15.79166,45.235199],[15.789973,45.23395],[15.791793,45.23401],[15.792269,45.235313],[15.794364,45.233032],[15.797893,45.233591],[15.801149,45.232121],[15.81184,45.233017],[15.820572,45.229435],[15.825528,45.223772],[15.827533,45.224873],[15.835877,45.224433],[15.835623,45.225375],[15.840041,45.224393],[15.833255,45.220964],[15.832533,45.21897],[15.827279,45.218807],[15.827073,45.21688],[15.831913,45.212535],[15.824034,45.205934],[15.821693,45.206338],[15.822717,45.207257],[15.82157,45.208314],[15.820638,45.207277],[15.818132,45.207834],[15.818843,45.20868],[15.817414,45.20829],[15.814993,45.210962],[15.814626,45.210051],[15.810217,45.210145],[15.807458,45.208068],[15.804935,45.208612],[15.809462,45.205579],[15.802663,45.203557],[15.801166,45.201287],[15.800846,45.197298],[15.798656,45.197394],[15.795865,45.194858],[15.791282,45.195358],[15.784866,45.191776],[15.782807,45.187228],[15.779507,45.186269],[15.776583,45.183635],[15.777578,45.176357],[15.767678,45.170714],[15.767869,45.168022],[15.764691,45.166167],[15.765708,45.16495],[15.764614,45.162825],[15.766316,45.161639],[15.76942,45.151256],[15.772792,45.147453],[15.775937,45.146042],[15.775266,45.139247],[15.776633,45.137632],[15.781831,45.13594],[15.777678,45.130826],[15.781669,45.125251],[15.784342,45.124103],[15.784789,45.1223],[15.787898,45.119772],[15.790378,45.120067],[15.789605,45.117756],[15.791169,45.115104],[15.78765,45.113403],[15.785703,45.109531],[15.781137,45.106788],[15.779456,45.103225],[15.780158,45.098763],[15.778983,45.095201],[15.773272,45.095146],[15.769317,45.091176],[15.768772,45.089392],[15.77326,45.086346],[15.77441,45.083984],[15.769133,45.081479],[15.771209,45.076743],[15.756587,45.069643],[15.754255,45.066007],[15.74883,45.065268],[15.745252,45.062537],[15.741329,45.06185],[15.741789,45.059924],[15.74336,45.060799],[15.743253,45.059926],[15.746261,45.059112],[15.745319,45.057117],[15.747539,45.057],[15.74712,45.055811],[15.753168,45.054752],[15.753576,45.053558],[15.75179,45.052973],[15.753305,45.051756],[15.752896,45.046712],[15.755348,45.047364],[15.754822,45.044567],[15.756585,45.043274],[15.755595,45.040568],[15.758224,45.03937],[15.758531,45.037832],[15.757018,45.035282],[15.761454,45.032196],[15.760863,45.030604],[15.762374,45.029138],[15.763247,45.030412],[15.764872,45.029619],[15.761886,45.026998],[15.764517,45.026039],[15.763323,45.024963],[15.765923,45.024848],[15.764483,45.02387],[15.766189,45.024224],[15.765468,45.022965],[15.766625,45.022763],[15.766557,45.020762],[15.764907,45.020782],[15.764996,45.018982],[15.76825,45.017953],[15.767086,45.017986],[15.767273,45.016555],[15.769615,45.014696],[15.768732,45.013821],[15.770709,45.013503],[15.77002,45.010671],[15.773022,45.008378],[15.773266,45.006214],[15.775975,45.006257],[15.776117,45.005208],[15.779067,45.007067],[15.778631,45.005179],[15.781563,45.00397],[15.781902,45.002017],[15.779384,45.001349],[15.781888,44.999375],[15.781979,44.997728],[15.785853,44.995191],[15.785381,44.993691],[15.782425,44.993054],[15.783813,44.990932],[15.782533,44.990203],[15.783621,44.987931],[15.780511,44.982991],[15.780922,44.980097],[15.783042,44.979666],[15.782348,44.977594],[15.78358,44.974712],[15.782254,44.973166],[15.783593,44.972958],[15.782049,44.970352],[15.779848,44.970755],[15.780889,44.969303],[15.778581,44.968749],[15.770678,44.971683],[15.760021,44.969108],[15.755054,44.970304],[15.748675,44.967283],[15.747911,44.963737],[15.745574,44.96098],[15.745576,44.954788],[15.749855,44.95049],[15.744454,44.945045],[15.743224,44.941733],[15.736341,44.935928],[15.739023,44.934831],[15.74078,44.931829],[15.760671,44.887362],[15.760309,44.869639],[15.793375,44.84668],[15.761559,44.829522],[15.747659,44.826899],[15.728733,44.825313],[15.742764,44.809217],[15.740765,44.800754],[15.748309,44.794611],[15.763222,44.776176],[15.769453,44.77197],[15.771546,44.765377],[15.781399,44.754594],[15.781499,44.749876],[15.788535,44.745694],[15.802253,44.743197],[15.806558,44.739386],[15.812154,44.737714],[15.815231,44.732731],[15.814567,44.728671],[15.816898,44.724429],[15.831084,44.718182],[15.834876,44.713778],[15.842605,44.723455],[15.847133,44.726867],[15.849261,44.730012],[15.849438,44.733559],[15.852697,44.736293],[15.860002,44.735858],[15.864981,44.73341],[15.86536,44.732368],[15.864921,44.733175],[15.863179,44.733188],[15.864819,44.732591],[15.863937,44.730338],[15.869694,44.727233],[15.873259,44.727146],[15.874139,44.72842],[15.873043,44.730151],[15.873865,44.730808],[15.875456,44.728755],[15.880596,44.728547],[15.881644,44.733074],[15.884199,44.734233],[15.8828,44.738058],[15.883047,44.742484],[15.884657,44.744169],[15.888532,44.744366],[15.889229,44.747298],[15.894064,44.74935],[15.896559,44.746521],[15.902344,44.745605],[15.901406,44.741639],[15.903924,44.740725],[15.905234,44.737784],[15.911571,44.734208],[15.913329,44.730514],[15.922031,44.720512],[15.926327,44.71764],[15.93146,44.707953],[15.932556,44.707495],[15.937509,44.711015],[15.955083,44.71094],[15.95653,44.704629],[15.952747,44.700789],[15.958973,44.692721],[15.965708,44.690898],[15.968425,44.682972],[15.967598,44.678751],[15.972424,44.673543],[15.977459,44.670279],[15.986888,44.668298],[15.992708,44.664336],[15.996401,44.660088],[16.012348,44.654731],[16.021501,44.657005],[16.031641,44.653624],[16.032217,44.647775],[16.039672,44.640422],[16.04284,44.635232],[16.043475,44.628785],[16.049001,44.624543],[16.051371,44.626431],[16.054883,44.625605],[16.054954,44.612047],[16.057809,44.608118],[16.055263,44.606504],[16.051904,44.609611],[16.04664,44.608638],[16.048237,44.604001],[16.043183,44.600637],[16.044243,44.598492],[16.051133,44.596162],[16.045443,44.593748],[16.039716,44.588296],[16.023063,44.589388],[16.017296,44.585232],[16.016239,44.582967],[16.019587,44.567334],[16.018586,44.562739],[16.046085,44.546445],[16.055007,44.538412],[16.07923,44.53567],[16.092292,44.532654],[16.107747,44.52669],[16.12258,44.512734],[16.122436,44.504068],[16.131917,44.489707],[16.129694,44.48679],[16.136708,44.484206],[16.141089,44.479777],[16.13978,44.475563],[16.135572,44.471445],[16.137698,44.463479],[16.132625,44.46067],[16.132877,44.457437],[16.131364,44.455288],[16.133491,44.453719],[16.139075,44.454029],[16.143406,44.44854],[16.142562,44.443112],[16.138459,44.440732],[16.140977,44.433341],[16.141511,44.425782],[16.145132,44.423316],[16.143305,44.422041],[16.145981,44.419434],[16.149429,44.420754],[16.150186,44.422322],[16.152878,44.422638],[16.157828,44.419302],[16.159857,44.415725],[16.161573,44.416396],[16.164704,44.413416],[16.166841,44.405918],[16.170681,44.405674],[16.172426,44.402385],[16.166641,44.401207],[16.163712,44.39766],[16.157274,44.394553],[16.15393,44.394616],[16.153734,44.396996],[16.150098,44.396783],[16.14721,44.393759],[16.140223,44.391994],[16.135707,44.395498],[16.130828,44.395842],[16.127765,44.394686],[16.129593,44.390054],[16.128759,44.388768],[16.131324,44.378082],[16.140173,44.376463],[16.143036,44.377202],[16.144484,44.375549],[16.152074,44.377093],[16.155505,44.380235],[16.163008,44.377503],[16.166261,44.374264],[16.168727,44.374826],[16.171945,44.369119],[16.172977,44.369454],[16.172242,44.369007],[16.175276,44.366935],[16.198366,44.363183],[16.206186,44.360064],[16.21164,44.352421],[16.218705,44.348138],[16.21706,44.344057],[16.218334,44.343088],[16.205526,44.336498],[16.197394,44.325949],[16.194478,44.318909],[16.195043,44.315521],[16.188714,44.309537],[16.18801,44.307496],[16.187077,44.295226],[16.190788,44.29116],[16.19052,44.287917],[16.192261,44.283535],[16.191023,44.279801],[16.190977,44.271279],[16.193994,44.266888],[16.195929,44.260052],[16.200918,44.256868],[16.199806,44.255824],[16.200056,44.251594],[16.202368,44.249972],[16.207017,44.251354],[16.210139,44.249978],[16.218165,44.239904],[16.220836,44.232887],[16.219424,44.22333],[16.217922,44.225496],[16.215152,44.224213],[16.212439,44.216925],[16.20552,44.218195],[16.194473,44.214964],[16.184988,44.215312],[16.175552,44.212751],[16.173832,44.211856],[16.172751,44.210442],[16.172452,44.209208],[16.173078,44.208205],[16.172965,44.21032],[16.17584,44.212311],[16.190668,44.213392],[16.207164,44.217214],[16.216299,44.213775],[16.221313,44.210455],[16.220528,44.208133],[16.214733,44.204405],[16.21408,44.19733],[16.224133,44.190642],[16.225483,44.190823],[16.226847,44.188293],[16.226948,44.18629],[16.22495,44.186068],[16.22761,44.178506],[16.22987,44.17675],[16.230039,44.174333],[16.226355,44.163724],[16.227922,44.160804],[16.231316,44.15939],[16.224845,44.156715],[16.223413,44.154049],[16.225279,44.151124],[16.223709,44.15018],[16.225732,44.14742],[16.219774,44.143131],[16.223056,44.13739],[16.210296,44.132072],[16.207432,44.128914],[16.207605,44.129974],[16.202182,44.130082],[16.202626,44.126879],[16.196998,44.124088],[16.189609,44.117624],[16.185573,44.122053],[16.181374,44.123628],[16.17725,44.128379],[16.161247,44.132174],[16.157707,44.134594],[16.152345,44.134429],[16.149531,44.135761],[16.144645,44.134902],[16.143408,44.127665],[16.144908,44.12713],[16.143976,44.125682],[16.148417,44.121274],[16.141526,44.118228],[16.134926,44.113335],[16.140149,44.109481],[16.139166,44.107417],[16.140323,44.106477],[16.13756,44.102569],[16.137772,44.10111],[16.143983,44.101],[16.148272,44.099214],[16.150173,44.092629],[16.146149,44.086379],[16.144293,44.087212],[16.143048,44.085399],[16.141434,44.086736],[16.142228,44.089692],[16.118263,44.06891],[16.115043,44.067559],[16.111022,44.068511],[16.104373,44.066719],[16.103554,44.065477],[16.10556,44.063608],[16.097102,44.05781],[16.096442,44.056222],[16.088111,44.053811],[16.08346,44.062173],[16.075267,44.069794],[16.076006,44.072287],[16.065912,44.062141],[16.058057,44.061469],[16.048221,44.055062],[16.04284,44.054087],[16.042006,44.051369],[16.036787,44.047989],[16.029054,44.048219],[16.024902,44.044516],[16.020094,44.043232],[16.016346,44.049057],[16.009499,44.049748],[16.005629,44.051759],[15.99574,44.061918],[15.984188,44.070801],[15.991542,44.07973],[15.991207,44.084669],[15.993345,44.083669],[15.993314,44.089021],[15.998883,44.098534],[15.998848,44.108844],[15.997835,44.110058],[16.003028,44.113567],[16.00403,44.129416],[16.006398,44.134928],[16.005034,44.138985],[16.016129,44.143162],[16.009644,44.144095],[16.002039,44.148968],[15.989227,44.151276],[15.986462,44.153361],[15.988338,44.156396],[15.981293,44.179327],[15.963014,44.188788],[15.970047,44.192912],[15.950967,44.205926],[15.946695,44.21183],[15.943891,44.221168],[15.937289,44.222339],[15.928174,44.233241],[15.929633,44.236876],[15.92785,44.239726],[15.918358,44.236355],[15.908992,44.241093],[15.878352,44.242521],[15.884719,44.235449],[15.885036,44.232413],[15.88222,44.229906],[15.878737,44.217945],[15.872046,44.208095],[15.870886,44.203271],[15.872295,44.202072],[15.870649,44.199052],[15.864125,44.19614],[15.860933,44.188289],[15.859377,44.187923],[15.856235,44.190313],[15.848302,44.190193],[15.847184,44.188131],[15.844344,44.187189],[15.840814,44.190554],[15.83626,44.187807],[15.828524,44.186513],[15.823351,44.190538],[15.821991,44.189854],[15.823223,44.187613],[15.822465,44.187043],[15.817524,44.187969],[15.817514,44.186331],[15.814884,44.18608],[15.813209,44.187118],[15.812348,44.189986],[15.808214,44.192239],[15.801358,44.191306],[15.796226,44.193871],[15.792665,44.194148],[15.791917,44.195287],[15.793362,44.205061],[15.799788,44.216689],[15.83052,44.24017],[15.81605,44.243308],[15.809841,44.243352],[15.787936,44.248474],[15.745571,44.25199],[15.733925,44.254414],[15.725104,44.260726],[15.693954,44.272161],[15.677623,44.271214],[15.670483,44.278284],[15.659823,44.286069],[15.648239,44.290525],[15.636276,44.285119],[15.616642,44.291407],[15.597532,44.291302],[15.57901,44.300002],[15.570599,44.293319],[15.559472,44.307847],[15.541276,44.339508],[15.550817,44.346791],[15.545278,44.347475],[15.538884,44.350215],[15.528873,44.35633],[15.527983,44.363843],[15.541788,44.38544],[15.560859,44.389438],[15.567444,44.389714],[15.57122,44.392975],[15.570369,44.3958],[15.561417,44.397027],[15.561134,44.399376],[15.555139,44.399639],[15.548667,44.403179],[15.54669,44.401723],[15.538559,44.401357],[15.535648,44.403204],[15.537787,44.411299],[15.536401,44.412718],[15.53844,44.416267],[15.536898,44.418086],[15.537004,44.422123],[15.53303,44.423301],[15.535173,44.425395],[15.526821,44.428734],[15.525594,44.430445],[15.52358,44.42808],[15.517095,44.426837],[15.513899,44.424454],[15.507678,44.42244],[15.503558,44.418045],[15.498152,44.415064],[15.488173,44.41606],[15.484264,44.414394],[15.482807,44.404795],[15.479648,44.403993],[15.478386,44.401807],[15.475017,44.394412],[15.475616,44.392502],[15.4741,44.391193],[15.475199,44.390148],[15.473413,44.387757],[15.473907,44.385946],[15.471083,44.379022],[15.467185,44.37603],[15.464163,44.368873],[15.435106,44.37671],[15.390429,44.385754],[15.338485,44.414362],[15.329319,44.415696],[15.331969,44.418483],[15.332817,44.422148],[15.339545,44.427725],[15.339206,44.431971],[15.343177,44.436411],[15.334024,44.43883],[15.322938,44.445951],[15.318667,44.44704],[15.316212,44.449399],[15.317305,44.450421],[15.314722,44.453522],[15.311749,44.453461],[15.297826,44.460299],[15.296283,44.459195],[15.294894,44.460763],[15.288313,44.45098],[15.278728,44.440834],[15.2699,44.438695],[15.256607,44.441039],[15.254026,44.439749],[15.253432,44.436132],[15.254554,44.431314],[15.252617,44.419043],[15.254734,44.403306],[15.27454,44.387556],[15.271877,44.383856],[15.259892,44.379936],[15.258723,44.381093],[15.260723,44.383438],[15.258985,44.382941],[15.256825,44.383942],[15.257093,44.385165],[15.255386,44.384763],[15.253885,44.38653],[15.254827,44.387217],[15.252046,44.388433],[15.251814,44.390696],[15.247078,44.392406],[15.243145,44.396192],[15.24404,44.397842],[15.236322,44.403721],[15.23654,44.405831],[15.234218,44.405922],[15.230003,44.409451],[15.230078,44.410621],[15.226445,44.412201],[15.214296,44.426254],[15.205542,44.430352],[15.204598,44.431967],[15.19822,44.432377],[15.192888,44.436104],[15.190519,44.435651],[15.190664,44.436793],[15.185827,44.439527],[15.1799,44.445286],[15.187502,44.443084],[15.185612,44.446084],[15.179763,44.448306],[15.179539,44.450257],[15.176684,44.448616],[15.1763,44.446292],[15.174637,44.446881],[15.174387,44.452111],[15.170299,44.451975],[15.170793,44.455383],[15.168118,44.454547],[15.162066,44.45718],[15.160317,44.458731],[15.161361,44.462358],[15.155884,44.460171],[15.153064,44.461947],[15.149659,44.461983],[15.150705,44.463078],[15.147512,44.464043],[15.146765,44.467075],[15.144253,44.464988],[15.141366,44.467989],[15.142135,44.469416],[15.136263,44.47102],[15.13602,44.473507],[15.133561,44.473755],[15.137595,44.476115],[15.136019,44.477398],[15.133122,44.475535],[15.131007,44.476461],[15.127422,44.479899],[15.130211,44.481194],[15.125465,44.481554],[15.123062,44.485252],[15.124118,44.486747],[15.119547,44.489409],[15.118194,44.494329],[15.114385,44.496749],[15.115418,44.498257],[15.1111,44.499695]],[[15.118194,44.494329],[15.118402,44.500092],[15.118194,44.494329],[15.118194,44.494329]]],[[[15.040009,44.516781],[15.043976,44.514408],[15.043469,44.512638],[15.050554,44.513787],[15.050885,44.511399],[15.054069,44.510034],[15.052487,44.508594],[15.054025,44.508238],[15.053395,44.507131],[15.054537,44.506621],[15.05283,44.5048],[15.056399,44.504399],[15.050738,44.502557],[15.055059,44.501778],[15.05644,44.499449],[15.059537,44.500782],[15.059134,44.499414],[15.06112,44.49923],[15.062095,44.497713],[15.059686,44.496337],[15.060345,44.495341],[15.063747,44.495358],[15.062204,44.493951],[15.065493,44.49254],[15.064077,44.490351],[15.066152,44.490898],[15.066555,44.488925],[15.070672,44.48547],[15.068859,44.483706],[15.072552,44.483493],[15.072506,44.482174],[15.080146,44.476355],[15.070504,44.476676],[15.058239,44.484727],[15.054062,44.484401],[15.049598,44.487246],[15.049029,44.488357],[15.052415,44.493183],[15.05027,44.497044],[15.043959,44.493932],[15.037848,44.497366],[15.029806,44.498247],[15.021944,44.501565],[15.020109,44.500301],[15.02094,44.499597],[15.02011,44.494816],[15.01479,44.49571],[15.006285,44.5016],[15.003727,44.505136],[15.009901,44.506335],[15.010544,44.508078],[15.006215,44.51143],[15.000221,44.513238],[15.003768,44.5154],[15.008585,44.512952],[15.040009,44.516781]]],[[[15.044165,44.54729],[15.044487,44.547615],[15.044622,44.547018],[15.044165,44.54729]]],[[[14.970825,44.598107],[14.970957,44.598119],[14.970911,44.598063],[14.970825,44.598107]]],[[[14.917591,44.929643],[14.915868,44.928885],[14.915196,44.929599],[14.916043,44.930324],[14.917591,44.929643]]],[[[16.00119,45.944936],[15.99381,45.945867],[15.987883,45.949009],[15.984059,45.949197],[15.986183,45.954186],[15.983237,45.958304],[15.984169,45.960665],[15.982184,45.960771],[15.981409,45.965608],[15.984487,45.967656],[15.984054,45.970419],[15.987387,45.97412],[15.997812,45.975135],[15.999695,45.976672],[16.003746,45.977288],[16.005173,45.976037],[16.010344,45.975771],[16.008943,45.974055],[16.011662,45.972473],[16.01217,45.96902],[16.017359,45.971772],[16.022553,45.971949],[16.025878,45.97008],[16.028857,45.970735],[16.031806,45.967673],[16.045017,45.964058],[16.048846,45.969154],[16.053292,45.971787],[16.055905,45.967521],[16.060608,45.964597],[16.061938,45.962321],[16.060387,45.958693],[16.060347,45.953255],[16.05901,45.955171],[16.056491,45.955029],[16.052226,45.951037],[16.052672,45.946652],[16.051073,45.945143],[16.052094,45.943318],[16.051865,45.93744],[16.050945,45.936654],[16.045144,45.939271],[16.038358,45.939496],[16.029663,45.937421],[16.029149,45.934079],[16.020472,45.931202],[16.009807,45.930472],[16.006247,45.928767],[16.003689,45.936463],[15.999857,45.940077],[16.001526,45.941686],[16.00119,45.944936]]]]},"properties":{"id":5,"slug":"gospicko-senjska-biskupija","name":"Gospićko-senjska Biskupija","kind":"biskupija","seat":"Gospić","oib":"78514984452","area_km2":8485.5,"population":75281,"settlement_count":568,"parish_count":85,"church_count":164,"method":"naselja (DGU) → biskupija sjedeće/najbliže župe, spojeno"}},{"type":"Feature","id":13,"geometry":{"type":"MultiPolygon","coordinates":[[[[15.995672,42.953397],[15.996405,42.953352],[15.99574,42.953013],[15.995672,42.953397]]],[[[16.010709,42.989641],[16.016183,42.987609],[16.017482,42.985499],[16.02069,42.988333],[16.02149,42.987729],[16.01922,42.981152],[16.021653,42.98201],[16.023386,42.980849],[16.019064,42.978073],[16.025023,42.976203],[16.024188,42.974746],[16.022138,42.974735],[16.023494,42.972075],[16.021965,42.969838],[16.023011,42.967678],[16.021636,42.96741],[16.022588,42.966114],[16.021649,42.963707],[16.019653,42.95993],[16.017643,42.959037],[16.009611,42.962284],[16.004072,42.960598],[16.00259,42.956891],[15.995658,42.953414],[15.996758,42.954345],[15.995445,42.955805],[15.997011,42.958946],[16.001246,42.960473],[16.000332,42.961888],[16.002137,42.966385],[16.001084,42.969491],[16.002783,42.970675],[15.99877,42.974785],[15.999054,42.976217],[16.002043,42.976222],[16.001748,42.977086],[15.99986,42.978242],[16.000608,42.979137],[15.998235,42.979802],[16.002144,42.980425],[16.004654,42.982572],[15.998581,42.982343],[16.000059,42.985265],[16.003457,42.986196],[15.999727,42.986895],[16.00085,42.989435],[16.000092,42.990686],[16.005067,42.994284],[16.007895,42.993623],[16.010709,42.989641]]],[[[16.023892,42.98229],[16.022999,42.981507],[16.022921,42.98182],[16.023892,42.98229]]],[[[15.799074,43.006597],[15.801644,43.006804],[15.802755,43.005048],[15.799569,43.005285],[15.799074,43.006597]]],[[[15.742232,43.015951],[15.74268,43.015592],[15.742058,43.015565],[15.742232,43.015951]]],[[[16.134242,43.01134],[16.130209,43.011372],[16.131391,43.01103],[16.131016,43.010089],[16.122466,43.010221],[16.112379,43.00661],[16.112987,43.008307],[16.111483,43.007752],[16.109693,43.008887],[16.109577,43.007172],[16.104263,43.006947],[16.103789,43.008356],[16.102312,43.005495],[16.092857,43.007449],[16.090029,43.006088],[16.088499,43.007322],[16.087169,43.005129],[16.080634,43.007603],[16.076506,43.007518],[16.071399,43.005274],[16.070231,43.006428],[16.070801,43.007775],[16.067059,43.005633],[16.066709,43.006612],[16.070775,43.010641],[16.071173,43.01341],[16.088523,43.020169],[16.093125,43.024082],[16.091933,43.026069],[16.093657,43.027697],[16.091905,43.030444],[16.093505,43.034304],[16.093022,43.036432],[16.090467,43.040642],[16.088503,43.040945],[16.088856,43.043254],[16.085882,43.044448],[16.0893,43.045093],[16.084575,43.047944],[16.076167,43.046261],[16.063623,43.040711],[16.063202,43.042177],[16.061225,43.04262],[16.063959,43.044238],[16.058374,43.044682],[16.058202,43.04617],[16.05989,43.046602],[16.059619,43.048807],[16.055024,43.05074],[16.05618,43.051757],[16.048785,43.053771],[16.053758,43.057101],[16.059685,43.05892],[16.059405,43.059974],[16.074063,43.064195],[16.078279,43.067237],[16.078112,43.069156],[16.080263,43.069988],[16.082456,43.070398],[16.083986,43.068751],[16.085182,43.071145],[16.088287,43.071922],[16.091084,43.070817],[16.0914,43.072844],[16.093408,43.072111],[16.103045,43.074889],[16.109733,43.074039],[16.112568,43.075413],[16.113557,43.073733],[16.117001,43.077319],[16.12244,43.076088],[16.12229,43.073469],[16.125463,43.076995],[16.123715,43.078553],[16.129146,43.077969],[16.126683,43.07485],[16.130157,43.075315],[16.131955,43.073182],[16.132652,43.076244],[16.137083,43.075601],[16.135367,43.076867],[16.136983,43.078739],[16.139807,43.077873],[16.146533,43.079779],[16.15471,43.079351],[16.158404,43.080427],[16.172764,43.078689],[16.175426,43.081167],[16.180217,43.080009],[16.185612,43.081646],[16.184679,43.080072],[16.187918,43.078725],[16.178055,43.077986],[16.18189,43.07695],[16.18276,43.074839],[16.184916,43.076235],[16.187538,43.075841],[16.189468,43.073339],[16.19108,43.075223],[16.193615,43.072951],[16.195562,43.075389],[16.19742,43.076112],[16.198765,43.075224],[16.197598,43.072123],[16.195165,43.070787],[16.194328,43.067446],[16.188706,43.068628],[16.189744,43.066151],[16.188575,43.063953],[16.189185,43.061713],[16.187124,43.063564],[16.184015,43.061957],[16.18577,43.059926],[16.195735,43.057552],[16.198369,43.058436],[16.199805,43.061414],[16.203547,43.063908],[16.205363,43.067323],[16.204004,43.069267],[16.206623,43.068403],[16.209604,43.071052],[16.217395,43.072532],[16.218488,43.073977],[16.22077,43.07393],[16.220651,43.071321],[16.222554,43.071433],[16.224539,43.074687],[16.228761,43.075722],[16.229081,43.071436],[16.233385,43.075548],[16.243259,43.076762],[16.24265,43.075044],[16.237346,43.072233],[16.243034,43.072441],[16.24008,43.070345],[16.242079,43.06907],[16.242171,43.064551],[16.244413,43.067637],[16.244417,43.069845],[16.247203,43.072636],[16.247695,43.070935],[16.249152,43.070953],[16.255448,43.073542],[16.254002,43.069511],[16.251722,43.068954],[16.248922,43.065813],[16.253178,43.067086],[16.257613,43.065359],[16.254362,43.063341],[16.254708,43.062165],[16.252059,43.058303],[16.258064,43.060451],[16.255419,43.056161],[16.253257,43.054984],[16.254074,43.05401],[16.251919,43.050075],[16.246374,43.047156],[16.24235,43.043295],[16.238942,43.042621],[16.23424,43.039396],[16.230735,43.04036],[16.232373,43.037743],[16.228505,43.033069],[16.230507,43.032307],[16.230298,43.02906],[16.2237,43.028574],[16.22299,43.027105],[16.224616,43.026411],[16.22286,43.025719],[16.221778,43.022592],[16.214714,43.022854],[16.212536,43.024758],[16.213379,43.021886],[16.211898,43.022064],[16.212,43.019669],[16.215916,43.018555],[16.215455,43.016632],[16.211362,43.018025],[16.207176,43.016802],[16.204131,43.018469],[16.205506,43.020147],[16.203953,43.022571],[16.200572,43.020239],[16.198864,43.02355],[16.197159,43.023852],[16.195845,43.02286],[16.197422,43.022075],[16.197547,43.018759],[16.193005,43.017512],[16.185126,43.017824],[16.185491,43.021301],[16.180593,43.017556],[16.179831,43.020516],[16.177547,43.019604],[16.177593,43.017777],[16.17536,43.016577],[16.171502,43.021299],[16.171695,43.014963],[16.167345,43.016671],[16.166781,43.014836],[16.165388,43.014912],[16.163534,43.017223],[16.164119,43.018198],[16.161265,43.018188],[16.162359,43.017344],[16.161409,43.014433],[16.158466,43.015096],[16.158026,43.013947],[16.155708,43.013947],[16.15605,43.016792],[16.153811,43.014779],[16.14447,43.013326],[16.141298,43.011614],[16.136567,43.011574],[16.13448,43.01347],[16.134242,43.01134]]],[[[16.184581,43.017492],[16.184859,43.017719],[16.184928,43.017454],[16.184581,43.017492]]],[[[15.710222,43.018991],[15.712323,43.019286],[15.709652,43.018415],[15.710222,43.018991]]],[[[15.757375,43.020676],[15.757181,43.020394],[15.756934,43.020592],[15.757375,43.020676]]],[[[15.768843,43.030913],[15.765891,43.024991],[15.762329,43.023733],[15.761778,43.022278],[15.751419,43.018752],[15.746523,43.019071],[15.74563,43.018518],[15.746257,43.017202],[15.744226,43.017942],[15.740659,43.015876],[15.737698,43.018876],[15.736548,43.017826],[15.733711,43.019217],[15.732403,43.018042],[15.731131,43.019181],[15.72718,43.018683],[15.727988,43.020311],[15.72537,43.022938],[15.731853,43.027165],[15.736483,43.027398],[15.738089,43.029262],[15.742531,43.030285],[15.745555,43.030041],[15.747623,43.031599],[15.747109,43.032417],[15.751021,43.034192],[15.760539,43.034827],[15.7657,43.033361],[15.768843,43.030913]]],[[[16.039108,43.052465],[16.04016,43.052883],[16.039715,43.052309],[16.039108,43.052465]]],[[[16.045742,43.054058],[16.043803,43.05405],[16.043902,43.054799],[16.044922,43.055053],[16.045742,43.054058]]],[[[16.057455,43.059385],[16.058086,43.05976],[16.058486,43.059578],[16.057455,43.059385]]],[[[16.20514,43.076738],[16.204814,43.075739],[16.201072,43.075206],[16.202262,43.076227],[16.20514,43.076738]]],[[[16.116487,43.078193],[16.116077,43.078395],[16.116734,43.077882],[16.116487,43.078193]]],[[[15.459105,43.092336],[15.462065,43.091336],[15.458655,43.091534],[15.459105,43.092336]]],[[[16.228024,43.014796],[16.225528,43.016018],[16.223379,43.01511],[16.2222,43.017104],[16.230394,43.021707],[16.23052,43.019131],[16.228238,43.017584],[16.229137,43.01631],[16.228024,43.014796]]],[[[16.238125,43.025987],[16.238571,43.024512],[16.236528,43.024566],[16.238125,43.025987]]],[[[16.24936,43.026883],[16.248369,43.025001],[16.247157,43.027157],[16.244268,43.025822],[16.242732,43.021769],[16.240675,43.022833],[16.240831,43.026265],[16.239284,43.027672],[16.241638,43.030108],[16.242553,43.027795],[16.245933,43.028664],[16.24936,43.026883]]],[[[16.238189,43.027128],[16.238301,43.026694],[16.237947,43.026822],[16.238189,43.027128]]],[[[16.254835,43.036333],[16.256982,43.037291],[16.258318,43.036187],[16.25408,43.034228],[16.254835,43.036333]]],[[[16.251833,43.037954],[16.250523,43.038581],[16.251522,43.039192],[16.251833,43.037954]]],[[[16.263177,43.043672],[16.263199,43.043438],[16.263041,43.043498],[16.263177,43.043672]]],[[[16.263446,43.045973],[16.263614,43.046217],[16.263708,43.046053],[16.263446,43.045973]]],[[[16.264735,43.047742],[16.267115,43.05295],[16.267963,43.053046],[16.264735,43.047742]]],[[[16.259977,43.065988],[16.260274,43.065691],[16.259164,43.06532],[16.259977,43.065988]]],[[[16.380397,43.146256],[16.381586,43.14502],[16.378361,43.144802],[16.380397,43.146256]]],[[[16.384981,43.14587],[16.385479,43.146178],[16.385398,43.145948],[16.384981,43.14587]]],[[[16.35598,43.155318],[16.35842,43.154354],[16.363517,43.156063],[16.364058,43.154417],[16.362387,43.152584],[16.364197,43.150821],[16.362542,43.149658],[16.360015,43.14997],[16.355492,43.15386],[16.35598,43.155318]]],[[[16.412198,43.156009],[16.411025,43.156412],[16.411003,43.157031],[16.411993,43.156876],[16.412198,43.156009]]],[[[16.426319,43.158123],[16.423223,43.160178],[16.421077,43.159992],[16.421875,43.156506],[16.420513,43.153653],[16.418316,43.153354],[16.417929,43.150856],[16.412142,43.154499],[16.414308,43.157989],[16.416397,43.157152],[16.418492,43.158141],[16.422255,43.164774],[16.424136,43.162451],[16.425869,43.163026],[16.424856,43.161291],[16.429504,43.156377],[16.426659,43.155534],[16.426319,43.158123]]],[[[16.405559,43.160886],[16.411319,43.161222],[16.412523,43.159745],[16.409226,43.159911],[16.406465,43.157346],[16.405139,43.157636],[16.405559,43.160886]]],[[[16.415949,43.15962],[16.413474,43.160181],[16.416624,43.16384],[16.417581,43.161768],[16.415949,43.15962]]],[[[16.394402,43.163168],[16.394603,43.163191],[16.394414,43.163135],[16.394402,43.163168]]],[[[16.394117,43.162332],[16.39267,43.162045],[16.400521,43.162926],[16.399369,43.166469],[16.40152,43.16732],[16.401957,43.163623],[16.400522,43.161896],[16.403699,43.157803],[16.403361,43.155808],[16.399852,43.15649],[16.397636,43.159706],[16.389532,43.152152],[16.389066,43.15456],[16.3915,43.158736],[16.389704,43.159086],[16.387644,43.157492],[16.385466,43.153006],[16.383567,43.154143],[16.38398,43.157938],[16.381703,43.156703],[16.381827,43.158953],[16.380912,43.159157],[16.379141,43.157291],[16.379018,43.155139],[16.376816,43.154464],[16.375918,43.155445],[16.377178,43.157583],[16.376611,43.160174],[16.372621,43.161956],[16.372236,43.153756],[16.36641,43.153233],[16.369264,43.156253],[16.369576,43.159135],[16.367467,43.159216],[16.363404,43.162077],[16.364251,43.163545],[16.358004,43.159301],[16.356628,43.160158],[16.359015,43.161931],[16.357094,43.164643],[16.353708,43.164064],[16.35023,43.161362],[16.346946,43.161583],[16.346232,43.164053],[16.349772,43.167103],[16.343402,43.165638],[16.341802,43.167267],[16.342902,43.169469],[16.337805,43.168739],[16.335338,43.165269],[16.331247,43.163536],[16.332042,43.165117],[16.33048,43.16742],[16.333493,43.168944],[16.336174,43.172634],[16.339115,43.172011],[16.338834,43.176371],[16.340869,43.176119],[16.342739,43.173081],[16.344725,43.175444],[16.346001,43.17538],[16.346278,43.173471],[16.351555,43.177141],[16.351445,43.175503],[16.353045,43.174732],[16.35139,43.172769],[16.353271,43.170562],[16.355433,43.170112],[16.357557,43.172515],[16.358725,43.170685],[16.358096,43.168835],[16.360611,43.1687],[16.360634,43.166703],[16.364125,43.167169],[16.3669,43.164765],[16.371886,43.16677],[16.372487,43.16842],[16.376982,43.168687],[16.377763,43.166283],[16.379522,43.167605],[16.381597,43.166742],[16.381046,43.163433],[16.382717,43.162209],[16.384381,43.165377],[16.386907,43.16654],[16.388853,43.165319],[16.388695,43.163509],[16.392334,43.165103],[16.395734,43.164363],[16.395707,43.163695],[16.394225,43.163147],[16.394334,43.162897],[16.392371,43.162808],[16.394117,43.162332]],[[16.393164,43.162953],[16.394193,43.163141],[16.393152,43.163034],[16.393164,43.162953]]],[[[16.404732,43.167577],[16.406079,43.168036],[16.406428,43.167428],[16.405188,43.166469],[16.404732,43.167577]]],[[[16.364385,43.169542],[16.366069,43.1691],[16.364098,43.168484],[16.364385,43.169542]]],[[[16.309913,43.170372],[16.313688,43.175132],[16.315981,43.174763],[16.318355,43.17061],[16.312913,43.171274],[16.311896,43.16823],[16.310708,43.168177],[16.309913,43.170372]]],[[[16.327589,43.172139],[16.324618,43.171766],[16.324569,43.172271],[16.32798,43.173515],[16.327589,43.172139]]],[[[16.332215,43.172951],[16.332306,43.174512],[16.333687,43.171563],[16.332215,43.172951]]],[[[16.311075,43.175445],[16.31175,43.175018],[16.310105,43.175011],[16.311075,43.175445]]],[[[16.318284,43.176128],[16.317207,43.175651],[16.316934,43.176165],[16.318284,43.176128]]],[[[16.324956,43.176055],[16.325382,43.176318],[16.325122,43.175879],[16.324956,43.176055]]],[[[16.406421,43.195935],[16.405101,43.195711],[16.404961,43.19653],[16.406257,43.197253],[16.406421,43.195935]]],[[[16.409264,43.338592],[16.410676,43.338386],[16.410056,43.337851],[16.409264,43.338592]]],[[[16.580421,43.082607],[16.580926,43.083687],[16.581933,43.08338],[16.581987,43.082462],[16.580421,43.082607]]],[[[16.573623,43.086322],[16.57294,43.087515],[16.575587,43.087279],[16.573623,43.086322]]],[[[16.603158,43.133434],[16.585306,43.13407],[16.584409,43.137435],[16.565375,43.1421],[16.54495,43.138855],[16.535017,43.142959],[16.534705,43.145866],[16.530892,43.14419],[16.516881,43.150128],[16.512831,43.149864],[16.514772,43.148536],[16.509303,43.151259],[16.508489,43.152109],[16.509639,43.152946],[16.50543,43.154296],[16.505129,43.155682],[16.500746,43.155074],[16.497708,43.158208],[16.488346,43.159763],[16.486762,43.162266],[16.483601,43.162437],[16.483224,43.161443],[16.481095,43.163379],[16.479057,43.162542],[16.480413,43.161704],[16.478855,43.158822],[16.477207,43.158168],[16.473215,43.159781],[16.467675,43.15696],[16.465875,43.157747],[16.466648,43.159208],[16.465367,43.160161],[16.461648,43.159248],[16.456912,43.160638],[16.455245,43.16371],[16.453233,43.161912],[16.448756,43.161644],[16.441363,43.164227],[16.441871,43.165784],[16.445153,43.166876],[16.442507,43.167907],[16.443184,43.1689],[16.441083,43.170027],[16.440552,43.17257],[16.438065,43.170182],[16.435405,43.170463],[16.434207,43.171911],[16.432795,43.170587],[16.429947,43.173272],[16.427857,43.172347],[16.426257,43.173164],[16.428207,43.174381],[16.421334,43.176712],[16.424137,43.177359],[16.423394,43.178018],[16.424614,43.179282],[16.418472,43.177709],[16.416405,43.179481],[16.415453,43.17855],[16.409359,43.180441],[16.409079,43.182682],[16.410417,43.184382],[16.404596,43.184402],[16.406873,43.182873],[16.406402,43.181733],[16.398405,43.185307],[16.378225,43.188001],[16.376228,43.190026],[16.372519,43.189759],[16.372405,43.192865],[16.374088,43.193837],[16.368868,43.192449],[16.366319,43.195117],[16.367468,43.196395],[16.373748,43.195623],[16.378816,43.198586],[16.381781,43.198113],[16.383527,43.195053],[16.384934,43.197356],[16.388097,43.196547],[16.387814,43.197968],[16.391996,43.197957],[16.394419,43.195767],[16.396617,43.196198],[16.397196,43.192417],[16.396171,43.191208],[16.398843,43.191061],[16.398793,43.193802],[16.400805,43.19452],[16.406138,43.191488],[16.406893,43.192887],[16.408567,43.192854],[16.417258,43.188381],[16.4184,43.189292],[16.414491,43.193403],[16.413092,43.19805],[16.417386,43.195731],[16.41753,43.192795],[16.421429,43.192506],[16.420695,43.196055],[16.423946,43.19579],[16.425376,43.198792],[16.427701,43.19709],[16.426856,43.194665],[16.427949,43.192673],[16.42739,43.18998],[16.428359,43.18989],[16.42968,43.194393],[16.430954,43.193901],[16.430752,43.192167],[16.435075,43.191336],[16.433897,43.195727],[16.430902,43.196611],[16.42983,43.199451],[16.43062,43.200334],[16.436216,43.19756],[16.439176,43.19421],[16.439122,43.196961],[16.440693,43.197613],[16.437979,43.200256],[16.43918,43.20253],[16.441267,43.202153],[16.443044,43.198895],[16.444419,43.20127],[16.448149,43.197598],[16.447797,43.201291],[16.450105,43.201546],[16.44856,43.203077],[16.449799,43.205308],[16.457347,43.201548],[16.456069,43.20506],[16.453736,43.207029],[16.454352,43.207969],[16.456656,43.208249],[16.459545,43.206724],[16.460138,43.207549],[16.462841,43.205955],[16.464617,43.208263],[16.468149,43.203419],[16.469191,43.203841],[16.468183,43.207105],[16.469399,43.209947],[16.472533,43.207571],[16.474443,43.207901],[16.473609,43.209732],[16.476024,43.209829],[16.479947,43.208998],[16.482314,43.206854],[16.483877,43.208479],[16.487268,43.20861],[16.488727,43.206657],[16.489926,43.208461],[16.491901,43.208302],[16.493564,43.206465],[16.494769,43.207737],[16.499107,43.207855],[16.499582,43.204107],[16.500798,43.203817],[16.504558,43.207548],[16.508265,43.206857],[16.508942,43.204938],[16.510939,43.205804],[16.511847,43.204098],[16.514843,43.203626],[16.515651,43.205568],[16.519991,43.204641],[16.521608,43.201762],[16.523233,43.203746],[16.526812,43.203029],[16.527592,43.200669],[16.526688,43.199668],[16.530113,43.198636],[16.530935,43.200726],[16.535537,43.19475],[16.539168,43.193485],[16.539686,43.189636],[16.545906,43.188762],[16.55029,43.184477],[16.553612,43.185405],[16.558377,43.184452],[16.567767,43.177194],[16.57067,43.180933],[16.575862,43.180432],[16.575083,43.182193],[16.57981,43.180454],[16.584456,43.183012],[16.585741,43.182582],[16.586266,43.184012],[16.598809,43.184327],[16.59691,43.185562],[16.596303,43.184792],[16.589804,43.186153],[16.58726,43.185207],[16.58413,43.186744],[16.58423,43.188616],[16.581054,43.189228],[16.580539,43.19042],[16.57505,43.189622],[16.575698,43.194196],[16.573168,43.194093],[16.56944,43.197484],[16.574895,43.201695],[16.573708,43.202461],[16.56943,43.19995],[16.566111,43.200457],[16.564943,43.202044],[16.563816,43.200995],[16.562288,43.201767],[16.564122,43.204331],[16.560041,43.203414],[16.562004,43.204868],[16.559719,43.205668],[16.561486,43.2075],[16.558874,43.20721],[16.556933,43.208943],[16.558877,43.209954],[16.555691,43.210614],[16.557932,43.212998],[16.561502,43.213649],[16.557001,43.215994],[16.558971,43.217526],[16.557206,43.217667],[16.557756,43.219739],[16.555528,43.219969],[16.555238,43.218117],[16.553237,43.216847],[16.552951,43.219493],[16.550131,43.219492],[16.550255,43.21549],[16.546685,43.216281],[16.54816,43.21337],[16.542762,43.214027],[16.540143,43.215859],[16.540576,43.213703],[16.538709,43.213906],[16.539974,43.211405],[16.53909,43.210466],[16.536654,43.211932],[16.536034,43.214842],[16.533328,43.214082],[16.519263,43.224694],[16.521483,43.22673],[16.523457,43.225061],[16.52393,43.227615],[16.529245,43.230052],[16.530396,43.228796],[16.529737,43.227835],[16.535414,43.22306],[16.534214,43.226752],[16.537262,43.22794],[16.538761,43.225939],[16.539901,43.22635],[16.54039,43.224459],[16.542539,43.228128],[16.545802,43.225107],[16.545505,43.224123],[16.54744,43.22482],[16.54921,43.223134],[16.551027,43.224051],[16.549541,43.224893],[16.550867,43.225465],[16.547033,43.227141],[16.547559,43.228619],[16.545847,43.230774],[16.548228,43.230867],[16.54527,43.233138],[16.549317,43.23344],[16.552225,43.231013],[16.551412,43.232791],[16.553356,43.234621],[16.55918,43.231869],[16.558017,43.235078],[16.559696,43.234417],[16.561137,43.235655],[16.563138,43.23083],[16.56458,43.232574],[16.565933,43.228972],[16.567637,43.230411],[16.566915,43.23316],[16.568671,43.234881],[16.568535,43.23255],[16.57073,43.233766],[16.570745,43.231518],[16.573607,43.233024],[16.57409,43.232052],[16.571418,43.230526],[16.57306,43.23046],[16.57408,43.22885],[16.570075,43.228019],[16.574049,43.226899],[16.573334,43.224284],[16.572027,43.2239],[16.571208,43.225406],[16.569546,43.22397],[16.569856,43.222209],[16.56686,43.220814],[16.568128,43.21983],[16.566491,43.218447],[16.571125,43.217526],[16.571975,43.215979],[16.570728,43.214279],[16.568067,43.214042],[16.569946,43.212079],[16.57569,43.213975],[16.576516,43.213053],[16.57916,43.214291],[16.582366,43.213665],[16.582517,43.211709],[16.580374,43.210749],[16.580382,43.208571],[16.578289,43.20863],[16.580594,43.206737],[16.580048,43.204952],[16.583869,43.20601],[16.582581,43.208086],[16.585995,43.208064],[16.585638,43.209671],[16.587662,43.212022],[16.590526,43.211139],[16.590935,43.213615],[16.605222,43.21752],[16.606095,43.220616],[16.60942,43.216967],[16.608491,43.214935],[16.609723,43.2147],[16.609196,43.213261],[16.613069,43.214343],[16.613188,43.211612],[16.615474,43.212618],[16.615737,43.211037],[16.618029,43.211302],[16.618977,43.214037],[16.622432,43.211257],[16.625409,43.212825],[16.631282,43.211809],[16.632043,43.213984],[16.633594,43.214261],[16.640163,43.212158],[16.637979,43.214792],[16.637945,43.216943],[16.642825,43.218978],[16.644239,43.21573],[16.643392,43.213044],[16.644563,43.211985],[16.646841,43.216146],[16.649169,43.21597],[16.650306,43.218527],[16.650921,43.216399],[16.65262,43.217736],[16.654188,43.216668],[16.653587,43.212751],[16.655276,43.212498],[16.657993,43.215579],[16.657018,43.212983],[16.662036,43.213937],[16.663803,43.212973],[16.663246,43.210594],[16.667011,43.212417],[16.669214,43.207699],[16.666138,43.205815],[16.665695,43.202372],[16.661689,43.201689],[16.66494,43.200904],[16.664675,43.200116],[16.660075,43.199427],[16.66386,43.198233],[16.663116,43.196407],[16.668646,43.198768],[16.669144,43.197885],[16.667515,43.196423],[16.670321,43.196929],[16.677158,43.19323],[16.672832,43.188976],[16.681351,43.191112],[16.681114,43.18854],[16.683162,43.187968],[16.682193,43.186121],[16.683828,43.185848],[16.684169,43.183965],[16.689825,43.182317],[16.693476,43.183841],[16.699906,43.179161],[16.697892,43.177657],[16.690461,43.180833],[16.688355,43.177828],[16.685983,43.177286],[16.67965,43.180045],[16.67512,43.180042],[16.672752,43.181835],[16.669622,43.182344],[16.66739,43.181741],[16.672479,43.181432],[16.674859,43.178829],[16.679212,43.178586],[16.684618,43.174256],[16.683509,43.172403],[16.68707,43.17338],[16.694647,43.170677],[16.696055,43.169468],[16.69486,43.1681],[16.697652,43.167305],[16.697838,43.166013],[16.696226,43.162996],[16.692957,43.163014],[16.692641,43.161642],[16.697874,43.161924],[16.701776,43.164037],[16.702705,43.166593],[16.706013,43.164775],[16.703469,43.163445],[16.703346,43.16142],[16.708969,43.162524],[16.71087,43.161507],[16.710822,43.159315],[16.712476,43.158768],[16.714154,43.161405],[16.716086,43.159473],[16.719195,43.159145],[16.71967,43.15661],[16.721633,43.157888],[16.724962,43.155995],[16.725576,43.15837],[16.729621,43.159586],[16.730985,43.158846],[16.732034,43.160096],[16.742736,43.160341],[16.748007,43.164317],[16.749074,43.163657],[16.747661,43.158468],[16.749083,43.158477],[16.750982,43.161719],[16.754277,43.162244],[16.755374,43.1612],[16.757154,43.164334],[16.759895,43.161226],[16.775267,43.160459],[16.776619,43.159218],[16.775833,43.157427],[16.77767,43.157903],[16.778621,43.156783],[16.778942,43.159161],[16.780832,43.160549],[16.788746,43.159546],[16.791095,43.158123],[16.792415,43.159253],[16.811497,43.158299],[16.813769,43.155985],[16.813919,43.158795],[16.816709,43.159226],[16.818786,43.161262],[16.823168,43.161573],[16.825959,43.159195],[16.827204,43.161125],[16.837694,43.160224],[16.841307,43.158738],[16.839511,43.156956],[16.840128,43.155125],[16.842128,43.15678],[16.852725,43.15819],[16.863717,43.156112],[16.864824,43.156945],[16.862072,43.159603],[16.862511,43.160423],[16.867787,43.160858],[16.870599,43.159278],[16.871209,43.161045],[16.877164,43.161484],[16.878461,43.160428],[16.873306,43.156953],[16.880248,43.157849],[16.88408,43.160017],[16.883641,43.157853],[16.879904,43.155812],[16.882667,43.15583],[16.881894,43.153981],[16.884837,43.153476],[16.883745,43.152614],[16.885705,43.152143],[16.884331,43.148184],[16.885256,43.14792],[16.887245,43.150136],[16.888941,43.149442],[16.888595,43.151742],[16.894223,43.15631],[16.898815,43.154354],[16.894847,43.152133],[16.898424,43.150795],[16.902441,43.152261],[16.908664,43.1517],[16.910176,43.153235],[16.91293,43.151973],[16.91492,43.152564],[16.917566,43.150548],[16.918397,43.152706],[16.921031,43.15325],[16.923654,43.151472],[16.926847,43.152742],[16.946778,43.151434],[16.958403,43.151999],[16.98945,43.147689],[16.992364,43.145548],[17.002632,43.145818],[17.005716,43.143869],[17.008392,43.144861],[17.013167,43.142502],[17.014337,43.140152],[17.021589,43.143859],[17.025891,43.142898],[17.026539,43.140002],[17.029439,43.141746],[17.033267,43.141428],[17.03387,43.138065],[17.038187,43.140943],[17.039991,43.140796],[17.041566,43.138897],[17.043777,43.140319],[17.051057,43.13993],[17.05603,43.138753],[17.058111,43.136261],[17.059513,43.138144],[17.061884,43.137989],[17.063146,43.13512],[17.067682,43.137924],[17.072589,43.136748],[17.08534,43.137789],[17.087677,43.135834],[17.088922,43.137492],[17.094232,43.137528],[17.096241,43.135898],[17.097361,43.137088],[17.101463,43.136806],[17.102182,43.134712],[17.104426,43.135472],[17.105149,43.132999],[17.108975,43.136003],[17.110734,43.134492],[17.11268,43.136111],[17.1143,43.134817],[17.115669,43.136187],[17.117741,43.135089],[17.119809,43.136056],[17.123248,43.135152],[17.131822,43.135917],[17.141999,43.136984],[17.143034,43.138002],[17.141272,43.139258],[17.145468,43.139365],[17.152561,43.137256],[17.157761,43.137528],[17.162502,43.135669],[17.180837,43.133098],[17.188245,43.130776],[17.196769,43.124799],[17.186752,43.126254],[17.187698,43.124874],[17.189437,43.124946],[17.185309,43.124498],[17.182212,43.125459],[17.181688,43.123029],[17.179096,43.122059],[17.174857,43.122579],[17.168618,43.120707],[17.167298,43.121834],[17.164886,43.119987],[17.162873,43.120916],[17.158686,43.117768],[17.151761,43.117885],[17.150377,43.120086],[17.146584,43.116652],[17.140242,43.119104],[17.140244,43.116779],[17.138706,43.115267],[17.13235,43.116568],[17.121808,43.11486],[17.12033,43.115979],[17.11505,43.113723],[17.111328,43.114334],[17.109493,43.117073],[17.107668,43.114593],[17.10176,43.11467],[17.100979,43.118319],[17.098586,43.117672],[17.096849,43.118597],[17.096817,43.114756],[17.090123,43.115185],[17.088766,43.113604],[17.086284,43.114075],[17.086013,43.115753],[17.08358,43.116846],[17.083634,43.1154],[17.081125,43.113649],[17.071513,43.113771],[17.069446,43.115248],[17.064575,43.115688],[17.065564,43.114269],[17.064399,43.113523],[17.05521,43.113194],[17.049133,43.113905],[17.049869,43.11728],[17.048733,43.118692],[17.045527,43.114132],[17.042991,43.114227],[17.042927,43.117211],[17.040979,43.119069],[17.041032,43.116012],[17.0385,43.115574],[17.037453,43.116537],[17.035852,43.114544],[17.029747,43.115176],[17.029007,43.113853],[17.02455,43.113466],[17.02198,43.116364],[17.020454,43.113441],[17.010855,43.114289],[17.007539,43.113497],[17.005059,43.114697],[17.002257,43.113433],[17.000483,43.115863],[16.997911,43.113709],[16.994474,43.116678],[16.993818,43.11448],[16.987752,43.114471],[16.983627,43.115862],[16.98062,43.118892],[16.979413,43.118652],[16.979953,43.115034],[16.974792,43.115833],[16.974249,43.114609],[16.971791,43.116265],[16.971807,43.114064],[16.969612,43.112719],[16.965872,43.114664],[16.964845,43.1128],[16.958533,43.114052],[16.954306,43.112521],[16.948336,43.114024],[16.947052,43.112481],[16.942514,43.113695],[16.940954,43.112308],[16.937509,43.114327],[16.935017,43.112154],[16.932645,43.113521],[16.932141,43.115396],[16.926844,43.113577],[16.916406,43.116541],[16.915711,43.11449],[16.913154,43.113725],[16.90921,43.114653],[16.907534,43.116384],[16.903719,43.114424],[16.901696,43.115633],[16.901692,43.117185],[16.899167,43.116077],[16.898283,43.118259],[16.896793,43.118479],[16.891837,43.115453],[16.888436,43.115763],[16.886919,43.117155],[16.883248,43.116162],[16.881755,43.118331],[16.878745,43.116399],[16.872058,43.118688],[16.870613,43.118498],[16.870246,43.117115],[16.865425,43.117293],[16.859587,43.119084],[16.856838,43.118211],[16.834617,43.120948],[16.831161,43.123019],[16.829939,43.122127],[16.823471,43.122584],[16.811857,43.125348],[16.796105,43.125454],[16.784058,43.127327],[16.731856,43.127122],[16.713117,43.12427],[16.710869,43.12512],[16.705316,43.123777],[16.700955,43.124405],[16.696753,43.123688],[16.694679,43.121955],[16.686778,43.122139],[16.682758,43.120718],[16.68022,43.12215],[16.673062,43.120783],[16.660756,43.122455],[16.658729,43.121631],[16.644064,43.126183],[16.626143,43.128729],[16.622505,43.127851],[16.615354,43.130706],[16.607392,43.131012],[16.603158,43.133434]]],[[[16.453318,43.155927],[16.452019,43.15626],[16.452297,43.157314],[16.453475,43.156964],[16.453318,43.155927]]],[[[16.432397,43.161639],[16.434847,43.159849],[16.43745,43.160583],[16.438203,43.158008],[16.434428,43.159062],[16.434284,43.156549],[16.431582,43.156508],[16.430631,43.15753],[16.432397,43.161639]]],[[[16.438764,43.166446],[16.437943,43.165457],[16.436857,43.165865],[16.438764,43.166446]]],[[[16.58672,43.265765],[16.582987,43.264431],[16.579237,43.265924],[16.575497,43.265144],[16.569714,43.266711],[16.564156,43.266428],[16.560457,43.268053],[16.550808,43.267395],[16.547407,43.268867],[16.540992,43.268707],[16.537996,43.269987],[16.535521,43.269226],[16.534969,43.271319],[16.529407,43.269976],[16.525717,43.271833],[16.526497,43.274601],[16.520091,43.273593],[16.516644,43.276347],[16.516418,43.27807],[16.514945,43.276051],[16.515796,43.273982],[16.514556,43.273666],[16.508776,43.276901],[16.508713,43.278281],[16.506511,43.278649],[16.508977,43.283191],[16.504038,43.281887],[16.501951,43.277946],[16.499948,43.277998],[16.500064,43.28005],[16.498552,43.281693],[16.501078,43.283208],[16.501288,43.286147],[16.49702,43.285164],[16.494346,43.288174],[16.497137,43.292974],[16.493173,43.292245],[16.491623,43.285064],[16.489885,43.284726],[16.488201,43.285485],[16.488268,43.288837],[16.486231,43.289625],[16.487011,43.29205],[16.48344,43.291744],[16.48337,43.296361],[16.480562,43.292887],[16.478118,43.294901],[16.475409,43.293381],[16.473402,43.294775],[16.473679,43.296761],[16.471411,43.295766],[16.4719,43.297846],[16.469284,43.296648],[16.469074,43.299522],[16.471139,43.303489],[16.465978,43.30272],[16.465761,43.308081],[16.461415,43.304576],[16.464908,43.300137],[16.463958,43.297994],[16.462711,43.297565],[16.461507,43.301599],[16.458804,43.301255],[16.459259,43.299303],[16.453848,43.298658],[16.45356,43.302724],[16.459049,43.307211],[16.456048,43.307452],[16.455939,43.309666],[16.453697,43.30932],[16.452036,43.306818],[16.451987,43.311614],[16.449453,43.308881],[16.447564,43.310679],[16.447519,43.312953],[16.445358,43.310892],[16.443657,43.311298],[16.44303,43.310448],[16.446847,43.307134],[16.446077,43.303745],[16.44323,43.304475],[16.441438,43.307504],[16.438135,43.305091],[16.433744,43.307156],[16.437267,43.313856],[16.43527,43.315865],[16.434155,43.315749],[16.433658,43.311908],[16.431491,43.311566],[16.431618,43.310155],[16.429394,43.309006],[16.428213,43.310344],[16.426418,43.309525],[16.42469,43.311353],[16.423516,43.310593],[16.423428,43.312011],[16.421261,43.312635],[16.421793,43.315172],[16.418449,43.314703],[16.416845,43.316634],[16.414132,43.317243],[16.410747,43.315408],[16.408272,43.319964],[16.412304,43.320328],[16.408818,43.325632],[16.409479,43.331175],[16.408222,43.332471],[16.409065,43.33349],[16.417755,43.331706],[16.417813,43.330292],[16.421363,43.328108],[16.419879,43.326395],[16.422159,43.325989],[16.421741,43.324942],[16.425045,43.324754],[16.42454,43.322727],[16.428234,43.324059],[16.431877,43.323025],[16.431187,43.325076],[16.432787,43.326562],[16.436212,43.325478],[16.439575,43.32735],[16.447472,43.326772],[16.44767,43.325833],[16.449346,43.325236],[16.448193,43.328599],[16.445443,43.327952],[16.440225,43.328879],[16.440472,43.330506],[16.43797,43.329088],[16.434371,43.330388],[16.43366,43.333297],[16.434928,43.335643],[16.432534,43.342553],[16.433773,43.344826],[16.439341,43.34854],[16.441302,43.347511],[16.443154,43.350175],[16.446548,43.351626],[16.45387,43.351137],[16.45371,43.353336],[16.463933,43.349622],[16.459963,43.35207],[16.463717,43.353828],[16.458698,43.353159],[16.45828,43.354493],[16.45009,43.35528],[16.444984,43.357965],[16.44454,43.360408],[16.447347,43.361063],[16.446323,43.362712],[16.449191,43.363608],[16.445419,43.364301],[16.445314,43.365268],[16.446292,43.366856],[16.44856,43.366593],[16.450558,43.368219],[16.448044,43.36821],[16.444025,43.370993],[16.441562,43.376658],[16.440794,43.373676],[16.434233,43.376021],[16.432634,43.37949],[16.433675,43.380252],[16.4321,43.381017],[16.433496,43.382773],[16.429468,43.383659],[16.431542,43.385346],[16.429224,43.38589],[16.42857,43.389254],[16.431214,43.3887],[16.43165,43.390607],[16.434669,43.392211],[16.441124,43.392528],[16.447527,43.38964],[16.451022,43.390775],[16.455198,43.389495],[16.459112,43.389938],[16.460644,43.387785],[16.462246,43.388994],[16.466952,43.388968],[16.472079,43.387006],[16.476297,43.387441],[16.478585,43.385501],[16.479524,43.386032],[16.478567,43.386596],[16.482468,43.385378],[16.504379,43.385116],[16.512291,43.38314],[16.521268,43.384163],[16.523555,43.385556],[16.529925,43.383914],[16.534779,43.385249],[16.538202,43.383573],[16.54008,43.387265],[16.548939,43.388254],[16.546571,43.386323],[16.553834,43.385088],[16.553933,43.383909],[16.555123,43.385426],[16.553904,43.385895],[16.556611,43.38561],[16.554503,43.386709],[16.556645,43.387012],[16.559575,43.384352],[16.577959,43.382488],[16.57983,43.380145],[16.583107,43.381381],[16.587189,43.379783],[16.587934,43.381137],[16.590864,43.380402],[16.593644,43.381817],[16.600556,43.381053],[16.596766,43.377122],[16.603199,43.37915],[16.605704,43.375778],[16.606794,43.377841],[16.605735,43.380548],[16.6082,43.381017],[16.615192,43.379448],[16.616352,43.37753],[16.619859,43.377468],[16.62119,43.374875],[16.624718,43.378171],[16.627115,43.376303],[16.62864,43.376897],[16.62741,43.378062],[16.630016,43.378467],[16.631245,43.376837],[16.636933,43.377046],[16.63939,43.375196],[16.643554,43.376504],[16.645439,43.375079],[16.649291,43.375363],[16.650385,43.372182],[16.652324,43.374935],[16.654027,43.375266],[16.659252,43.374154],[16.660599,43.372208],[16.663862,43.373113],[16.665795,43.369142],[16.667725,43.369309],[16.668211,43.371329],[16.66974,43.371924],[16.6742,43.371616],[16.675857,43.370146],[16.67905,43.371678],[16.681402,43.370127],[16.681799,43.366083],[16.686534,43.3694],[16.688321,43.367061],[16.690372,43.368918],[16.69376,43.368318],[16.694348,43.366075],[16.696064,43.36764],[16.697913,43.367431],[16.697808,43.366396],[16.702302,43.367129],[16.703561,43.364028],[16.704936,43.36616],[16.710503,43.3663],[16.711098,43.36517],[16.713413,43.365306],[16.713974,43.363275],[16.716076,43.364207],[16.716985,43.363034],[16.719889,43.363278],[16.720204,43.359006],[16.723788,43.363217],[16.724613,43.361468],[16.727287,43.362586],[16.727631,43.361671],[16.732048,43.362362],[16.733097,43.361185],[16.73588,43.361969],[16.737668,43.350464],[16.732321,43.347934],[16.735118,43.3469],[16.739435,43.348581],[16.743601,43.34668],[16.741436,43.349628],[16.740253,43.354779],[16.740783,43.360603],[16.742851,43.361954],[16.74628,43.360548],[16.747259,43.3586],[16.750464,43.360867],[16.754281,43.358775],[16.75517,43.360348],[16.759173,43.359444],[16.759365,43.358302],[16.761236,43.358903],[16.763505,43.357189],[16.765371,43.359066],[16.769489,43.358342],[16.770809,43.355571],[16.772951,43.358062],[16.779585,43.357659],[16.782033,43.356778],[16.780655,43.354807],[16.782416,43.35503],[16.782007,43.349063],[16.785569,43.35486],[16.786667,43.353629],[16.789885,43.35509],[16.791801,43.351944],[16.794461,43.352926],[16.795738,43.351135],[16.798292,43.354539],[16.80035,43.352253],[16.804287,43.352677],[16.804217,43.351468],[16.806378,43.350038],[16.811831,43.351908],[16.813038,43.351029],[16.811779,43.349611],[16.814892,43.349614],[16.816707,43.346991],[16.819464,43.346251],[16.816397,43.343896],[16.81089,43.343858],[16.808349,43.342495],[16.796785,43.342959],[16.797607,43.341378],[16.796349,43.340263],[16.791204,43.339784],[16.795589,43.339159],[16.796266,43.337803],[16.798276,43.338412],[16.799518,43.335256],[16.800281,43.340245],[16.80418,43.340179],[16.804869,43.339028],[16.80599,43.340045],[16.815371,43.339962],[16.815623,43.339069],[16.810767,43.335556],[16.814232,43.336154],[16.815864,43.335148],[16.820028,43.340059],[16.822852,43.340266],[16.822498,43.337746],[16.824699,43.334873],[16.826924,43.337952],[16.830903,43.335408],[16.829769,43.33047],[16.833714,43.334829],[16.837035,43.332708],[16.835038,43.337076],[16.831369,43.340826],[16.835884,43.341317],[16.839116,43.337972],[16.838815,43.342065],[16.840294,43.343024],[16.840167,43.341197],[16.843358,43.341792],[16.842726,43.340539],[16.847804,43.338075],[16.848102,43.334452],[16.852067,43.338001],[16.856384,43.335097],[16.856369,43.331398],[16.859124,43.333199],[16.866354,43.329757],[16.86648,43.326971],[16.86206,43.326824],[16.863754,43.325166],[16.870949,43.325105],[16.871661,43.326433],[16.875627,43.324023],[16.877108,43.324823],[16.878249,43.321824],[16.880388,43.322817],[16.886543,43.321386],[16.895971,43.317027],[16.89962,43.313909],[16.897827,43.310324],[16.893988,43.308649],[16.892328,43.306429],[16.888583,43.30596],[16.887202,43.308775],[16.885461,43.307618],[16.886926,43.307443],[16.88683,43.305097],[16.888939,43.304112],[16.889466,43.301522],[16.893375,43.300687],[16.894715,43.298977],[16.892858,43.298227],[16.887654,43.299323],[16.884046,43.297645],[16.88467,43.296024],[16.88056,43.295669],[16.882225,43.293494],[16.87956,43.291758],[16.879568,43.28956],[16.878053,43.289361],[16.87927,43.288412],[16.878199,43.286458],[16.879078,43.28524],[16.88196,43.285416],[16.882841,43.284042],[16.879433,43.281788],[16.87357,43.280615],[16.872859,43.28499],[16.871264,43.286731],[16.87167,43.285504],[16.869652,43.285077],[16.860567,43.288318],[16.863233,43.286232],[16.861763,43.28555],[16.865709,43.283524],[16.866627,43.281142],[16.861683,43.280537],[16.863085,43.27813],[16.857087,43.278645],[16.859602,43.275498],[16.856166,43.275733],[16.855702,43.2717],[16.851443,43.27181],[16.850899,43.270384],[16.847067,43.269724],[16.840628,43.273503],[16.841739,43.26935],[16.836599,43.268971],[16.834908,43.267659],[16.832842,43.268905],[16.831227,43.26716],[16.829431,43.267959],[16.825396,43.266705],[16.821728,43.268194],[16.819742,43.267023],[16.815383,43.267546],[16.813335,43.269131],[16.811797,43.266367],[16.80857,43.267208],[16.800877,43.266085],[16.798795,43.264221],[16.788497,43.262361],[16.784873,43.263086],[16.782477,43.261747],[16.77093,43.26306],[16.761748,43.262656],[16.760631,43.264038],[16.7569,43.262294],[16.75278,43.265018],[16.749223,43.262421],[16.74531,43.263141],[16.739429,43.262101],[16.737546,43.263392],[16.736513,43.26244],[16.733314,43.263431],[16.722318,43.26152],[16.712553,43.262276],[16.705923,43.260162],[16.70073,43.260151],[16.697872,43.258604],[16.686408,43.257844],[16.680704,43.259974],[16.672654,43.259747],[16.669416,43.261495],[16.666786,43.260222],[16.660948,43.261528],[16.65746,43.260833],[16.658396,43.261994],[16.646357,43.258124],[16.640945,43.259742],[16.638066,43.259248],[16.635856,43.258399],[16.63368,43.255378],[16.632721,43.258366],[16.627187,43.260333],[16.618964,43.260323],[16.613814,43.262644],[16.608598,43.263033],[16.601638,43.261988],[16.59369,43.264451],[16.587852,43.2639],[16.58672,43.265765]]],[[[16.692049,43.09571],[16.694983,43.098676],[16.696017,43.096973],[16.697685,43.098234],[16.696908,43.095273],[16.698861,43.095209],[16.6987,43.093213],[16.696081,43.091682],[16.70035,43.089855],[16.701099,43.093485],[16.703488,43.092539],[16.702003,43.097496],[16.706234,43.097271],[16.70746,43.095628],[16.70689,43.093098],[16.708644,43.093965],[16.709639,43.097215],[16.716384,43.095854],[16.716758,43.093914],[16.722687,43.095549],[16.723922,43.093947],[16.725441,43.095603],[16.72705,43.095267],[16.72744,43.093349],[16.730901,43.095004],[16.735126,43.091858],[16.736697,43.092672],[16.73876,43.091621],[16.740928,43.086881],[16.736955,43.083881],[16.734513,43.083965],[16.73311,43.085516],[16.731991,43.084338],[16.730497,43.086386],[16.729199,43.084532],[16.727274,43.086215],[16.726203,43.082434],[16.723952,43.084803],[16.720611,43.084906],[16.7199,43.08452],[16.721936,43.082673],[16.720942,43.080995],[16.718845,43.083134],[16.714485,43.084079],[16.7171,43.081225],[16.713831,43.079702],[16.710408,43.081102],[16.706367,43.07995],[16.704328,43.082445],[16.702048,43.081001],[16.700132,43.083474],[16.69685,43.081881],[16.69438,43.083221],[16.690678,43.082365],[16.687346,43.084372],[16.685931,43.082629],[16.683631,43.082367],[16.681625,43.084781],[16.679057,43.083092],[16.677479,43.084938],[16.675513,43.083985],[16.67119,43.085228],[16.667033,43.084833],[16.66098,43.086874],[16.661014,43.089541],[16.669381,43.090234],[16.66647,43.091627],[16.66734,43.093252],[16.67295,43.091788],[16.671424,43.095385],[16.672541,43.096839],[16.673915,43.09677],[16.674165,43.095013],[16.67615,43.095712],[16.676943,43.094597],[16.67804,43.095656],[16.680538,43.09536],[16.679264,43.097225],[16.683727,43.095906],[16.68404,43.097779],[16.685603,43.097448],[16.687494,43.099117],[16.691735,43.09859],[16.692049,43.09571]]],[[[16.69028,43.189393],[16.691957,43.191131],[16.694886,43.191566],[16.69761,43.189941],[16.69616,43.188965],[16.692419,43.190138],[16.69028,43.189393]]]]},"properties":{"id":13,"slug":"hvarska-biskupija","name":"Hvarska Biskupija","kind":"biskupija","seat":"Hvar","oib":"22098012510","area_km2":806.4,"population":27815,"settlement_count":70,"parish_count":46,"church_count":62,"method":"naselja (DGU) → biskupija sjedeće/najbliže župe, spojeno"}},{"type":"Feature","id":9,"geometry":{"type":"Polygon","coordinates":[[[17.256304,45.156606],[17.250573,45.149181],[17.245669,45.14601],[17.234125,45.147004],[17.219987,45.145893],[17.202616,45.14939],[17.190796,45.146695],[17.18295,45.146467],[17.166483,45.15065],[17.14707,45.161163],[17.126641,45.16804],[17.112103,45.176366],[17.097695,45.179727],[17.072441,45.189963],[17.068762,45.192005],[17.06662,45.19619],[17.063587,45.198796],[17.05192,45.200686],[17.042794,45.208587],[17.039056,45.224031],[17.036959,45.225829],[17.034687,45.225468],[17.026782,45.217364],[17.020104,45.213866],[17.014621,45.213125],[17.009892,45.214471],[17.007894,45.216407],[17.008521,45.219898],[17.014211,45.228295],[17.021983,45.233195],[17.022426,45.23581],[17.006988,45.238421],[17.003711,45.236352],[17.00634,45.227323],[17.002377,45.22271],[16.995987,45.221441],[16.987163,45.224038],[16.982322,45.230561],[16.985172,45.239786],[16.983946,45.243573],[16.980117,45.247606],[16.973038,45.251138],[16.966302,45.249948],[16.961392,45.243798],[16.963618,45.241265],[16.974741,45.237815],[16.977073,45.233912],[16.975565,45.228484],[16.969387,45.227286],[16.961737,45.231554],[16.957076,45.232202],[16.944754,45.227658],[16.938375,45.227372],[16.936657,45.2298],[16.935046,45.240257],[16.936084,45.244281],[16.939878,45.24761],[16.952159,45.252263],[16.954072,45.256686],[16.942835,45.262852],[16.939503,45.26694],[16.938672,45.273687],[16.933877,45.276321],[16.925615,45.276167],[16.919227,45.272827],[16.917683,45.266966],[16.913618,45.263078],[16.913032,45.256169],[16.905928,45.251042],[16.898523,45.250266],[16.895659,45.252261],[16.891695,45.258359],[16.883356,45.257447],[16.882294,45.255238],[16.891263,45.2534],[16.894591,45.249092],[16.889856,45.246168],[16.877433,45.245886],[16.871404,45.241444],[16.87246,45.239928],[16.880016,45.242918],[16.883935,45.240347],[16.880847,45.234708],[16.883375,45.228346],[16.881071,45.224679],[16.876449,45.22583],[16.876507,45.231967],[16.865611,45.232078],[16.864222,45.233234],[16.862917,45.23827],[16.86179,45.239128],[16.858088,45.237997],[16.858432,45.239493],[16.861784,45.239422],[16.860177,45.244176],[16.818435,45.222294],[16.813413,45.221354],[16.808487,45.228064],[16.803571,45.224393],[16.796768,45.224036],[16.795916,45.222082],[16.79701,45.216446],[16.798163,45.216452],[16.797969,45.21226],[16.800638,45.211759],[16.800768,45.20828],[16.798315,45.205852],[16.795152,45.205254],[16.793884,45.202846],[16.788735,45.203667],[16.787466,45.202565],[16.784872,45.205045],[16.783081,45.203834],[16.777902,45.206283],[16.772134,45.20664],[16.769856,45.20471],[16.76729,45.205508],[16.770249,45.212678],[16.770199,45.21592],[16.768409,45.217818],[16.769492,45.218522],[16.768926,45.219781],[16.757381,45.224804],[16.7625,45.231467],[16.766373,45.22902],[16.770255,45.229851],[16.770099,45.244885],[16.768285,45.24754],[16.76802,45.252875],[16.774572,45.26163],[16.768538,45.270707],[16.766717,45.277672],[16.76914,45.29326],[16.730914,45.292703],[16.731075,45.287738],[16.728028,45.287196],[16.727897,45.28948],[16.725022,45.289466],[16.725201,45.278981],[16.711809,45.278734],[16.70948,45.272431],[16.703067,45.266985],[16.696122,45.263863],[16.695327,45.264586],[16.690828,45.26176],[16.688354,45.260966],[16.687872,45.261885],[16.687233,45.258673],[16.685582,45.257141],[16.679484,45.258158],[16.674688,45.254968],[16.672555,45.250141],[16.668942,45.246465],[16.662014,45.244936],[16.652211,45.253457],[16.653593,45.256209],[16.65311,45.260587],[16.65532,45.263132],[16.65508,45.265834],[16.65261,45.26694],[16.652749,45.270297],[16.660667,45.272974],[16.659784,45.273769],[16.660931,45.275224],[16.660364,45.27648],[16.658077,45.277284],[16.657678,45.278649],[16.654943,45.276768],[16.652568,45.277139],[16.653613,45.275529],[16.651713,45.276014],[16.648867,45.274305],[16.649826,45.273502],[16.648911,45.272385],[16.64457,45.272164],[16.64205,45.267871],[16.63942,45.267201],[16.64081,45.267076],[16.639925,45.265602],[16.638521,45.265846],[16.634225,45.270385],[16.634453,45.27205],[16.636102,45.272225],[16.63567,45.278076],[16.629728,45.282682],[16.630762,45.285714],[16.634025,45.285881],[16.631117,45.28731],[16.625381,45.286217],[16.624343,45.288144],[16.625877,45.289532],[16.619136,45.288507],[16.615669,45.291116],[16.611121,45.289183],[16.605983,45.290434],[16.619692,45.296476],[16.627659,45.30258],[16.631353,45.302857],[16.632998,45.306161],[16.639744,45.312045],[16.646408,45.315734],[16.641716,45.315286],[16.634652,45.328314],[16.63357,45.328276],[16.625943,45.33849],[16.62343,45.334775],[16.621979,45.334805],[16.611807,45.339793],[16.611321,45.341409],[16.612593,45.345484],[16.618054,45.346077],[16.622148,45.341712],[16.62752,45.342948],[16.637506,45.342592],[16.642123,45.34434],[16.646506,45.340976],[16.649144,45.342596],[16.639279,45.363791],[16.651472,45.367621],[16.650557,45.369654],[16.647348,45.370962],[16.647644,45.372827],[16.644765,45.376587],[16.6474,45.379237],[16.654265,45.382181],[16.650698,45.385872],[16.646836,45.387357],[16.653388,45.388128],[16.658148,45.386556],[16.665911,45.388616],[16.662158,45.391398],[16.668913,45.397276],[16.665302,45.399982],[16.674392,45.404097],[16.693886,45.406521],[16.698852,45.41324],[16.703824,45.416046],[16.707534,45.41235],[16.712938,45.414487],[16.714179,45.412115],[16.719072,45.410623],[16.721213,45.411267],[16.721925,45.414234],[16.72371,45.41424],[16.724496,45.415695],[16.728166,45.416587],[16.730569,45.415426],[16.734395,45.418565],[16.738851,45.413773],[16.742521,45.415105],[16.746686,45.414164],[16.749133,45.409414],[16.747933,45.40733],[16.745478,45.407708],[16.743891,45.404889],[16.749056,45.403886],[16.748361,45.401802],[16.753286,45.395245],[16.760628,45.391906],[16.764622,45.394497],[16.763286,45.397511],[16.767418,45.400292],[16.767188,45.401495],[16.772663,45.402203],[16.773792,45.400711],[16.780447,45.402659],[16.784522,45.401361],[16.784717,45.402599],[16.796732,45.408974],[16.798801,45.41205],[16.802004,45.413439],[16.806257,45.42014],[16.811306,45.424196],[16.819856,45.42715],[16.82197,45.42545],[16.828601,45.429274],[16.832487,45.429422],[16.834401,45.427922],[16.836117,45.421477],[16.843105,45.419941],[16.844507,45.422651],[16.851503,45.426025],[16.852555,45.425309],[16.855438,45.426592],[16.856473,45.428054],[16.858591,45.427933],[16.860572,45.429624],[16.860411,45.431103],[16.863398,45.432353],[16.866934,45.431963],[16.867038,45.43605],[16.86888,45.437017],[16.871901,45.435445],[16.873657,45.436242],[16.875198,45.434896],[16.880918,45.434581],[16.880275,45.442287],[16.87311,45.447859],[16.868953,45.450161],[16.86399,45.451113],[16.860244,45.450245],[16.85905,45.451309],[16.859627,45.454103],[16.858106,45.454467],[16.857997,45.455844],[16.859613,45.456774],[16.856344,45.457838],[16.860039,45.461406],[16.861807,45.466887],[16.858475,45.468825],[16.857072,45.468365],[16.855234,45.470255],[16.856449,45.471371],[16.855227,45.47267],[16.858202,45.47297],[16.858086,45.473898],[16.861125,45.475047],[16.864058,45.470131],[16.872921,45.463196],[16.882603,45.475759],[16.8845,45.481469],[16.883061,45.484618],[16.88518,45.485171],[16.891557,45.483376],[16.89424,45.480772],[16.899209,45.480605],[16.90472,45.477192],[16.908643,45.476558],[16.909958,45.471758],[16.909411,45.467242],[16.911274,45.468733],[16.911526,45.467191],[16.914134,45.46782],[16.915726,45.466652],[16.916809,45.467919],[16.918309,45.467612],[16.918556,45.466262],[16.922776,45.466593],[16.923958,45.469447],[16.926718,45.468227],[16.926503,45.470077],[16.92965,45.468146],[16.929775,45.469979],[16.931988,45.471215],[16.92767,45.471373],[16.929476,45.473325],[16.925272,45.474315],[16.928288,45.475346],[16.924785,45.475968],[16.92909,45.478526],[16.929377,45.480991],[16.931235,45.482835],[16.934502,45.483443],[16.933127,45.484807],[16.935521,45.487183],[16.934308,45.48919],[16.932169,45.489511],[16.933516,45.490503],[16.931527,45.491287],[16.931737,45.49328],[16.941081,45.491348],[16.943833,45.492672],[16.949527,45.491317],[16.953133,45.498351],[16.956226,45.511429],[16.971882,45.525219],[16.970401,45.527914],[16.961565,45.532566],[16.961124,45.539165],[16.95996,45.540183],[16.962906,45.541942],[16.96281,45.543327],[16.955108,45.545969],[16.957194,45.548177],[16.955209,45.551802],[16.957545,45.552243],[16.957036,45.553924],[16.954552,45.554121],[16.953679,45.557447],[16.954957,45.5579],[16.952779,45.560207],[16.956078,45.566214],[16.959651,45.566463],[16.963927,45.564027],[16.966061,45.561066],[16.968855,45.560814],[16.968508,45.563801],[16.970829,45.568914],[16.973659,45.569522],[16.977463,45.567299],[16.980904,45.567204],[16.98663,45.569446],[16.994093,45.569747],[16.993393,45.570811],[16.995501,45.571786],[17.004281,45.572349],[17.004944,45.574154],[17.006736,45.574163],[17.00642,45.575019],[17.009385,45.577202],[17.033869,45.575459],[17.035544,45.594835],[17.031609,45.596183],[17.03273,45.5982],[17.031214,45.599576],[17.033477,45.600363],[17.034563,45.611069],[17.030654,45.611614],[17.031469,45.614444],[17.040007,45.618048],[17.039494,45.622979],[17.041626,45.626775],[17.043218,45.627397],[17.053708,45.626596],[17.056257,45.619882],[17.054008,45.615815],[17.05773,45.616261],[17.056146,45.618039],[17.059635,45.617797],[17.056814,45.618892],[17.059577,45.619586],[17.059394,45.621656],[17.06116,45.6211],[17.061077,45.622511],[17.068145,45.618257],[17.076022,45.618551],[17.078332,45.612072],[17.090999,45.609991],[17.091234,45.611818],[17.089864,45.613288],[17.100499,45.619493],[17.102404,45.618728],[17.105739,45.621629],[17.11031,45.623138],[17.103543,45.62686],[17.10364,45.6309],[17.097778,45.632122],[17.097156,45.635314],[17.09442,45.637404],[17.08922,45.638378],[17.086703,45.636887],[17.083979,45.637687],[17.084159,45.639998],[17.088789,45.641421],[17.087672,45.643864],[17.085656,45.644397],[17.087306,45.647271],[17.092454,45.64758],[17.09287,45.649315],[17.09669,45.649598],[17.096174,45.65119],[17.098538,45.652825],[17.103395,45.652757],[17.105693,45.654624],[17.105504,45.656573],[17.110736,45.657014],[17.111279,45.659083],[17.11643,45.660981],[17.116481,45.663502],[17.11921,45.665331],[17.131795,45.667621],[17.135801,45.666405],[17.138671,45.667794],[17.144399,45.667757],[17.145617,45.670141],[17.157786,45.672816],[17.171419,45.670259],[17.175117,45.670906],[17.177292,45.66886],[17.184662,45.669892],[17.190347,45.667798],[17.192184,45.657552],[17.191658,45.654725],[17.195897,45.651929],[17.201256,45.65321],[17.204057,45.65143],[17.205357,45.651889],[17.206458,45.649498],[17.208326,45.650157],[17.209019,45.64714],[17.211319,45.647113],[17.210189,45.64663],[17.212455,45.643312],[17.212125,45.6401],[17.21608,45.641164],[17.218778,45.63871],[17.229514,45.639614],[17.233705,45.638412],[17.241328,45.64112],[17.244574,45.638646],[17.25574,45.63423],[17.265918,45.63634],[17.274608,45.624822],[17.278867,45.629537],[17.276571,45.633611],[17.278104,45.636117],[17.275749,45.643162],[17.280276,45.646645],[17.279801,45.645476],[17.282304,45.642907],[17.283567,45.637853],[17.286969,45.638105],[17.287509,45.637103],[17.290871,45.63815],[17.296149,45.634472],[17.2972,45.631201],[17.299356,45.629681],[17.299703,45.62567],[17.302004,45.62465],[17.304156,45.625552],[17.304215,45.62377],[17.30751,45.621046],[17.306523,45.617052],[17.311244,45.617064],[17.314624,45.6149],[17.317363,45.615185],[17.320708,45.618947],[17.32226,45.615265],[17.32505,45.615446],[17.329935,45.618427],[17.330234,45.623546],[17.326804,45.628994],[17.328916,45.629583],[17.328655,45.637812],[17.319528,45.634903],[17.30592,45.636496],[17.306658,45.640308],[17.308404,45.641702],[17.305741,45.643898],[17.302615,45.643617],[17.302644,45.645645],[17.311807,45.646526],[17.315007,45.645196],[17.318137,45.645675],[17.324071,45.651778],[17.326263,45.651776],[17.330603,45.655409],[17.331407,45.661708],[17.33508,45.664643],[17.332389,45.673081],[17.337699,45.673416],[17.33984,45.675041],[17.344166,45.674953],[17.345863,45.673732],[17.347574,45.679935],[17.349988,45.681675],[17.344956,45.683018],[17.340973,45.685829],[17.340378,45.688527],[17.3347,45.68994],[17.33417,45.691142],[17.338445,45.691581],[17.343909,45.694708],[17.345722,45.693338],[17.348542,45.694288],[17.345074,45.70479],[17.345133,45.708677],[17.353981,45.710611],[17.353155,45.713819],[17.356019,45.719647],[17.349047,45.721628],[17.349415,45.723052],[17.358809,45.735528],[17.36405,45.7391],[17.366509,45.745709],[17.36526,45.748828],[17.365876,45.753552],[17.362576,45.75422],[17.362496,45.756648],[17.359466,45.757365],[17.360188,45.760444],[17.354024,45.759602],[17.353286,45.762753],[17.349084,45.765376],[17.346308,45.763604],[17.340525,45.763031],[17.339957,45.760851],[17.343118,45.759713],[17.341067,45.756278],[17.337159,45.755756],[17.339536,45.750332],[17.338691,45.748487],[17.331058,45.7461],[17.329064,45.748154],[17.323471,45.747711],[17.319645,45.74895],[17.317364,45.754479],[17.319068,45.757227],[17.308048,45.754506],[17.308727,45.752096],[17.307468,45.750755],[17.312073,45.74954],[17.312568,45.748656],[17.311228,45.747573],[17.312954,45.747791],[17.306368,45.739818],[17.30425,45.739478],[17.303852,45.737799],[17.300983,45.736036],[17.298923,45.733042],[17.299134,45.730672],[17.292066,45.728581],[17.292295,45.727289],[17.290911,45.729278],[17.292965,45.732095],[17.281531,45.739509],[17.274995,45.740325],[17.268948,45.744823],[17.269711,45.746404],[17.261764,45.746254],[17.264657,45.751191],[17.269353,45.753039],[17.270157,45.754611],[17.273268,45.754643],[17.271206,45.756974],[17.272554,45.760146],[17.270825,45.760616],[17.271051,45.761675],[17.27584,45.765439],[17.279808,45.765946],[17.280124,45.767304],[17.276276,45.766656],[17.272025,45.773526],[17.273892,45.776582],[17.276907,45.778188],[17.275605,45.779687],[17.278839,45.782425],[17.27918,45.784209],[17.277439,45.784546],[17.27626,45.787224],[17.27921,45.791424],[17.276663,45.794008],[17.280309,45.79821],[17.278559,45.80014],[17.280537,45.808849],[17.276627,45.81062],[17.273424,45.809089],[17.263951,45.810364],[17.25418,45.814259],[17.250897,45.812342],[17.246146,45.814015],[17.248653,45.802353],[17.243736,45.796221],[17.244037,45.790683],[17.239492,45.79116],[17.238467,45.788707],[17.234091,45.786265],[17.23492,45.796209],[17.236216,45.797045],[17.23245,45.797201],[17.226189,45.802766],[17.219118,45.804608],[17.218134,45.806449],[17.216184,45.801347],[17.217111,45.800626],[17.216602,45.79739],[17.215163,45.795874],[17.210583,45.79757],[17.20685,45.793797],[17.202354,45.797715],[17.200272,45.795845],[17.194351,45.79329],[17.193151,45.794052],[17.183301,45.78903],[17.179608,45.790246],[17.178494,45.792111],[17.179166,45.794084],[17.17756,45.795378],[17.178627,45.796799],[17.176532,45.798688],[17.175333,45.802897],[17.177634,45.802822],[17.178381,45.805587],[17.173687,45.806493],[17.175546,45.811586],[17.177823,45.811811],[17.17897,45.814234],[17.175792,45.815347],[17.171702,45.813762],[17.172033,45.815246],[17.175025,45.8158],[17.17465,45.818211],[17.176817,45.818451],[17.176525,45.820411],[17.179548,45.821488],[17.178843,45.823835],[17.180622,45.825262],[17.191087,45.826476],[17.190993,45.827749],[17.194522,45.827004],[17.202675,45.828276],[17.202742,45.830341],[17.204824,45.831258],[17.2068,45.830414],[17.208515,45.833105],[17.207624,45.836714],[17.205515,45.837277],[17.20015,45.835644],[17.198404,45.840322],[17.195284,45.840896],[17.193042,45.844867],[17.194462,45.848714],[17.19148,45.85122],[17.187873,45.859588],[17.184929,45.861918],[17.180159,45.860473],[17.171847,45.860969],[17.17061,45.866949],[17.166975,45.870041],[17.167776,45.871835],[17.158999,45.87146],[17.161361,45.876062],[17.156543,45.877324],[17.157405,45.88045],[17.154294,45.882319],[17.156132,45.884112],[17.151789,45.889321],[17.15008,45.887734],[17.149464,45.883044],[17.146009,45.8826],[17.143219,45.880624],[17.142451,45.881527],[17.143826,45.883324],[17.148467,45.884663],[17.150035,45.890581],[17.153766,45.894399],[17.158419,45.893675],[17.160089,45.897447],[17.154246,45.901001],[17.15853,45.908042],[17.153783,45.908316],[17.164324,45.924036],[17.170201,45.923152],[17.169861,45.926004],[17.178957,45.924316],[17.182939,45.926574],[17.184326,45.92972],[17.188356,45.931583],[17.190028,45.931101],[17.188714,45.92933],[17.191374,45.928932],[17.195765,45.937438],[17.203415,45.936589],[17.207859,45.933745],[17.208214,45.934784],[17.215441,45.933136],[17.215361,45.932211],[17.221972,45.931705],[17.222512,45.925903],[17.231561,45.922162],[17.231592,45.916675],[17.23607,45.912999],[17.254281,45.918226],[17.26536,45.919042],[17.272357,45.921189],[17.273424,45.924997],[17.283334,45.936486],[17.288401,45.939248],[17.290327,45.942574],[17.29982,45.944951],[17.305863,45.949648],[17.304138,45.951144],[17.304748,45.952271],[17.309385,45.952951],[17.310503,45.95512],[17.31255,45.955964],[17.311256,45.957647],[17.312665,45.958426],[17.307492,45.961877],[17.308736,45.963611],[17.313211,45.966345],[17.323913,45.966751],[17.330506,45.970692],[17.335992,45.978018],[17.337329,45.982782],[17.334809,45.985424],[17.328112,45.988908],[17.327365,45.990759],[17.328963,45.993675],[17.331774,45.995427],[17.33625,45.996055],[17.339955,45.994653],[17.341889,45.991465],[17.343011,45.983839],[17.348629,45.977365],[17.352927,45.97469],[17.356962,45.974883],[17.360239,45.977181],[17.361307,45.988047],[17.363027,45.990928],[17.366437,45.991923],[17.37195,45.990848],[17.374351,45.988252],[17.374334,45.983605],[17.367217,45.97528],[17.368086,45.973724],[17.375728,45.970138],[17.373387,45.96803],[17.365782,45.969524],[17.362052,45.968846],[17.359648,45.967013],[17.359408,45.963839],[17.363077,45.961269],[17.370627,45.960973],[17.378045,45.962128],[17.382932,45.965179],[17.386328,45.965685],[17.391196,45.962657],[17.390142,45.958632],[17.386312,45.956515],[17.373902,45.956979],[17.364162,45.959164],[17.359941,45.958576],[17.357172,45.956674],[17.355997,45.953876],[17.352657,45.952515],[17.349516,45.954736],[17.350006,45.959552],[17.345751,45.960887],[17.343224,45.960163],[17.341775,45.958551],[17.342386,45.955193],[17.339489,45.955339],[17.342119,45.947884],[17.344383,45.944173],[17.347081,45.942698],[17.35472,45.940964],[17.373329,45.947712],[17.379787,45.948379],[17.387133,45.945042],[17.387609,45.941437],[17.385131,45.937379],[17.3887,45.932292],[17.39613,45.931099],[17.410932,45.940127],[17.412155,45.935856],[17.40983,45.932855],[17.412276,45.930244],[17.426244,45.927149],[17.435344,45.928789],[17.437269,45.930947],[17.437373,45.932541],[17.433802,45.93704],[17.427427,45.942277],[17.427985,45.946912],[17.435394,45.950258],[17.450216,45.949591],[17.474089,45.942552],[17.514926,45.939578],[17.529491,45.933742],[17.556691,45.938232],[17.569462,45.936038],[17.575658,45.933402],[17.590969,45.923115],[17.599714,45.915402],[17.614919,45.909548],[17.626727,45.898702],[17.634124,45.889164],[17.638942,45.879209],[17.647998,45.865397],[17.648727,45.854726],[17.651029,45.849221],[17.660565,45.839392],[17.672197,45.834752],[17.687882,45.838808],[17.701231,45.83652],[17.706315,45.831864],[17.714155,45.832163],[17.721952,45.830186],[17.732273,45.83047],[17.740297,45.829261],[17.746446,45.826448],[17.748973,45.822283],[17.759209,45.811936],[17.762825,45.811836],[17.770576,45.81673],[17.781628,45.817042],[17.786444,45.815606],[17.790709,45.811205],[17.800194,45.805976],[17.80928,45.803794],[17.815032,45.804833],[17.817155,45.808244],[17.820247,45.809948],[17.824415,45.810005],[17.827531,45.808822],[17.830841,45.80432],[17.832897,45.791696],[17.841668,45.78515],[17.851626,45.783337],[17.853295,45.780616],[17.852482,45.775755],[17.855947,45.770201],[17.861378,45.767396],[17.864947,45.766753],[17.868481,45.767924],[17.870692,45.774544],[17.873869,45.777766],[17.90157,45.79158],[17.906194,45.792191],[17.928072,45.785962],[17.934442,45.786934],[17.949101,45.792291],[17.954342,45.792657],[17.969471,45.788868],[17.976569,45.789692],[17.989092,45.795045],[17.996299,45.795218],[18.003374,45.792796],[18.01477,45.782917],[18.026558,45.777403],[18.024937,45.775905],[18.024517,45.769611],[18.014296,45.769517],[18.010251,45.771714],[17.994064,45.767599],[18.001656,45.756535],[18.000064,45.756113],[17.999947,45.751021],[17.99355,45.751114],[17.993328,45.743238],[17.987777,45.743309],[17.987643,45.736773],[17.980321,45.736853],[17.979935,45.722631],[17.98408,45.723139],[17.989925,45.721754],[17.992449,45.722621],[17.999866,45.720468],[17.999287,45.71889],[18.007785,45.68378],[18.001671,45.681693],[18.013333,45.668682],[18.09392,45.667871],[18.09416,45.676203],[18.099023,45.678695],[18.104231,45.674055],[18.108605,45.678737],[18.119289,45.674795],[18.123419,45.680578],[18.139405,45.675021],[18.142946,45.679149],[18.15681,45.6735],[18.160538,45.665472],[18.154707,45.658595],[18.152895,45.633083],[18.149463,45.633009],[18.150068,45.630603],[18.147402,45.628934],[18.148204,45.626356],[18.142006,45.612703],[18.146467,45.611363],[18.155423,45.611641],[18.162683,45.614392],[18.164638,45.61676],[18.169334,45.616432],[18.170221,45.610146],[18.173353,45.610962],[18.177852,45.608127],[18.17404,45.603323],[18.174348,45.602104],[18.181688,45.602167],[18.192805,45.595819],[18.200237,45.594656],[18.211393,45.588448],[18.216278,45.581814],[18.213115,45.579576],[18.216236,45.577605],[18.214826,45.573949],[18.215045,45.56951],[18.208645,45.558149],[18.203652,45.557537],[18.193294,45.560953],[18.187804,45.560378],[18.192189,45.556433],[18.19103,45.551317],[18.186708,45.549668],[18.189158,45.53756],[18.178558,45.535786],[18.171257,45.528448],[18.172015,45.526253],[18.179307,45.5238],[18.176481,45.519235],[18.192972,45.514154],[18.193947,45.515574],[18.200978,45.518304],[18.207205,45.515914],[18.205112,45.504757],[18.237167,45.49957],[18.239969,45.506288],[18.256695,45.503215],[18.254516,45.497762],[18.286595,45.491521],[18.2865,45.487203],[18.281072,45.478503],[18.280453,45.47283],[18.273912,45.458782],[18.274944,45.450646],[18.266029,45.446966],[18.2641,45.444287],[18.262985,45.438622],[18.25186,45.436296],[18.254848,45.432285],[18.2648,45.429474],[18.267579,45.425325],[18.266544,45.419358],[18.262393,45.414514],[18.263138,45.412569],[18.2487,45.412257],[18.248537,45.413594],[18.244798,45.41396],[18.243745,45.416323],[18.240268,45.414628],[18.234683,45.417967],[18.232085,45.416947],[18.227017,45.418154],[18.223868,45.416631],[18.221215,45.417828],[18.217424,45.412333],[18.213358,45.401164],[18.2057,45.399559],[18.203298,45.395622],[18.197972,45.39214],[18.203187,45.389656],[18.200353,45.386448],[18.201182,45.382659],[18.198688,45.377768],[18.202741,45.375862],[18.200954,45.372428],[18.200916,45.368846],[18.196528,45.366253],[18.196471,45.360845],[18.198579,45.354102],[18.195515,45.350382],[18.173246,45.346332],[18.167097,45.346953],[18.159589,45.345435],[18.153647,45.34709],[18.145445,45.343411],[18.140652,45.345514],[18.129226,45.343413],[18.132436,45.340907],[18.130852,45.334781],[18.12779,45.329322],[18.122187,45.328015],[18.1129,45.321968],[18.114281,45.317099],[18.111222,45.311667],[18.112513,45.307318],[18.114592,45.305189],[18.113177,45.303467],[18.113711,45.29755],[18.107142,45.297863],[18.099398,45.295049],[18.097354,45.289642],[18.093783,45.286357],[18.094128,45.285073],[18.092028,45.282586],[18.089983,45.281211],[18.08754,45.281682],[18.083261,45.279089],[18.080542,45.274391],[18.077356,45.272262],[18.076631,45.269319],[18.072255,45.265696],[18.062004,45.269406],[18.052078,45.270567],[18.039335,45.275949],[18.028509,45.278897],[17.988475,45.284745],[17.970354,45.287149],[17.96279,45.285825],[17.942596,45.288416],[17.932833,45.288653],[17.924876,45.287183],[17.914927,45.288415],[17.885792,45.284524],[17.883894,45.281634],[17.883853,45.275918],[17.874457,45.266099],[17.87457,45.259767],[17.87349,45.258004],[17.870665,45.260934],[17.864775,45.263356],[17.855951,45.256266],[17.852181,45.254211],[17.843036,45.252626],[17.842408,45.250687],[17.840186,45.249784],[17.836167,45.25027],[17.833057,45.25388],[17.830311,45.25259],[17.832939,45.251025],[17.833107,45.24852],[17.835433,45.245794],[17.834598,45.244212],[17.835979,45.239398],[17.835378,45.236287],[17.83938,45.235825],[17.842315,45.230789],[17.838224,45.229253],[17.839981,45.226981],[17.839788,45.223284],[17.836886,45.221971],[17.83627,45.219112],[17.832974,45.217151],[17.833495,45.215014],[17.829927,45.213949],[17.830237,45.212577],[17.827121,45.217475],[17.825589,45.215888],[17.826681,45.21247],[17.824339,45.209848],[17.822451,45.211214],[17.823749,45.209701],[17.818897,45.206829],[17.826647,45.206932],[17.830897,45.203171],[17.82928,45.201317],[17.831792,45.202191],[17.832657,45.200182],[17.835654,45.200101],[17.843295,45.194772],[17.845127,45.194684],[17.849529,45.19056],[17.854959,45.188312],[17.858092,45.188047],[17.85684,45.18916],[17.863197,45.187919],[17.87684,45.188129],[17.875898,45.184142],[17.87431,45.18262],[17.869067,45.182151],[17.872597,45.180622],[17.873299,45.178203],[17.871304,45.178254],[17.870415,45.170733],[17.868394,45.168703],[17.869378,45.166471],[17.866415,45.165934],[17.866441,45.157969],[17.864892,45.157984],[17.864826,45.155993],[17.86773,45.155964],[17.868588,45.154873],[17.871394,45.138455],[17.845403,45.146744],[17.843543,45.146357],[17.841073,45.14305],[17.819168,45.143452],[17.822042,45.132702],[17.825501,45.133664],[17.830036,45.132843],[17.830953,45.125595],[17.846268,45.125891],[17.846915,45.123547],[17.853488,45.124511],[17.860493,45.11317],[17.864951,45.113462],[17.865358,45.11015],[17.867218,45.109167],[17.86041,45.104701],[17.862624,45.103011],[17.862477,45.101149],[17.865209,45.100045],[17.863458,45.098132],[17.864529,45.097129],[17.861609,45.095448],[17.863145,45.094439],[17.862046,45.092849],[17.853979,45.090042],[17.855853,45.08144],[17.851016,45.080597],[17.851963,45.072385],[17.852862,45.07222],[17.851891,45.070733],[17.855011,45.069679],[17.853572,45.06478],[17.862853,45.065673],[17.86632,45.061158],[17.878048,45.062646],[17.881868,45.051909],[17.869906,45.046454],[17.852384,45.044034],[17.839622,45.046093],[17.833127,45.04838],[17.803966,45.064947],[17.78525,45.082409],[17.774294,45.084875],[17.763826,45.08405],[17.754827,45.086845],[17.746271,45.09316],[17.729652,45.101201],[17.715099,45.111466],[17.707685,45.114232],[17.693111,45.116454],[17.677259,45.130924],[17.668618,45.133763],[17.661117,45.133764],[17.649241,45.130997],[17.631165,45.122256],[17.627356,45.118838],[17.624545,45.114046],[17.612403,45.113098],[17.602627,45.106963],[17.601811,45.108564],[17.602625,45.106962],[17.601755,45.106643],[17.59668,45.105998],[17.591372,45.107183],[17.582715,45.114701],[17.578602,45.116091],[17.571877,45.115249],[17.564021,45.109089],[17.555745,45.10863],[17.554344,45.111619],[17.557366,45.118875],[17.557091,45.123207],[17.553379,45.128522],[17.547635,45.129933],[17.543427,45.129087],[17.540178,45.126721],[17.53938,45.124905],[17.540487,45.116443],[17.53209,45.109559],[17.515242,45.108401],[17.504006,45.11485],[17.487883,45.109727],[17.483666,45.109871],[17.481059,45.110979],[17.479742,45.114186],[17.481695,45.116822],[17.492225,45.123745],[17.49351,45.128452],[17.492713,45.135001],[17.4901,45.13722],[17.486631,45.137158],[17.478098,45.129448],[17.467543,45.125793],[17.455175,45.125888],[17.449291,45.127962],[17.448393,45.130018],[17.453761,45.138865],[17.45523,45.14697],[17.45255,45.157314],[17.44863,45.160261],[17.442667,45.160726],[17.439083,45.159289],[17.43661,45.156849],[17.434804,45.148999],[17.432291,45.145112],[17.422357,45.138155],[17.41473,45.13503],[17.405398,45.134369],[17.387914,45.137397],[17.366069,45.137543],[17.354003,45.139501],[17.341497,45.143489],[17.328268,45.153997],[17.327992,45.15743],[17.331561,45.16424],[17.330024,45.165387],[17.312063,45.165085],[17.310059,45.168365],[17.3111,45.174327],[17.309679,45.176639],[17.286875,45.175675],[17.283234,45.177849],[17.276855,45.187103],[17.27385,45.189422],[17.270926,45.188596],[17.264363,45.177767],[17.256304,45.156606]],[[17.63864,45.335087],[17.63711,45.335567],[17.63864,45.335087],[17.63864,45.335087]]]},"properties":{"id":9,"slug":"pozeska-biskupija","name":"Požeška Biskupija","kind":"biskupija","seat":"Požega","oib":"16015698482","area_km2":6976.2,"population":234817,"settlement_count":743,"parish_count":93,"church_count":158,"method":"naselja (DGU) → biskupija sjedeće/najbliže župe, spojeno","osm_agreement":98.6}},{"type":"Feature","id":12,"geometry":{"type":"MultiPolygon","coordinates":[[[[14.231196,45.158498],[14.227067,45.153878],[14.222084,45.154188],[14.218086,45.155679],[14.210547,45.163033],[14.204748,45.162258],[14.195602,45.165022],[14.201949,45.17251],[14.205717,45.18509],[14.20514,45.210459],[14.206887,45.213923],[14.206703,45.217182],[14.203729,45.21778],[14.205562,45.219962],[14.198827,45.232366],[14.191907,45.249579],[14.205077,45.257042],[14.198824,45.2635],[14.198254,45.269655],[14.196061,45.273551],[14.196891,45.275788],[14.201444,45.277317],[14.204033,45.297607],[14.210632,45.302753],[14.219853,45.302723],[14.227059,45.300299],[14.225534,45.311807],[14.224477,45.312945],[14.215713,45.309574],[14.216734,45.315306],[14.215634,45.323278],[14.217016,45.325437],[14.204055,45.346622],[14.202395,45.37036],[14.186321,45.376967],[14.182491,45.38551],[14.188413,45.392644],[14.206434,45.400757],[14.204823,45.404202],[14.194546,45.407648],[14.189116,45.407309],[14.185663,45.410107],[14.166498,45.415325],[14.13514,45.432251],[14.120879,45.443179],[14.118902,45.450795],[14.107188,45.459825],[14.101551,45.458229],[14.092802,45.46048],[14.090355,45.45837],[14.084704,45.45958],[14.085488,45.45757],[14.083994,45.456791],[14.081036,45.448501],[14.074832,45.441171],[14.067667,45.441349],[14.065798,45.439263],[14.063157,45.438905],[14.055847,45.439701],[14.045047,45.446896],[14.036134,45.449613],[14.035872,45.451198],[14.03341,45.451003],[14.032594,45.451635],[14.035456,45.451719],[14.036626,45.455221],[14.031983,45.454854],[14.025354,45.461381],[14.01355,45.464699],[14.007768,45.463515],[13.990994,45.470262],[13.996567,45.472198],[13.986208,45.48243],[13.992225,45.482599],[13.981627,45.491365],[13.972035,45.495527],[13.965629,45.496199],[13.962213,45.505986],[13.966361,45.508701],[13.968725,45.512254],[13.974581,45.515065],[13.977873,45.514876],[13.987267,45.509705],[14.001748,45.508068],[13.997487,45.513979],[13.997473,45.516053],[14.001918,45.519981],[14.011101,45.519767],[14.026715,45.511158],[14.030228,45.506887],[14.042198,45.498883],[14.0495,45.49855],[14.056499,45.49362],[14.059187,45.49383],[14.073109,45.484594],[14.0915,45.48192],[14.11144,45.482284],[14.136855,45.475294],[14.143498,45.475334],[14.150586,45.480426],[14.154169,45.48112],[14.173153,45.479511],[14.207681,45.469232],[14.206688,45.478527],[14.209285,45.479794],[14.206405,45.482162],[14.210662,45.489025],[14.212395,45.488514],[14.214403,45.492579],[14.220087,45.4934],[14.223362,45.501366],[14.230647,45.504762],[14.244923,45.505304],[14.249644,45.497437],[14.255241,45.494944],[14.264579,45.482686],[14.267907,45.482226],[14.270869,45.485566],[14.27911,45.490319],[14.282835,45.489457],[14.286659,45.490294],[14.29098,45.484906],[14.306003,45.480218],[14.316791,45.483076],[14.319848,45.472952],[14.322616,45.47053],[14.328129,45.472208],[14.338943,45.479796],[14.342225,45.480201],[14.350317,45.485521],[14.362669,45.484404],[14.378523,45.487942],[14.386531,45.493531],[14.393891,45.493968],[14.399749,45.500722],[14.397963,45.502818],[14.403551,45.504905],[14.407603,45.504807],[14.413946,45.507789],[14.415226,45.510027],[14.421264,45.509121],[14.422237,45.509944],[14.426303,45.508637],[14.427105,45.507117],[14.431466,45.509774],[14.436692,45.510959],[14.441445,45.516635],[14.455793,45.520617],[14.467727,45.527893],[14.474666,45.533956],[14.490527,45.537971],[14.496074,45.546746],[14.500271,45.549254],[14.49773,45.551812],[14.499218,45.552639],[14.49804,45.555624],[14.498625,45.558008],[14.496849,45.561125],[14.497819,45.562879],[14.497067,45.564911],[14.500443,45.567692],[14.498698,45.575985],[14.500597,45.579517],[14.504994,45.582522],[14.506721,45.588638],[14.496946,45.598689],[14.501229,45.605055],[14.499287,45.607399],[14.501889,45.608314],[14.514022,45.607384],[14.517333,45.609857],[14.526007,45.610311],[14.534803,45.613901],[14.545288,45.623874],[14.54524,45.625158],[14.548413,45.627866],[14.550055,45.632886],[14.558563,45.640947],[14.560814,45.646012],[14.563314,45.647241],[14.566703,45.653304],[14.566506,45.655771],[14.568506,45.660066],[14.567242,45.662665],[14.568422,45.667844],[14.569412,45.667395],[14.568718,45.673632],[14.575185,45.672133],[14.577128,45.668162],[14.57813,45.670393],[14.579136,45.669192],[14.578313,45.667198],[14.579862,45.666147],[14.578454,45.665361],[14.58341,45.66466],[14.586335,45.666645],[14.588409,45.666053],[14.59236,45.667883],[14.594603,45.667514],[14.597191,45.669476],[14.599122,45.666331],[14.600773,45.666234],[14.601124,45.667305],[14.604385,45.66627],[14.604896,45.66453],[14.606228,45.664489],[14.606104,45.665899],[14.607968,45.664239],[14.605904,45.662716],[14.607331,45.661402],[14.606664,45.659613],[14.609816,45.658666],[14.60776,45.657513],[14.604928,45.64651],[14.601491,45.643795],[14.602098,45.634493],[14.595743,45.627114],[14.604916,45.621943],[14.60832,45.621368],[14.609397,45.619087],[14.612962,45.616758],[14.619006,45.616472],[14.622891,45.613373],[14.627327,45.614221],[14.627344,45.611161],[14.630131,45.608231],[14.631218,45.604532],[14.633695,45.603023],[14.638633,45.604448],[14.639473,45.602776],[14.641502,45.602799],[14.640443,45.601065],[14.643358,45.600625],[14.651424,45.591617],[14.665011,45.589353],[14.667295,45.590145],[14.669262,45.589138],[14.672403,45.58996],[14.6782,45.589072],[14.680841,45.587643],[14.681162,45.585952],[14.68373,45.585445],[14.68361,45.582904],[14.690228,45.580676],[14.689865,45.578924],[14.692799,45.577252],[14.693654,45.571411],[14.697706,45.568651],[14.697354,45.566601],[14.700187,45.562739],[14.698623,45.56208],[14.695793,45.556234],[14.690733,45.555496],[14.689073,45.553028],[14.690976,45.548699],[14.687941,45.546112],[14.688751,45.543595],[14.687552,45.541503],[14.688549,45.539744],[14.685041,45.535186],[14.686184,45.531082],[14.690526,45.526613],[14.693293,45.527745],[14.700352,45.525357],[14.702484,45.527089],[14.701438,45.532339],[14.705245,45.535065],[14.711165,45.533086],[14.713386,45.534773],[14.715863,45.53323],[14.7214,45.534172],[14.731681,45.528733],[14.735567,45.529907],[14.73838,45.524284],[14.755813,45.514927],[14.759257,45.510555],[14.769083,45.512287],[14.766665,45.508214],[14.768191,45.506065],[14.77226,45.507555],[14.785613,45.506831],[14.789079,45.503279],[14.786464,45.501459],[14.789157,45.500083],[14.794668,45.503279],[14.796238,45.502921],[14.800376,45.497347],[14.803595,45.495584],[14.799048,45.491957],[14.800445,45.489221],[14.805291,45.486382],[14.80615,45.481346],[14.804979,45.478833],[14.815945,45.471465],[14.816702,45.460935],[14.818685,45.459229],[14.825489,45.460834],[14.833274,45.460588],[14.844444,45.462192],[14.860217,45.466702],[14.869009,45.466051],[14.871903,45.467915],[14.87477,45.472164],[14.88049,45.472307],[14.892528,45.476338],[14.903342,45.47558],[14.908679,45.477737],[14.911635,45.481613],[14.910807,45.490458],[14.913492,45.491526],[14.915727,45.494748],[14.912157,45.497994],[14.911691,45.500736],[14.916628,45.504021],[14.912955,45.510947],[14.913582,45.518842],[14.919172,45.522335],[14.921181,45.527692],[14.930839,45.529316],[14.942511,45.524197],[14.962901,45.511117],[14.967605,45.510189],[14.976752,45.501475],[14.986815,45.496711],[15.01297,45.497286],[15.016516,45.493154],[15.023466,45.490395],[15.024572,45.487113],[15.027323,45.485678],[15.042401,45.487972],[15.046343,45.490623],[15.048122,45.493576],[15.054546,45.494317],[15.057091,45.492714],[15.05924,45.488809],[15.06141,45.487898],[15.070892,45.487714],[15.078558,45.482347],[15.086113,45.482994],[15.086704,45.482186],[15.084045,45.476686],[15.085338,45.467567],[15.093115,45.464046],[15.10424,45.462561],[15.123394,45.447028],[15.139116,45.443925],[15.141119,45.439785],[15.14523,45.435917],[15.146823,45.431201],[15.152396,45.427201],[15.166366,45.422164],[15.172288,45.423266],[15.178,45.42153],[15.18874,45.427711],[15.190168,45.429302],[15.189155,45.434184],[15.194194,45.436524],[15.201215,45.427366],[15.206832,45.425476],[15.203203,45.423219],[15.203908,45.418879],[15.201581,45.416488],[15.21042,45.411658],[15.213636,45.407553],[15.21257,45.406269],[15.214936,45.403886],[15.213547,45.403105],[15.215629,45.401689],[15.217373,45.402493],[15.218313,45.400127],[15.219727,45.399851],[15.223714,45.403599],[15.229798,45.400788],[15.223385,45.393981],[15.214542,45.391525],[15.219464,45.387811],[15.217607,45.380896],[15.214195,45.375783],[15.211915,45.368936],[15.200119,45.360218],[15.199461,45.357437],[15.194344,45.354565],[15.18984,45.354165],[15.190758,45.353947],[15.188551,45.352408],[15.188926,45.349142],[15.186705,45.347025],[15.183663,45.347917],[15.179694,45.346241],[15.180579,45.340857],[15.176708,45.336434],[15.181787,45.333123],[15.181751,45.330908],[15.176811,45.327273],[15.182753,45.322973],[15.182004,45.318416],[15.17811,45.315216],[15.177439,45.312451],[15.167714,45.311844],[15.162226,45.307309],[15.146064,45.303843],[15.138865,45.306186],[15.134777,45.302228],[15.133083,45.305577],[15.131719,45.305969],[15.123552,45.304438],[15.107557,45.278293],[15.111982,45.269346],[15.102287,45.278021],[15.094416,45.266735],[15.085686,45.249788],[15.08575,45.241302],[15.102265,45.245401],[15.105523,45.24376],[15.105367,45.241825],[15.103084,45.240379],[15.097352,45.240519],[15.088428,45.235352],[15.079815,45.232866],[15.074956,45.227686],[15.070202,45.224701],[15.07058,45.221335],[15.069393,45.219302],[15.063546,45.216615],[15.062702,45.213349],[15.052186,45.2133],[15.044345,45.215428],[15.047131,45.21297],[15.039079,45.205513],[15.0316,45.193898],[15.029971,45.194096],[15.011406,45.208651],[15.006415,45.206213],[15.004799,45.214798],[14.995263,45.228512],[14.986822,45.231772],[14.982831,45.231463],[14.974922,45.233932],[14.990843,45.205359],[14.981141,45.191428],[14.979935,45.183474],[14.976759,45.175325],[14.975582,45.159799],[14.979484,45.150444],[14.993622,45.142655],[14.972723,45.142412],[14.972825,45.140597],[14.977697,45.135117],[14.977712,45.128998],[14.98084,45.126416],[14.982659,45.122574],[14.979775,45.119379],[14.977601,45.119198],[14.979218,45.110874],[14.973309,45.111233],[14.963225,45.100729],[14.959437,45.085664],[14.960654,45.080491],[14.963851,45.077827],[14.963246,45.074512],[14.942828,45.064413],[14.941226,45.065967],[14.936374,45.066111],[14.938063,45.068486],[14.943157,45.07008],[14.940986,45.075119],[14.938487,45.076735],[14.935994,45.081008],[14.93318,45.081597],[14.930859,45.083758],[14.92759,45.083649],[14.926113,45.082328],[14.927051,45.079092],[14.926008,45.078197],[14.922545,45.077934],[14.922136,45.079388],[14.920112,45.079973],[14.921953,45.075643],[14.916776,45.073494],[14.915521,45.074947],[14.913136,45.074324],[14.907843,45.071153],[14.911165,45.069581],[14.910768,45.068315],[14.913317,45.065362],[14.905882,45.064077],[14.899237,45.06641],[14.897982,45.06344],[14.898999,45.062059],[14.89687,45.060307],[14.893834,45.062409],[14.887577,45.061826],[14.8874,45.059912],[14.883174,45.057696],[14.883877,45.054286],[14.890452,45.044287],[14.887769,45.041882],[14.883835,45.044147],[14.881003,45.043169],[14.886722,45.038883],[14.881276,45.031147],[14.881392,45.036534],[14.875297,45.039974],[14.876929,45.04529],[14.87458,45.046047],[14.872063,45.049047],[14.870957,45.055532],[14.866681,45.059844],[14.862002,45.06794],[14.859276,45.067855],[14.858245,45.071505],[14.85515,45.072808],[14.855144,45.074966],[14.856862,45.075337],[14.856213,45.079761],[14.852449,45.084954],[14.846398,45.087227],[14.845171,45.08937],[14.845767,45.090897],[14.841915,45.09694],[14.839221,45.096502],[14.841982,45.097297],[14.843045,45.103058],[14.84471,45.104393],[14.841897,45.104934],[14.840066,45.108224],[14.845107,45.110238],[14.84419,45.112103],[14.846996,45.113832],[14.847671,45.116628],[14.842038,45.112826],[14.841733,45.111055],[14.834383,45.107961],[14.831071,45.110986],[14.832719,45.112185],[14.831665,45.113701],[14.8338,45.116815],[14.830896,45.116277],[14.827753,45.112996],[14.826493,45.114275],[14.820743,45.114063],[14.819682,45.116236],[14.814455,45.114231],[14.812029,45.118512],[14.807395,45.119803],[14.808306,45.12177],[14.804741,45.120844],[14.795879,45.123691],[14.7904,45.123295],[14.786255,45.125224],[14.788263,45.125747],[14.787218,45.127752],[14.785145,45.126903],[14.78556,45.127853],[14.767448,45.129988],[14.766923,45.130994],[14.759326,45.1322],[14.750292,45.137152],[14.740122,45.138275],[14.736761,45.141676],[14.736795,45.143549],[14.735309,45.143168],[14.728978,45.148102],[14.721271,45.150764],[14.722219,45.152046],[14.716154,45.153745],[14.715944,45.154888],[14.718492,45.155701],[14.719301,45.157362],[14.71503,45.15958],[14.713855,45.161955],[14.706985,45.164846],[14.702363,45.168519],[14.694975,45.169622],[14.697202,45.170631],[14.693674,45.171352],[14.692438,45.170329],[14.693809,45.171675],[14.692398,45.1707],[14.690505,45.172003],[14.687656,45.171692],[14.690474,45.172996],[14.688578,45.172727],[14.686332,45.174424],[14.676764,45.18562],[14.66582,45.192141],[14.655105,45.200721],[14.651971,45.202314],[14.651698,45.199809],[14.648235,45.200794],[14.647693,45.202136],[14.648935,45.204113],[14.647796,45.205002],[14.633557,45.212413],[14.624225,45.213578],[14.623314,45.215013],[14.62065,45.215458],[14.61716,45.219625],[14.612621,45.217845],[14.610089,45.219415],[14.611987,45.219504],[14.610345,45.220498],[14.61098,45.221781],[14.609796,45.223256],[14.616514,45.226023],[14.611758,45.227685],[14.610161,45.230419],[14.612411,45.231417],[14.611624,45.232945],[14.60759,45.234993],[14.605376,45.234513],[14.605976,45.236611],[14.602158,45.23654],[14.601851,45.238906],[14.598879,45.238224],[14.595508,45.242625],[14.583184,45.247865],[14.582998,45.249291],[14.57235,45.248432],[14.572288,45.250005],[14.576806,45.253414],[14.575267,45.257314],[14.562538,45.265223],[14.562952,45.267244],[14.56109,45.270251],[14.562345,45.270447],[14.55985,45.27251],[14.560341,45.2737],[14.565175,45.273278],[14.56773,45.270895],[14.568594,45.271404],[14.567285,45.274756],[14.56207,45.27683],[14.564806,45.276731],[14.56633,45.278066],[14.564119,45.280898],[14.56493,45.282098],[14.569851,45.281801],[14.57473,45.279578],[14.581269,45.279943],[14.579167,45.28489],[14.574081,45.286754],[14.570384,45.291728],[14.564333,45.29327],[14.558717,45.297907],[14.549787,45.300492],[14.543263,45.305576],[14.536324,45.307172],[14.535459,45.306256],[14.537169,45.304816],[14.537075,45.302844],[14.540601,45.301743],[14.547826,45.29562],[14.553297,45.292778],[14.555293,45.288918],[14.56028,45.284113],[14.559286,45.282693],[14.556096,45.282143],[14.557217,45.279549],[14.551191,45.279658],[14.552708,45.27772],[14.541751,45.277904],[14.537337,45.280884],[14.529774,45.28222],[14.529835,45.283779],[14.525797,45.284724],[14.524436,45.283905],[14.525394,45.28489],[14.524489,45.285043],[14.522728,45.284286],[14.509584,45.292084],[14.49656,45.295317],[14.495693,45.297927],[14.493561,45.297612],[14.48801,45.303026],[14.487188,45.305211],[14.488319,45.308017],[14.485711,45.30708],[14.47676,45.311011],[14.479288,45.310727],[14.483262,45.315115],[14.481508,45.31619],[14.47807,45.315019],[14.476974,45.313041],[14.474459,45.311718],[14.474119,45.311795],[14.474463,45.311759],[14.475062,45.312065],[14.470107,45.313823],[14.466163,45.317875],[14.458808,45.321214],[14.454637,45.319705],[14.450247,45.320503],[14.450028,45.322822],[14.446471,45.320722],[14.43787,45.321654],[14.438711,45.322605],[14.442737,45.321423],[14.441754,45.322036],[14.444364,45.322938],[14.440066,45.323863],[14.438775,45.323092],[14.419058,45.327039],[14.439795,45.323903],[14.441778,45.325517],[14.43784,45.32707],[14.43571,45.325631],[14.434803,45.325942],[14.435548,45.32703],[14.432725,45.327996],[14.431639,45.326412],[14.430674,45.326756],[14.43162,45.328127],[14.427471,45.329548],[14.426765,45.328579],[14.425887,45.328892],[14.426548,45.329845],[14.422124,45.33071],[14.420965,45.329458],[14.420594,45.330857],[14.410594,45.332953],[14.413702,45.33337],[14.411565,45.334113],[14.39244,45.334782],[14.3915,45.335198],[14.396624,45.33614],[14.388455,45.336166],[14.386794,45.33672],[14.388869,45.336206],[14.387429,45.336812],[14.388325,45.337288],[14.380015,45.337766],[14.377304,45.338633],[14.378974,45.339089],[14.370516,45.341363],[14.363346,45.342037],[14.362848,45.343295],[14.361123,45.34259],[14.355324,45.345509],[14.344552,45.348039],[14.341696,45.350091],[14.338617,45.350103],[14.336884,45.351854],[14.332365,45.352178],[14.332421,45.355256],[14.330488,45.356162],[14.325355,45.354257],[14.324732,45.351172],[14.321397,45.351179],[14.320225,45.347566],[14.32179,45.347622],[14.315575,45.343883],[14.314144,45.34116],[14.312615,45.341186],[14.312472,45.33952],[14.310129,45.338648],[14.309787,45.336691],[14.311351,45.337067],[14.311059,45.334529],[14.3085,45.335044],[14.306752,45.333196],[14.303848,45.332611],[14.300057,45.327758],[14.300028,45.324688],[14.297931,45.32048],[14.291893,45.318719],[14.291154,45.315144],[14.29017,45.315213],[14.29098,45.314649],[14.288025,45.313658],[14.289166,45.312877],[14.291084,45.314297],[14.291834,45.315849],[14.291361,45.314256],[14.289142,45.312552],[14.287028,45.312945],[14.285288,45.306858],[14.281039,45.305939],[14.282919,45.303319],[14.281082,45.299753],[14.276949,45.297191],[14.278254,45.289679],[14.276347,45.290136],[14.273409,45.286782],[14.272418,45.281131],[14.273156,45.277142],[14.271862,45.273393],[14.272607,45.271771],[14.270324,45.271372],[14.269257,45.269729],[14.269182,45.268123],[14.271057,45.266739],[14.265063,45.264466],[14.266462,45.261676],[14.264009,45.255706],[14.265085,45.252699],[14.262353,45.250667],[14.262605,45.246754],[14.259648,45.241339],[14.254632,45.237114],[14.254847,45.228429],[14.250898,45.222858],[14.249808,45.215641],[14.248436,45.213764],[14.245466,45.213198],[14.245914,45.211779],[14.244624,45.211057],[14.245374,45.207824],[14.243312,45.204876],[14.243681,45.201279],[14.242251,45.20062],[14.243621,45.199313],[14.242144,45.198281],[14.244347,45.197055],[14.245801,45.194074],[14.244536,45.191802],[14.246145,45.191601],[14.245082,45.190663],[14.245719,45.188007],[14.244424,45.187804],[14.24342,45.184833],[14.244924,45.183973],[14.24171,45.181668],[14.24263,45.179767],[14.23759,45.178302],[14.236413,45.176945],[14.237322,45.176033],[14.235003,45.174639],[14.235498,45.171512],[14.237698,45.168952],[14.235239,45.167717],[14.235776,45.166813],[14.232156,45.163416],[14.230584,45.160306],[14.231196,45.158498]],[[14.673357,45.187758],[14.674551,45.188462],[14.673357,45.187758],[14.673357,45.187758]],[[14.535324,45.306268],[14.535348,45.306675],[14.53507,45.306155],[14.535324,45.306268]],[[14.446891,45.375487],[14.447976,45.377898],[14.447976,45.377898],[14.446891,45.375487]]],[[[14.312671,45.339945],[14.312573,45.339881],[14.312632,45.339972],[14.312671,45.339945]]],[[[13.722924,45.352882],[13.72269,45.350395],[13.7177,45.352085],[13.709111,45.349967],[13.708743,45.348413],[13.711338,45.344009],[13.709673,45.340652],[13.715219,45.337874],[13.717571,45.333633],[13.71305,45.330663],[13.709045,45.331],[13.698009,45.328094],[13.698957,45.330977],[13.701089,45.332615],[13.687643,45.338278],[13.684802,45.342179],[13.686352,45.344702],[13.674707,45.348836],[13.671193,45.347563],[13.668957,45.345061],[13.662437,45.34993],[13.65857,45.355658],[13.663341,45.365156],[13.654415,45.367623],[13.652626,45.370685],[13.653581,45.372114],[13.65244,45.375461],[13.647174,45.379284],[13.653895,45.381532],[13.668397,45.381006],[13.67202,45.382752],[13.673874,45.386197],[13.677061,45.388567],[13.682558,45.389461],[13.685674,45.391518],[13.688649,45.395513],[13.702096,45.393603],[13.703993,45.392699],[13.703711,45.385536],[13.700878,45.375135],[13.704096,45.375239],[13.709943,45.378875],[13.717033,45.377868],[13.716428,45.375753],[13.718448,45.372177],[13.723818,45.368185],[13.728679,45.362368],[13.739093,45.359879],[13.736432,45.355904],[13.731543,45.354281],[13.729751,45.352021],[13.722924,45.352882]]],[[[14.798257,45.119943],[14.798785,45.120677],[14.799243,45.120299],[14.798257,45.119943]]]]},"properties":{"id":12,"slug":"rijecka-nadbiskupija","name":"Riječka Nadbiskupija","kind":"nadbiskupija","seat":"Rijeka","oib":"96409277324","area_km2":2659.6,"population":227344,"settlement_count":392,"parish_count":90,"church_count":260,"method":"naselja (DGU) → biskupija sjedeće/najbliže župe, spojeno"}},{"type":"Feature","id":14,"geometry":{"type":"Polygon","coordinates":[[[15.686708,45.237977],[15.687101,45.234713],[15.683668,45.232137],[15.685229,45.230212],[15.691037,45.229457],[15.688533,45.223841],[15.683336,45.222558],[15.672624,45.225534],[15.670461,45.225281],[15.669353,45.222618],[15.667461,45.22217],[15.66815,45.223537],[15.664508,45.223517],[15.6646,45.226024],[15.660235,45.226511],[15.662356,45.227247],[15.661481,45.229977],[15.663236,45.233393],[15.658117,45.238328],[15.65954,45.243606],[15.656656,45.242138],[15.646501,45.24419],[15.645413,45.250036],[15.641653,45.250282],[15.640114,45.252561],[15.638159,45.250843],[15.636517,45.251234],[15.636517,45.250061],[15.632221,45.250947],[15.629459,45.248507],[15.631197,45.246974],[15.625973,45.24689],[15.626529,45.249092],[15.624408,45.250283],[15.626683,45.254399],[15.622392,45.255465],[15.621615,45.256967],[15.624087,45.257008],[15.62619,45.259043],[15.622154,45.260395],[15.624285,45.263392],[15.621485,45.262296],[15.620562,45.264333],[15.618885,45.264551],[15.623188,45.267046],[15.62276,45.268728],[15.626455,45.273341],[15.624874,45.27538],[15.62536,45.277064],[15.623665,45.27788],[15.617015,45.275425],[15.607069,45.277771],[15.603644,45.272883],[15.598965,45.27221],[15.593813,45.274278],[15.593728,45.276265],[15.590532,45.278537],[15.590341,45.280397],[15.593919,45.282922],[15.594596,45.285611],[15.593648,45.287803],[15.594862,45.290055],[15.583546,45.288681],[15.581835,45.295363],[15.584723,45.303906],[15.589253,45.304405],[15.59087,45.30778],[15.586418,45.311462],[15.592656,45.317297],[15.598289,45.319629],[15.594036,45.329932],[15.596117,45.331408],[15.591628,45.336339],[15.591398,45.338399],[15.582134,45.337885],[15.579568,45.339195],[15.57461,45.34726],[15.577665,45.348235],[15.577796,45.350774],[15.580301,45.352747],[15.587772,45.351971],[15.593389,45.353746],[15.591215,45.360652],[15.588105,45.361737],[15.588119,45.364826],[15.59854,45.365528],[15.599366,45.364134],[15.602407,45.363331],[15.603412,45.364403],[15.60881,45.361028],[15.608666,45.358751],[15.614407,45.358962],[15.613489,45.356424],[15.617051,45.356046],[15.615534,45.356964],[15.617393,45.358446],[15.621256,45.358944],[15.628347,45.356629],[15.629477,45.359284],[15.628309,45.360254],[15.633839,45.362614],[15.633847,45.365136],[15.630764,45.366114],[15.632434,45.368884],[15.630976,45.368775],[15.632575,45.370015],[15.631879,45.370958],[15.633666,45.371267],[15.633027,45.374531],[15.640931,45.374317],[15.644683,45.376388],[15.65107,45.375636],[15.650089,45.374691],[15.651491,45.374233],[15.650764,45.373201],[15.652126,45.369253],[15.656272,45.369243],[15.657367,45.367443],[15.658178,45.368528],[15.661442,45.36638],[15.663036,45.367469],[15.664577,45.365836],[15.663124,45.368804],[15.663472,45.370082],[15.665639,45.370503],[15.665442,45.372557],[15.670649,45.37255],[15.677527,45.375987],[15.678166,45.373389],[15.681014,45.371412],[15.682291,45.371883],[15.684323,45.368535],[15.690178,45.371447],[15.691055,45.369997],[15.689377,45.368368],[15.68966,45.365243],[15.701001,45.368086],[15.714581,45.366007],[15.715492,45.368023],[15.709995,45.373815],[15.711925,45.375041],[15.718223,45.375074],[15.718676,45.379175],[15.723888,45.380397],[15.727879,45.383158],[15.729935,45.383916],[15.739399,45.377393],[15.747253,45.384678],[15.7523,45.384473],[15.753273,45.382177],[15.756107,45.383399],[15.756653,45.38667],[15.761456,45.389008],[15.764211,45.393049],[15.759157,45.395566],[15.763508,45.39643],[15.769868,45.402437],[15.764624,45.403879],[15.762336,45.403298],[15.761578,45.404315],[15.763516,45.406805],[15.770846,45.410653],[15.771653,45.413735],[15.769151,45.41651],[15.770713,45.420212],[15.780554,45.425543],[15.784758,45.424955],[15.79035,45.4296],[15.800287,45.427557],[15.805203,45.428806],[15.806698,45.431326],[15.803732,45.437078],[15.806368,45.437796],[15.810621,45.438106],[15.813787,45.435483],[15.817728,45.436762],[15.826761,45.431996],[15.832421,45.433195],[15.834837,45.431359],[15.836433,45.431643],[15.845005,45.448955],[15.847011,45.449677],[15.84791,45.454216],[15.853037,45.456631],[15.854198,45.458355],[15.849802,45.461482],[15.849079,45.463735],[15.835597,45.460191],[15.829595,45.460987],[15.830884,45.461906],[15.831601,45.469787],[15.828848,45.481775],[15.829907,45.487148],[15.828529,45.488122],[15.829061,45.489301],[15.82599,45.485916],[15.823674,45.479559],[15.814932,45.479963],[15.814399,45.481409],[15.814268,45.479625],[15.802,45.477876],[15.795721,45.474508],[15.787428,45.479606],[15.780464,45.47995],[15.777601,45.48289],[15.775829,45.481108],[15.778211,45.479597],[15.776869,45.478283],[15.773502,45.482231],[15.769882,45.47982],[15.769108,45.477841],[15.77096,45.477505],[15.770582,45.473671],[15.767064,45.472368],[15.756945,45.475553],[15.747338,45.481276],[15.743346,45.481599],[15.741542,45.487501],[15.735365,45.490047],[15.733153,45.492613],[15.733248,45.495322],[15.721425,45.495921],[15.719071,45.501852],[15.721875,45.504063],[15.721747,45.508837],[15.717075,45.504502],[15.71433,45.505131],[15.707922,45.509695],[15.708573,45.511738],[15.709928,45.511961],[15.709436,45.514036],[15.711994,45.515442],[15.712651,45.517637],[15.71195,45.520638],[15.709484,45.523204],[15.710638,45.524184],[15.709863,45.525875],[15.710997,45.534168],[15.715278,45.535692],[15.71559,45.536839],[15.711083,45.539445],[15.710341,45.542268],[15.704756,45.541022],[15.701344,45.541618],[15.69953,45.543205],[15.699588,45.545178],[15.697214,45.545816],[15.697482,45.548057],[15.700465,45.548984],[15.700679,45.551079],[15.703034,45.551874],[15.706601,45.551023],[15.706677,45.552745],[15.709671,45.553852],[15.707783,45.55601],[15.709796,45.556628],[15.711735,45.559369],[15.717274,45.560041],[15.716767,45.562909],[15.717956,45.563685],[15.717102,45.564241],[15.71899,45.564617],[15.719116,45.565766],[15.723884,45.565476],[15.723392,45.563482],[15.725657,45.563232],[15.726942,45.564487],[15.735182,45.563158],[15.734293,45.56405],[15.735182,45.565697],[15.732692,45.56596],[15.729463,45.568941],[15.735282,45.569621],[15.73533,45.573048],[15.737915,45.572154],[15.737668,45.573675],[15.736188,45.573869],[15.736546,45.575291],[15.739497,45.576031],[15.740293,45.577695],[15.735411,45.580609],[15.735779,45.58271],[15.731925,45.586634],[15.73266,45.58838],[15.735187,45.588605],[15.735363,45.590115],[15.7401,45.590835],[15.741117,45.595079],[15.743031,45.595839],[15.747904,45.602912],[15.749872,45.602846],[15.752063,45.57515],[15.755869,45.573686],[15.761142,45.578408],[15.758102,45.580259],[15.762093,45.580616],[15.761205,45.581331],[15.763355,45.583326],[15.762779,45.584543],[15.766664,45.584101],[15.770253,45.585429],[15.770023,45.586874],[15.772465,45.587723],[15.772412,45.589352],[15.770987,45.589383],[15.774786,45.591969],[15.775822,45.583181],[15.778958,45.583735],[15.780858,45.586728],[15.784723,45.588126],[15.790462,45.587366],[15.7996,45.59024],[15.808135,45.589304],[15.813046,45.59344],[15.815416,45.592065],[15.818682,45.59366],[15.819783,45.591852],[15.824892,45.593512],[15.825149,45.598064],[15.827538,45.598467],[15.825733,45.598837],[15.828355,45.600447],[15.829249,45.602748],[15.828199,45.605029],[15.833902,45.608307],[15.835709,45.607329],[15.83673,45.608384],[15.841963,45.607865],[15.843811,45.610106],[15.847111,45.611115],[15.848181,45.613216],[15.85524,45.61713],[15.856144,45.619854],[15.860442,45.624025],[15.857601,45.630348],[15.865712,45.633745],[15.867211,45.632894],[15.868584,45.639783],[15.865571,45.646],[15.866514,45.6487],[15.864343,45.651735],[15.86624,45.65621],[15.873074,45.656835],[15.87752,45.653657],[15.881213,45.655674],[15.883005,45.658869],[15.885852,45.658287],[15.889329,45.663162],[15.886435,45.667095],[15.888641,45.669954],[15.898279,45.669089],[15.898412,45.67152],[15.903175,45.671945],[15.904878,45.673433],[15.909002,45.672198],[15.911788,45.673369],[15.912113,45.672518],[15.916398,45.674898],[15.917862,45.673039],[15.920179,45.672804],[15.921562,45.673691],[15.920561,45.67473],[15.928224,45.676632],[15.930165,45.680594],[15.932437,45.678848],[15.931256,45.677585],[15.93475,45.676223],[15.934005,45.675404],[15.943186,45.671651],[15.943592,45.669256],[15.939846,45.666881],[15.940434,45.665975],[15.93883,45.664277],[15.940951,45.662534],[15.939973,45.660464],[15.938205,45.660083],[15.940068,45.656066],[15.941257,45.656341],[15.946253,45.651224],[15.950867,45.65201],[15.954451,45.650897],[15.955764,45.653084],[15.959207,45.65331],[15.958299,45.652128],[15.960242,45.646857],[15.967954,45.651144],[15.975522,45.65218],[15.975044,45.656341],[15.976301,45.659798],[15.9804,45.661557],[15.98063,45.664374],[15.983743,45.66531],[15.988461,45.663722],[15.990066,45.666157],[15.993996,45.66731],[15.990118,45.652614],[15.992047,45.645296],[15.988093,45.640048],[15.98969,45.636064],[15.99272,45.634135],[15.993562,45.63583],[16.001247,45.6403],[16.001641,45.642282],[16.004194,45.644412],[16.010438,45.645029],[16.013899,45.648671],[16.013362,45.651555],[16.015667,45.655487],[16.013728,45.661057],[16.015042,45.663266],[16.012926,45.666704],[16.013511,45.668776],[16.010092,45.678277],[16.012878,45.684662],[16.016839,45.686324],[16.016087,45.683877],[16.019141,45.683895],[16.019305,45.682528],[16.017763,45.681998],[16.019378,45.68212],[16.019495,45.679814],[16.023091,45.679039],[16.023837,45.681896],[16.025737,45.682561],[16.029497,45.688239],[16.031177,45.687245],[16.033531,45.689978],[16.035033,45.689972],[16.033119,45.692448],[16.035221,45.695636],[16.036203,45.69569],[16.03715,45.692105],[16.036401,45.686821],[16.039009,45.68246],[16.03672,45.680871],[16.036581,45.677441],[16.035645,45.67828],[16.032754,45.674294],[16.031854,45.66941],[16.034504,45.663901],[16.035229,45.658122],[16.039265,45.652817],[16.040605,45.644111],[16.043689,45.638215],[16.044998,45.638969],[16.047336,45.63692],[16.051871,45.640569],[16.053849,45.639561],[16.054127,45.640651],[16.057538,45.641205],[16.062906,45.640204],[16.063546,45.637776],[16.069062,45.637414],[16.071579,45.634098],[16.075455,45.633375],[16.075269,45.631395],[16.076322,45.631936],[16.077712,45.630198],[16.078261,45.631502],[16.080304,45.631148],[16.07997,45.629868],[16.08143,45.628712],[16.082049,45.629575],[16.085559,45.628744],[16.085786,45.629777],[16.086411,45.628835],[16.088953,45.629912],[16.089395,45.628941],[16.09219,45.629102],[16.091888,45.629989],[16.093545,45.629231],[16.093342,45.630668],[16.096642,45.63106],[16.096984,45.625422],[16.098308,45.623671],[16.099768,45.624504],[16.105085,45.618164],[16.106735,45.619383],[16.112695,45.618826],[16.113277,45.62162],[16.118064,45.625128],[16.120335,45.624447],[16.122508,45.62611],[16.126106,45.626317],[16.125562,45.627696],[16.127016,45.628211],[16.126269,45.62861],[16.127953,45.632567],[16.135605,45.63606],[16.147106,45.633852],[16.149958,45.634269],[16.151184,45.636168],[16.15487,45.637417],[16.164738,45.639161],[16.178129,45.637502],[16.17998,45.638796],[16.178861,45.63927],[16.179011,45.64134],[16.1847,45.643128],[16.184386,45.6465],[16.187101,45.648664],[16.151793,45.668547],[16.125576,45.674976],[16.126985,45.677304],[16.129092,45.677127],[16.131176,45.679738],[16.132403,45.678981],[16.13632,45.681631],[16.138531,45.680096],[16.145467,45.68025],[16.149476,45.681723],[16.153608,45.680463],[16.154357,45.683573],[16.155918,45.682508],[16.160142,45.6838],[16.162538,45.686071],[16.161763,45.687329],[16.164357,45.687606],[16.163865,45.688973],[16.166548,45.688554],[16.168633,45.686769],[16.169633,45.683579],[16.173848,45.680861],[16.177093,45.67356],[16.175146,45.67146],[16.176393,45.669813],[16.179182,45.668335],[16.199043,45.667083],[16.195954,45.676956],[16.194311,45.678194],[16.195224,45.680569],[16.193273,45.682125],[16.198731,45.689248],[16.196033,45.692212],[16.198869,45.695352],[16.201357,45.694295],[16.202867,45.69601],[16.195435,45.699209],[16.199162,45.703614],[16.200732,45.702904],[16.209387,45.708459],[16.220069,45.698918],[16.222486,45.698848],[16.226833,45.70021],[16.228449,45.702729],[16.232664,45.702484],[16.265263,45.719109],[16.27396,45.710503],[16.277313,45.7131],[16.285075,45.714136],[16.293508,45.717088],[16.29128,45.721728],[16.294062,45.722713],[16.302483,45.722459],[16.312183,45.730459],[16.316285,45.732012],[16.324455,45.7438],[16.32855,45.744279],[16.339456,45.742547],[16.347244,45.74778],[16.352452,45.74967],[16.350922,45.752168],[16.351602,45.753493],[16.3531,45.752782],[16.356674,45.754557],[16.370138,45.745841],[16.375858,45.74878],[16.37699,45.753201],[16.375138,45.767833],[16.392769,45.768623],[16.394033,45.759233],[16.404513,45.758802],[16.407945,45.761013],[16.412076,45.758641],[16.412133,45.755781],[16.41728,45.756961],[16.41495,45.758953],[16.419711,45.759035],[16.420224,45.761711],[16.418365,45.76273],[16.418821,45.763987],[16.421031,45.763749],[16.4205,45.765848],[16.418828,45.765835],[16.417415,45.770913],[16.419994,45.770893],[16.421619,45.773177],[16.418153,45.773376],[16.422669,45.780371],[16.42069,45.781096],[16.41644,45.786433],[16.421881,45.788739],[16.423219,45.791549],[16.426929,45.791333],[16.4316,45.801042],[16.432164,45.802873],[16.427752,45.813136],[16.450275,45.813888],[16.447345,45.810731],[16.447638,45.807162],[16.446449,45.805195],[16.447747,45.802331],[16.48944,45.778787],[16.487421,45.777962],[16.481054,45.779022],[16.479503,45.776777],[16.477069,45.777379],[16.476882,45.775496],[16.471426,45.772131],[16.467619,45.765196],[16.459007,45.762937],[16.456665,45.758055],[16.453781,45.757833],[16.453875,45.755316],[16.450191,45.754404],[16.45329,45.75035],[16.460423,45.749138],[16.472643,45.741125],[16.469636,45.740426],[16.470105,45.738757],[16.468282,45.73725],[16.471873,45.733094],[16.470267,45.731723],[16.465367,45.733251],[16.466016,45.734345],[16.469048,45.734002],[16.469685,45.734611],[16.466633,45.734378],[16.467073,45.736223],[16.464895,45.733689],[16.460405,45.73215],[16.459784,45.726238],[16.454162,45.721161],[16.456618,45.719948],[16.457685,45.71784],[16.456364,45.715379],[16.457201,45.714757],[16.45248,45.709005],[16.456363,45.705637],[16.455814,45.704878],[16.460578,45.707761],[16.456985,45.709229],[16.46077,45.712022],[16.464039,45.709654],[16.464236,45.705473],[16.467452,45.705466],[16.465881,45.703925],[16.471666,45.701229],[16.473674,45.709235],[16.479154,45.706068],[16.483982,45.707284],[16.486041,45.706003],[16.485365,45.704368],[16.490628,45.7041],[16.495233,45.704551],[16.498474,45.707637],[16.503652,45.708011],[16.502576,45.705113],[16.510524,45.704838],[16.511714,45.702702],[16.518652,45.701275],[16.517039,45.699766],[16.521221,45.697879],[16.518546,45.696882],[16.517289,45.694844],[16.519089,45.693065],[16.518001,45.691422],[16.51905,45.690885],[16.521298,45.692845],[16.522082,45.689852],[16.525961,45.690972],[16.529224,45.689041],[16.528222,45.688189],[16.529727,45.687212],[16.527979,45.685195],[16.53032,45.684481],[16.534989,45.685689],[16.538067,45.681898],[16.546692,45.679281],[16.550509,45.680887],[16.548695,45.684291],[16.549673,45.686619],[16.553999,45.688801],[16.556327,45.691594],[16.554583,45.693462],[16.55614,45.696253],[16.555524,45.698727],[16.552393,45.698832],[16.551569,45.701006],[16.548994,45.701462],[16.548513,45.703213],[16.544948,45.704043],[16.547357,45.707589],[16.563655,45.712279],[16.566731,45.714327],[16.568479,45.718638],[16.574016,45.723907],[16.579486,45.725748],[16.586635,45.725439],[16.590295,45.728291],[16.598424,45.724632],[16.604984,45.72435],[16.611736,45.721437],[16.615694,45.722148],[16.616196,45.720394],[16.62304,45.716754],[16.62666,45.716781],[16.63598,45.713651],[16.643348,45.713343],[16.644222,45.711344],[16.643443,45.710504],[16.649909,45.709321],[16.646683,45.70685],[16.632816,45.707091],[16.63229,45.706222],[16.635505,45.70395],[16.629852,45.6984],[16.624531,45.696467],[16.627289,45.694512],[16.623638,45.691516],[16.629359,45.687251],[16.628925,45.684396],[16.632633,45.683279],[16.633527,45.680075],[16.639818,45.676771],[16.643938,45.672015],[16.649294,45.67367],[16.65275,45.673097],[16.656599,45.676856],[16.659855,45.677712],[16.663218,45.667348],[16.668368,45.664607],[16.667734,45.663057],[16.668966,45.659968],[16.667147,45.659],[16.666583,45.656836],[16.667947,45.651251],[16.674891,45.654073],[16.678835,45.652017],[16.681876,45.651915],[16.687404,45.653679],[16.695286,45.65402],[16.698533,45.656291],[16.703389,45.657039],[16.703793,45.654267],[16.707233,45.653713],[16.7082,45.65136],[16.710481,45.651461],[16.712023,45.648862],[16.715564,45.648565],[16.716442,45.646349],[16.721613,45.64483],[16.722072,45.642538],[16.720446,45.641288],[16.7236,45.63708],[16.723302,45.635871],[16.728272,45.63248],[16.727794,45.629624],[16.729349,45.627753],[16.727626,45.624471],[16.729804,45.622667],[16.735524,45.621511],[16.741924,45.625131],[16.747536,45.623279],[16.748553,45.619113],[16.750311,45.617741],[16.75352,45.617969],[16.755344,45.615588],[16.762431,45.619019],[16.767935,45.618245],[16.77144,45.619849],[16.77485,45.619647],[16.775045,45.621172],[16.781455,45.624604],[16.783875,45.625418],[16.785479,45.624363],[16.788113,45.625967],[16.793644,45.623976],[16.804343,45.624091],[16.81075,45.628489],[16.812139,45.626183],[16.815934,45.625112],[16.817257,45.623243],[16.823827,45.624305],[16.823474,45.621967],[16.827045,45.614851],[16.826474,45.613157],[16.828762,45.612832],[16.830102,45.60924],[16.834473,45.608984],[16.831275,45.598725],[16.832213,45.596308],[16.836955,45.594878],[16.836437,45.591875],[16.837823,45.590568],[16.836586,45.589806],[16.841037,45.584199],[16.83978,45.579807],[16.843449,45.575022],[16.852765,45.570254],[16.853916,45.567683],[16.849884,45.565783],[16.847314,45.566742],[16.840764,45.562659],[16.837343,45.564111],[16.839743,45.565002],[16.839656,45.566105],[16.83637,45.566417],[16.836014,45.571071],[16.833169,45.573689],[16.829154,45.572553],[16.83189,45.569901],[16.831463,45.556311],[16.832326,45.554387],[16.835395,45.552213],[16.843288,45.550293],[16.852059,45.551092],[16.856919,45.548133],[16.858406,45.546105],[16.857377,45.541582],[16.859401,45.534704],[16.874053,45.523941],[16.866775,45.522091],[16.855457,45.51633],[16.857721,45.512414],[16.861223,45.511092],[16.857605,45.51138],[16.854983,45.509131],[16.848876,45.507712],[16.854088,45.507596],[16.856732,45.509623],[16.858557,45.508377],[16.865868,45.509616],[16.867781,45.508697],[16.873014,45.510924],[16.880037,45.508862],[16.880849,45.509555],[16.882102,45.508187],[16.881683,45.506634],[16.88518,45.505834],[16.884623,45.503918],[16.889994,45.502647],[16.890131,45.500638],[16.89272,45.501208],[16.8968,45.499556],[16.895513,45.498042],[16.897516,45.497284],[16.896376,45.495038],[16.898812,45.495134],[16.899125,45.494026],[16.901163,45.493926],[16.900465,45.492588],[16.901949,45.492893],[16.89969,45.490836],[16.899742,45.488612],[16.90741,45.481903],[16.909128,45.477873],[16.909287,45.476466],[16.906313,45.476555],[16.899209,45.480605],[16.89424,45.480772],[16.891557,45.483376],[16.88518,45.485171],[16.883061,45.484618],[16.8845,45.481469],[16.882603,45.475759],[16.872921,45.463196],[16.864058,45.470131],[16.861125,45.475047],[16.858086,45.473898],[16.858202,45.47297],[16.855227,45.47267],[16.856449,45.471371],[16.855234,45.470255],[16.857072,45.468365],[16.858475,45.468825],[16.861807,45.466887],[16.860039,45.461406],[16.856344,45.457838],[16.859613,45.456774],[16.857997,45.455844],[16.858106,45.454467],[16.859627,45.454103],[16.85905,45.451309],[16.860244,45.450245],[16.86399,45.451113],[16.868953,45.450161],[16.87311,45.447859],[16.880275,45.442287],[16.880918,45.434581],[16.875198,45.434896],[16.873657,45.436242],[16.871901,45.435445],[16.86888,45.437017],[16.867038,45.43605],[16.866934,45.431963],[16.863398,45.432353],[16.860411,45.431103],[16.860572,45.429624],[16.858591,45.427933],[16.856473,45.428054],[16.855438,45.426592],[16.852555,45.425309],[16.851503,45.426025],[16.844507,45.422651],[16.843105,45.419941],[16.836117,45.421477],[16.834401,45.427922],[16.832487,45.429422],[16.828601,45.429274],[16.82197,45.42545],[16.819856,45.42715],[16.811306,45.424196],[16.806257,45.42014],[16.802004,45.413439],[16.798801,45.41205],[16.796732,45.408974],[16.784717,45.402599],[16.784522,45.401361],[16.780447,45.402659],[16.773792,45.400711],[16.772663,45.402203],[16.767188,45.401495],[16.767418,45.400292],[16.763286,45.397511],[16.764622,45.394497],[16.760628,45.391906],[16.753286,45.395245],[16.748361,45.401802],[16.749056,45.403886],[16.743891,45.404889],[16.745478,45.407708],[16.747933,45.40733],[16.749133,45.409414],[16.746686,45.414164],[16.742521,45.415105],[16.738851,45.413773],[16.734395,45.418565],[16.730569,45.415426],[16.728166,45.416587],[16.724496,45.415695],[16.72371,45.41424],[16.721925,45.414234],[16.721213,45.411267],[16.719072,45.410623],[16.714179,45.412115],[16.712938,45.414487],[16.707534,45.41235],[16.703824,45.416046],[16.698852,45.41324],[16.693886,45.406521],[16.674392,45.404097],[16.665302,45.399982],[16.668913,45.397276],[16.662158,45.391398],[16.665911,45.388616],[16.658148,45.386556],[16.653388,45.388128],[16.646836,45.387357],[16.650698,45.385872],[16.654265,45.382181],[16.6474,45.379237],[16.644765,45.376587],[16.647644,45.372827],[16.647348,45.370962],[16.650557,45.369654],[16.651472,45.367621],[16.639279,45.363791],[16.649144,45.342596],[16.646506,45.340976],[16.642123,45.34434],[16.637506,45.342592],[16.62752,45.342948],[16.622148,45.341712],[16.618054,45.346077],[16.612593,45.345484],[16.611321,45.341409],[16.611807,45.339793],[16.621979,45.334805],[16.62343,45.334775],[16.625943,45.33849],[16.63357,45.328276],[16.634652,45.328314],[16.641716,45.315286],[16.646408,45.315734],[16.639744,45.312045],[16.632998,45.306161],[16.631353,45.302857],[16.627659,45.30258],[16.619692,45.296476],[16.605983,45.290434],[16.611121,45.289183],[16.615669,45.291116],[16.619136,45.288507],[16.625877,45.289532],[16.624343,45.288144],[16.625381,45.286217],[16.631117,45.28731],[16.634025,45.285881],[16.630762,45.285714],[16.629728,45.282682],[16.63567,45.278076],[16.636102,45.272225],[16.634453,45.27205],[16.634225,45.270385],[16.638521,45.265846],[16.639925,45.265602],[16.64081,45.267076],[16.63942,45.267201],[16.64205,45.267871],[16.64457,45.272164],[16.648911,45.272385],[16.649826,45.273502],[16.648867,45.274305],[16.651713,45.276014],[16.653613,45.275529],[16.652568,45.277139],[16.654943,45.276768],[16.657678,45.278649],[16.658077,45.277284],[16.660364,45.27648],[16.660931,45.275224],[16.659784,45.273769],[16.660667,45.272974],[16.652749,45.270297],[16.65261,45.26694],[16.65508,45.265834],[16.65532,45.263132],[16.65311,45.260587],[16.653593,45.256209],[16.652211,45.253457],[16.662014,45.244936],[16.668942,45.246465],[16.672555,45.250141],[16.674688,45.254968],[16.679484,45.258158],[16.685582,45.257141],[16.687233,45.258673],[16.687872,45.261885],[16.688354,45.260966],[16.690828,45.26176],[16.695327,45.264586],[16.696122,45.263863],[16.703067,45.266985],[16.70948,45.272431],[16.711809,45.278734],[16.725201,45.278981],[16.725022,45.289466],[16.727897,45.28948],[16.728028,45.287196],[16.731075,45.287738],[16.730914,45.292703],[16.76914,45.29326],[16.766717,45.277672],[16.768538,45.270707],[16.774572,45.26163],[16.76802,45.252875],[16.768285,45.24754],[16.770099,45.244885],[16.770255,45.229851],[16.766373,45.22902],[16.7625,45.231467],[16.757381,45.224804],[16.768926,45.219781],[16.769492,45.218522],[16.768409,45.217818],[16.770199,45.21592],[16.770249,45.212678],[16.76729,45.205508],[16.769856,45.20471],[16.772134,45.20664],[16.777902,45.206283],[16.783081,45.203834],[16.784872,45.205045],[16.787466,45.202565],[16.788735,45.203667],[16.793884,45.202846],[16.795152,45.205254],[16.798315,45.205852],[16.800768,45.20828],[16.800638,45.211759],[16.797969,45.21226],[16.798163,45.216452],[16.79701,45.216446],[16.795916,45.222082],[16.796768,45.224036],[16.803571,45.224393],[16.808487,45.228064],[16.813413,45.221354],[16.818435,45.222294],[16.860177,45.244176],[16.861784,45.239422],[16.858432,45.239493],[16.858088,45.237997],[16.86179,45.239128],[16.862917,45.23827],[16.864222,45.233234],[16.865611,45.232078],[16.86381,45.230177],[16.86371,45.227898],[16.868143,45.223334],[16.874279,45.224437],[16.878879,45.223454],[16.879932,45.222321],[16.879237,45.219769],[16.870003,45.220416],[16.86482,45.218663],[16.861981,45.211737],[16.852826,45.204092],[16.85055,45.204792],[16.849688,45.207287],[16.855043,45.211513],[16.855227,45.214675],[16.842322,45.22024],[16.834957,45.218194],[16.834901,45.213435],[16.843283,45.204671],[16.843522,45.19423],[16.837253,45.189678],[16.831414,45.187492],[16.812533,45.184494],[16.800042,45.186286],[16.775688,45.192799],[16.761058,45.199952],[16.750447,45.199857],[16.743174,45.204223],[16.732891,45.207198],[16.728757,45.207029],[16.723494,45.20472],[16.713723,45.203931],[16.7019,45.197364],[16.692695,45.196381],[16.679439,45.201313],[16.669136,45.201581],[16.657765,45.207158],[16.646347,45.20795],[16.635397,45.213867],[16.629754,45.213723],[16.627002,45.214869],[16.623998,45.219094],[16.617241,45.224447],[16.599783,45.231182],[16.593752,45.230415],[16.589603,45.226184],[16.582309,45.222764],[16.564119,45.222006],[16.556146,45.219044],[16.543735,45.220691],[16.54017,45.22366],[16.540969,45.225547],[16.5355,45.227024],[16.528527,45.226314],[16.519068,45.223258],[16.507614,45.217651],[16.500163,45.212438],[16.494438,45.211094],[16.491773,45.208669],[16.489547,45.19951],[16.485336,45.191837],[16.47769,45.185749],[16.473821,45.181004],[16.475791,45.171292],[16.479533,45.166421],[16.477749,45.164619],[16.478747,45.16124],[16.475107,45.158658],[16.473641,45.159422],[16.470759,45.155587],[16.47173,45.154401],[16.468976,45.150564],[16.467655,45.150549],[16.463632,45.142606],[16.442423,45.131983],[16.440507,45.12863],[16.439283,45.129462],[16.437078,45.126857],[16.422856,45.122696],[16.408718,45.12044],[16.394354,45.112344],[16.393032,45.104783],[16.402953,45.098392],[16.394956,45.093729],[16.395752,45.08946],[16.386991,45.082255],[16.385967,45.080021],[16.386008,45.075952],[16.387703,45.072582],[16.387054,45.067047],[16.383977,45.063588],[16.382716,45.058132],[16.383519,45.053465],[16.380756,45.052461],[16.379998,45.050928],[16.374671,45.051525],[16.370532,45.047147],[16.369698,45.044538],[16.36378,45.042024],[16.362996,45.039255],[16.359522,45.036645],[16.358852,45.032935],[16.355559,45.031236],[16.358895,45.025134],[16.357775,45.019834],[16.355914,45.017821],[16.35824,45.010364],[16.354837,45.007445],[16.354526,45.003349],[16.348014,45.001058],[16.343255,45.001766],[16.339673,45.000237],[16.331462,45.000208],[16.327886,45.002106],[16.321104,45.002218],[16.311782,44.998038],[16.306319,45.00071],[16.299864,44.998354],[16.292774,44.998933],[16.290604,44.996147],[16.288739,44.99569],[16.285524,45.002467],[16.285242,45.007137],[16.283964,45.008397],[16.279728,45.008197],[16.274193,45.005713],[16.272796,45.008496],[16.272818,45.014084],[16.269408,45.016498],[16.262539,45.016862],[16.25977,45.014949],[16.259045,45.011708],[16.257344,45.01107],[16.252925,45.014385],[16.235497,45.014593],[16.229762,45.017206],[16.230618,45.021346],[16.229277,45.024496],[16.223288,45.024795],[16.213761,45.029428],[16.211994,45.029001],[16.209446,45.032439],[16.199099,45.032548],[16.194182,45.030773],[16.191871,45.032525],[16.191438,45.035854],[16.188012,45.039566],[16.188187,45.042804],[16.186078,45.04639],[16.17596,45.052515],[16.177215,45.056156],[16.174793,45.060316],[16.175144,45.062593],[16.170232,45.066608],[16.173929,45.070368],[16.171953,45.072661],[16.166504,45.074031],[16.155027,45.083039],[16.148612,45.083434],[16.143261,45.085814],[16.138395,45.090872],[16.13138,45.086642],[16.123791,45.092435],[16.120713,45.093354],[16.108682,45.092802],[16.102766,45.099667],[16.09768,45.101461],[16.095691,45.103985],[16.089762,45.104383],[16.087685,45.108137],[16.084475,45.110607],[16.085652,45.115007],[16.084894,45.119552],[16.086409,45.121056],[16.084376,45.128284],[16.08603,45.132063],[16.08284,45.134847],[16.07835,45.142141],[16.070723,45.146033],[16.062228,45.155486],[16.055378,45.159326],[16.05541,45.161075],[16.05419,45.160821],[16.053221,45.163492],[16.053466,45.165459],[16.051836,45.166714],[16.052102,45.170884],[16.046681,45.171694],[16.046065,45.174992],[16.048548,45.178609],[16.042798,45.180443],[16.025475,45.180439],[16.023858,45.181467],[16.015657,45.179774],[16.014658,45.183216],[16.025206,45.192136],[16.030461,45.200379],[16.024887,45.200362],[16.021766,45.201619],[16.019912,45.205589],[16.02091,45.207266],[16.017114,45.210367],[16.014313,45.217848],[16.010789,45.218883],[16.0069,45.216966],[16.004349,45.217222],[16.000344,45.221958],[15.993836,45.221033],[15.978385,45.23038],[15.973076,45.229129],[15.965699,45.221774],[15.957195,45.220799],[15.953717,45.21729],[15.948005,45.21604],[15.944309,45.213228],[15.940401,45.214756],[15.929605,45.212642],[15.929331,45.211232],[15.927571,45.210822],[15.92686,45.214655],[15.924642,45.214091],[15.922558,45.211653],[15.920929,45.212466],[15.926222,45.219311],[15.926628,45.223191],[15.924729,45.226828],[15.921328,45.22875],[15.921382,45.230669],[15.919145,45.231108],[15.916092,45.230496],[15.916277,45.228657],[15.919301,45.228624],[15.916685,45.22655],[15.913433,45.224719],[15.911413,45.226124],[15.911764,45.224883],[15.910622,45.224398],[15.908451,45.22563],[15.906926,45.22495],[15.904514,45.227515],[15.896196,45.226828],[15.895411,45.228777],[15.891817,45.229158],[15.891108,45.226879],[15.887326,45.2261],[15.888475,45.22416],[15.894194,45.221482],[15.894922,45.219032],[15.89329,45.21861],[15.893772,45.216612],[15.891226,45.217571],[15.889253,45.216055],[15.890017,45.218574],[15.886776,45.219875],[15.881919,45.21831],[15.880344,45.220662],[15.878882,45.220215],[15.879718,45.218844],[15.877226,45.219515],[15.87605,45.218154],[15.875204,45.220113],[15.87269,45.219606],[15.871814,45.220765],[15.856674,45.216932],[15.851854,45.219799],[15.852357,45.220531],[15.847461,45.224407],[15.835623,45.225375],[15.835877,45.224433],[15.827533,45.224873],[15.825528,45.223772],[15.820572,45.229435],[15.81184,45.233017],[15.801149,45.232121],[15.797893,45.233591],[15.794364,45.233032],[15.792269,45.235313],[15.791793,45.23401],[15.789973,45.23395],[15.79166,45.235199],[15.789504,45.235909],[15.78996,45.237557],[15.788895,45.238359],[15.787034,45.238295],[15.786553,45.236499],[15.783643,45.234549],[15.778884,45.238853],[15.777696,45.237403],[15.77491,45.238112],[15.774409,45.236448],[15.771234,45.237296],[15.769042,45.235322],[15.760572,45.239465],[15.757499,45.239356],[15.756564,45.240952],[15.756911,45.246852],[15.759916,45.248024],[15.758374,45.248579],[15.76007,45.251264],[15.758446,45.251805],[15.759592,45.254025],[15.758003,45.259454],[15.755809,45.258679],[15.757163,45.257489],[15.75644,45.255399],[15.754672,45.254523],[15.752957,45.255745],[15.755968,45.250005],[15.752242,45.250303],[15.752505,45.246479],[15.747999,45.248284],[15.746008,45.24652],[15.746952,45.241996],[15.741368,45.240958],[15.739676,45.236553],[15.73673,45.23689],[15.735428,45.235597],[15.728426,45.236717],[15.728029,45.235681],[15.725713,45.236283],[15.725682,45.238169],[15.71987,45.237836],[15.718924,45.238405],[15.720627,45.239916],[15.720092,45.241857],[15.715902,45.243317],[15.711859,45.248864],[15.707615,45.246257],[15.700445,45.248575],[15.693246,45.243259],[15.689164,45.242762],[15.686708,45.237977]]]},"properties":{"id":14,"slug":"sisacka-biskupija","name":"Sisačka Biskupija","kind":"biskupija","seat":"Sisak","oib":"30969048417","area_km2":4841.1,"population":165285,"settlement_count":577,"parish_count":65,"church_count":144,"method":"naselja (DGU) → biskupija sjedeće/najbliže župe, spojeno"}},{"type":"Feature","id":6,"geometry":{"type":"MultiPolygon","coordinates":[[[[16.238229,43.380236],[16.238562,43.379997],[16.238095,43.380257],[16.238229,43.380236]]],[[[16.195986,43.384761],[16.197188,43.384362],[16.195616,43.384764],[16.195986,43.384761]]],[[[16.182501,43.390801],[16.180304,43.392631],[16.180484,43.393464],[16.183514,43.392555],[16.18428,43.391278],[16.182501,43.390801]]],[[[16.198174,43.391451],[16.194484,43.389977],[16.192494,43.390685],[16.191677,43.392967],[16.192932,43.394388],[16.197408,43.394523],[16.198174,43.391451]]],[[[16.253585,43.376425],[16.251657,43.379349],[16.251464,43.377602],[16.249707,43.376595],[16.246733,43.377125],[16.246838,43.380288],[16.245072,43.379476],[16.243674,43.381127],[16.242062,43.378624],[16.242571,43.380867],[16.241345,43.382057],[16.239079,43.380083],[16.236644,43.381333],[16.233881,43.380507],[16.231372,43.382858],[16.230942,43.385739],[16.227166,43.381761],[16.219826,43.382684],[16.215498,43.384588],[16.209723,43.38271],[16.210424,43.385574],[16.206376,43.385848],[16.205603,43.387739],[16.207085,43.389477],[16.211124,43.390234],[16.210749,43.392107],[16.212769,43.39292],[16.211292,43.393525],[16.216478,43.393994],[16.211744,43.394668],[16.207689,43.39182],[16.204785,43.392921],[16.202626,43.395998],[16.207581,43.39821],[16.20179,43.39926],[16.204351,43.400955],[16.203728,43.403649],[16.208303,43.404038],[16.200506,43.409183],[16.20045,43.410545],[16.207311,43.414457],[16.21475,43.411888],[16.215599,43.41333],[16.220014,43.413993],[16.223837,43.41268],[16.227239,43.413826],[16.233368,43.413027],[16.235273,43.414401],[16.253188,43.414024],[16.264956,43.412503],[16.266994,43.410591],[16.267131,43.408755],[16.268862,43.410273],[16.275274,43.410755],[16.286344,43.407366],[16.288569,43.405525],[16.288513,43.403967],[16.296998,43.402828],[16.296223,43.400838],[16.293177,43.399489],[16.295885,43.399218],[16.296141,43.397921],[16.30033,43.398337],[16.301136,43.396897],[16.297761,43.395552],[16.300863,43.394564],[16.300757,43.392499],[16.304292,43.393913],[16.303749,43.395179],[16.3053,43.396097],[16.30561,43.399631],[16.312044,43.398597],[16.313672,43.396861],[16.317702,43.39592],[16.318356,43.394923],[16.316987,43.392615],[16.31233,43.390824],[16.316234,43.388889],[16.316155,43.386971],[16.310204,43.386486],[16.313531,43.384672],[16.31198,43.382882],[16.309771,43.38373],[16.312916,43.379739],[16.313961,43.37966],[16.314184,43.382575],[16.320727,43.385934],[16.322803,43.383578],[16.324368,43.383671],[16.326849,43.386354],[16.326442,43.38802],[16.32829,43.388977],[16.326346,43.390012],[16.327708,43.3915],[16.325598,43.393775],[16.328056,43.395449],[16.329934,43.394571],[16.330063,43.392686],[16.33384,43.391705],[16.333551,43.388984],[16.337131,43.386758],[16.3392,43.38152],[16.343186,43.38136],[16.34987,43.377268],[16.350792,43.375539],[16.349108,43.373682],[16.352734,43.36961],[16.352089,43.372769],[16.353815,43.373595],[16.360597,43.372486],[16.361713,43.369392],[16.360448,43.368484],[16.362477,43.365528],[16.361745,43.364508],[16.364649,43.364058],[16.363915,43.362804],[16.367914,43.36104],[16.368828,43.359345],[16.36334,43.35665],[16.369235,43.35655],[16.370817,43.352605],[16.374694,43.353048],[16.37171,43.350269],[16.374655,43.350369],[16.379049,43.347779],[16.383624,43.341695],[16.385816,43.343798],[16.394048,43.339744],[16.399171,43.332045],[16.398941,43.329809],[16.397624,43.328358],[16.393883,43.327959],[16.390888,43.334996],[16.388627,43.336308],[16.386492,43.330512],[16.387452,43.329819],[16.385714,43.328629],[16.387178,43.327916],[16.385589,43.326359],[16.386127,43.324636],[16.382912,43.326689],[16.381655,43.325399],[16.377038,43.328323],[16.378061,43.329119],[16.375885,43.334558],[16.373747,43.329379],[16.372947,43.330258],[16.371258,43.328982],[16.366438,43.330985],[16.365002,43.334049],[16.367473,43.33779],[16.366298,43.340854],[16.365751,43.339511],[16.362677,43.33909],[16.364197,43.337797],[16.362697,43.336973],[16.362493,43.334699],[16.357449,43.334068],[16.356422,43.33554],[16.351869,43.336101],[16.349012,43.341497],[16.347262,43.340467],[16.339054,43.341801],[16.336735,43.344033],[16.324983,43.346832],[16.323309,43.345884],[16.322016,43.346444],[16.322017,43.348025],[16.317547,43.348057],[16.315435,43.350016],[16.313121,43.349896],[16.312839,43.351944],[16.315377,43.354081],[16.309729,43.353258],[16.308799,43.355546],[16.305963,43.354783],[16.307016,43.35734],[16.3107,43.357383],[16.310808,43.358854],[16.307802,43.35924],[16.309204,43.361885],[16.305576,43.359269],[16.301948,43.358437],[16.300295,43.362957],[16.297826,43.360917],[16.295358,43.362304],[16.294938,43.363677],[16.295945,43.364191],[16.293283,43.36772],[16.291605,43.363788],[16.287517,43.364196],[16.286561,43.366681],[16.289315,43.371516],[16.285419,43.369901],[16.285154,43.372947],[16.283536,43.371552],[16.280999,43.372571],[16.282073,43.370701],[16.281297,43.368502],[16.27688,43.367451],[16.271232,43.370168],[16.271081,43.372377],[16.268372,43.37053],[16.266706,43.371023],[16.265894,43.371905],[16.267634,43.374479],[16.262909,43.372715],[16.260977,43.377217],[16.258305,43.374302],[16.257189,43.377601],[16.255997,43.37624],[16.253585,43.376425]]],[[[16.184083,43.395515],[16.18374,43.397384],[16.186087,43.396529],[16.185933,43.395695],[16.184083,43.395515]]],[[[16.198224,43.399067],[16.199747,43.398892],[16.19796,43.398237],[16.198224,43.399067]]],[[[16.197113,43.400303],[16.193742,43.400886],[16.193068,43.401782],[16.196289,43.402157],[16.197113,43.400303]]],[[[16.179395,43.39942],[16.175638,43.400327],[16.172441,43.399347],[16.170367,43.40169],[16.170687,43.403495],[16.169079,43.405977],[16.169719,43.407471],[16.173274,43.407503],[16.179573,43.40383],[16.181536,43.400228],[16.179395,43.39942]]],[[[16.13501,43.41439],[16.135865,43.41388],[16.135864,43.412266],[16.134505,43.413206],[16.13501,43.41439]]],[[[16.123173,43.415782],[16.120432,43.417501],[16.119257,43.420763],[16.12674,43.419755],[16.130248,43.415164],[16.123173,43.415782]]],[[[16.175726,43.439059],[16.179308,43.436556],[16.1795,43.43509],[16.176683,43.435761],[16.175726,43.439059]]],[[[16.177535,43.441688],[16.178802,43.442097],[16.180139,43.440753],[16.178093,43.440508],[16.177535,43.441688]]],[[[16.150346,43.458399],[16.156244,43.45892],[16.165059,43.456891],[16.172962,43.450552],[16.172496,43.449008],[16.174067,43.448307],[16.174012,43.445314],[16.176389,43.442131],[16.169612,43.439567],[16.170354,43.435767],[16.168854,43.432285],[16.162478,43.432391],[16.153288,43.438836],[16.152972,43.436566],[16.151539,43.435758],[16.144873,43.43597],[16.148106,43.432829],[16.144677,43.429473],[16.134953,43.431442],[16.133057,43.428864],[16.127084,43.427387],[16.125582,43.428415],[16.122803,43.427935],[16.121837,43.429586],[16.119161,43.430204],[16.117092,43.430247],[16.116083,43.428779],[16.108182,43.430159],[16.109301,43.432957],[16.11228,43.433982],[16.110058,43.436437],[16.115429,43.437223],[16.117693,43.439757],[16.117679,43.442649],[16.120561,43.443417],[16.122357,43.43965],[16.123839,43.442288],[16.127254,43.441831],[16.123109,43.444434],[16.121576,43.446966],[16.124677,43.451604],[16.135479,43.450368],[16.140071,43.447809],[16.139368,43.450352],[16.142935,43.450392],[16.145434,43.448509],[16.145656,43.451445],[16.142793,43.452205],[16.142474,43.451384],[16.142402,43.452361],[16.13759,43.452828],[16.133966,43.454692],[16.132828,43.456456],[16.133951,43.459125],[16.149274,43.457007],[16.150346,43.458399]]],[[[16.090061,43.450009],[16.089037,43.450122],[16.092555,43.447632],[16.09813,43.446023],[16.090336,43.443903],[16.092515,43.438816],[16.085075,43.435447],[16.079728,43.439219],[16.082442,43.444918],[16.076319,43.446265],[16.066146,43.444742],[16.061599,43.447916],[16.0547,43.445365],[16.053063,43.448851],[16.054106,43.450754],[16.05712,43.451747],[16.060667,43.450508],[16.063556,43.452117],[16.068822,43.450614],[16.071986,43.455558],[16.075177,43.45583],[16.079606,43.453459],[16.082049,43.454881],[16.088608,43.455192],[16.090075,43.453391],[16.090061,43.450009]]],[[[16.112309,43.45362],[16.112082,43.4545],[16.11254,43.454196],[16.112309,43.45362]]],[[[16.05715,43.466723],[16.056048,43.467059],[16.057251,43.467202],[16.05715,43.466723]]],[[[16.186208,43.472191],[16.186072,43.47225],[16.187166,43.472397],[16.186208,43.472191]]],[[[16.040871,43.471902],[16.040395,43.473541],[16.04208,43.474081],[16.042767,43.47201],[16.040871,43.471902]]],[[[16.179988,43.472543],[16.177699,43.472824],[16.180741,43.472695],[16.179988,43.472543]]],[[[16.026822,43.470428],[16.020277,43.472604],[16.019165,43.474516],[16.021726,43.47539],[16.025542,43.47407],[16.033608,43.475592],[16.033988,43.471882],[16.026822,43.470428]]],[[[16.175048,43.473918],[16.176456,43.472814],[16.172551,43.473417],[16.175048,43.473918]]],[[[16.195052,43.473914],[16.19459,43.474191],[16.195268,43.474141],[16.195052,43.473914]]],[[[16.011429,43.473493],[16.009645,43.47463],[16.011516,43.474542],[16.011429,43.473493]]],[[[16.009658,43.4743],[16.009503,43.474663],[16.00987,43.474214],[16.009658,43.4743]]],[[[16.039601,43.474249],[16.038999,43.475273],[16.040003,43.474766],[16.039601,43.474249]]],[[[16.190963,43.475981],[16.190644,43.475175],[16.188581,43.475683],[16.189014,43.476213],[16.190963,43.475981]]],[[[16.134543,43.475479],[16.133667,43.476229],[16.134877,43.475787],[16.134543,43.475479]]],[[[16.169436,43.477494],[16.169862,43.475066],[16.166641,43.475421],[16.16654,43.478089],[16.169436,43.477494]]],[[[16.239174,43.477502],[16.22526,43.477462],[16.236658,43.480023],[16.239174,43.477502]]],[[[16.21588,43.478608],[16.21893,43.479206],[16.221343,43.477894],[16.218099,43.477896],[16.21588,43.478608]]],[[[16.166604,43.478695],[16.16698,43.478537],[16.1665,43.478542],[16.166604,43.478695]]],[[[16.166345,43.478557],[16.1655,43.478612],[16.166058,43.478738],[16.166345,43.478557]]],[[[16.002649,43.47872],[16.002248,43.478926],[16.002721,43.479022],[16.002649,43.47872]]],[[[16.210236,43.478923],[16.208854,43.479122],[16.209598,43.479199],[16.210236,43.478923]]],[[[16.033552,43.479043],[16.033285,43.480494],[16.03428,43.480939],[16.034708,43.47944],[16.033552,43.479043]]],[[[16.066787,43.48181],[16.062751,43.479999],[16.061666,43.476276],[16.059453,43.475346],[16.051951,43.476849],[16.049056,43.480298],[16.047082,43.480767],[16.041747,43.479452],[16.039884,43.477402],[16.036668,43.478079],[16.036533,43.479243],[16.038803,43.480088],[16.042197,43.48749],[16.044442,43.48817],[16.043756,43.48952],[16.036771,43.489494],[16.03547,43.490682],[16.03335,43.489865],[16.026529,43.492901],[16.021282,43.49116],[16.020829,43.485733],[16.018821,43.487083],[16.014448,43.484963],[16.015051,43.489211],[16.019114,43.491418],[16.017061,43.495558],[16.017482,43.498262],[16.019281,43.498711],[16.017213,43.499597],[16.016526,43.50191],[16.018042,43.507068],[16.030484,43.507863],[16.034541,43.506775],[16.038014,43.508466],[16.043351,43.507346],[16.044906,43.508732],[16.058379,43.508845],[16.064127,43.511704],[16.071412,43.512193],[16.075814,43.508239],[16.108355,43.504644],[16.117015,43.501562],[16.121137,43.502185],[16.133717,43.500112],[16.135402,43.500152],[16.134026,43.503149],[16.136385,43.507173],[16.141288,43.505331],[16.149916,43.505917],[16.156736,43.503651],[16.154786,43.501857],[16.15933,43.502894],[16.159945,43.501402],[16.173798,43.500351],[16.174678,43.498626],[16.173584,43.4967],[16.176941,43.495184],[16.174263,43.493866],[16.177213,43.492595],[16.174227,43.490314],[16.17459,43.488612],[16.172394,43.486586],[16.162019,43.48403],[16.15711,43.484549],[16.159027,43.483006],[16.144952,43.484041],[16.142245,43.482274],[16.132612,43.480978],[16.131265,43.482638],[16.128417,43.482654],[16.126341,43.484426],[16.123876,43.482715],[16.121554,43.483063],[16.117792,43.486857],[16.112602,43.489215],[16.110468,43.48857],[16.109771,43.486982],[16.112743,43.484063],[16.115087,43.484112],[16.128866,43.478114],[16.121574,43.475242],[16.122875,43.473963],[16.121507,43.472426],[16.118738,43.471967],[16.117522,43.473551],[16.113805,43.470906],[16.103332,43.473389],[16.09208,43.472692],[16.089772,43.474858],[16.086361,43.475752],[16.08594,43.47848],[16.083077,43.477803],[16.078264,43.479142],[16.080177,43.480811],[16.080556,43.483368],[16.079052,43.481612],[16.075034,43.481119],[16.070358,43.482475],[16.066716,43.485517],[16.066787,43.48181]]],[[[16.023013,43.487192],[16.022574,43.487591],[16.023041,43.487534],[16.023013,43.487192]]],[[[16.207207,43.49038],[16.208331,43.493442],[16.203095,43.496715],[16.205833,43.498303],[16.224937,43.498748],[16.230742,43.497328],[16.236087,43.49237],[16.242861,43.492015],[16.237206,43.493686],[16.236641,43.494877],[16.238154,43.495579],[16.243387,43.494334],[16.245162,43.492458],[16.247309,43.494414],[16.255615,43.492488],[16.260807,43.495807],[16.259489,43.495743],[16.260299,43.496691],[16.259543,43.502379],[16.258232,43.502262],[16.257789,43.504653],[16.255426,43.505316],[16.258961,43.506076],[16.258882,43.50714],[16.251789,43.510937],[16.245843,43.511115],[16.245981,43.51005],[16.245549,43.511401],[16.237272,43.51191],[16.261962,43.516679],[16.282028,43.513331],[16.300367,43.514056],[16.319213,43.508077],[16.322083,43.505396],[16.330376,43.501687],[16.338484,43.501098],[16.339749,43.499556],[16.338718,43.499786],[16.338457,43.499467],[16.339719,43.498941],[16.340254,43.499638],[16.341464,43.49699],[16.352443,43.492599],[16.362995,43.49133],[16.365065,43.49284],[16.368308,43.48985],[16.371468,43.489962],[16.375435,43.488141],[16.387405,43.490031],[16.391899,43.489435],[16.392134,43.488318],[16.387696,43.485589],[16.378549,43.484172],[16.350064,43.482284],[16.318821,43.482255],[16.305544,43.483735],[16.297166,43.48693],[16.291702,43.486368],[16.279884,43.488446],[16.272523,43.493585],[16.270842,43.490063],[16.272048,43.487745],[16.270947,43.486046],[16.258158,43.483926],[16.255206,43.485862],[16.252008,43.483126],[16.248056,43.482235],[16.246445,43.483389],[16.245098,43.48063],[16.246319,43.478966],[16.242377,43.480541],[16.242033,43.483174],[16.239193,43.481713],[16.234572,43.485328],[16.228878,43.484652],[16.221118,43.488366],[16.219629,43.486836],[16.216067,43.486516],[16.209314,43.488347],[16.207207,43.49038]]],[[[16.193876,43.500851],[16.19358,43.501266],[16.193984,43.501052],[16.193876,43.500851]]],[[[16.194558,43.501178],[16.194333,43.501004],[16.194344,43.501093],[16.194558,43.501178]]],[[[16.1791,43.519666],[16.178905,43.529021],[16.179843,43.53341],[16.182669,43.536273],[16.173779,43.546405],[16.173531,43.555081],[16.186053,43.557586],[16.186755,43.561694],[16.190419,43.565777],[16.202003,43.56395],[16.197755,43.57404],[16.208163,43.574608],[16.215111,43.578129],[16.223061,43.569794],[16.236175,43.563343],[16.24275,43.558607],[16.24648,43.558737],[16.253135,43.555378],[16.260831,43.555697],[16.272319,43.567568],[16.276947,43.576158],[16.276867,43.579384],[16.288035,43.587609],[16.26257,43.598505],[16.267184,43.60297],[16.262824,43.608993],[16.272228,43.614192],[16.274654,43.618129],[16.279113,43.621263],[16.282159,43.625957],[16.283776,43.633296],[16.299517,43.626818],[16.328192,43.618386],[16.344881,43.611383],[16.351906,43.610963],[16.366537,43.613713],[16.375175,43.609494],[16.407606,43.606811],[16.414702,43.603741],[16.423717,43.6033],[16.431565,43.615983],[16.431128,43.618862],[16.436032,43.625451],[16.446627,43.631418],[16.449865,43.635016],[16.450939,43.640266],[16.454077,43.642641],[16.451743,43.642557],[16.451419,43.643946],[16.44826,43.645356],[16.446755,43.663468],[16.43562,43.67162],[16.416367,43.679805],[16.396749,43.685987],[16.395011,43.685311],[16.391175,43.686396],[16.391626,43.691665],[16.39743,43.692093],[16.404038,43.697762],[16.416067,43.703465],[16.416758,43.70516],[16.411208,43.708489],[16.409864,43.715351],[16.423698,43.716104],[16.439366,43.714058],[16.451615,43.713976],[16.465175,43.715586],[16.471509,43.720168],[16.474128,43.719871],[16.473319,43.721508],[16.48327,43.725517],[16.494793,43.72845],[16.512913,43.731063],[16.515386,43.730229],[16.517276,43.731974],[16.5184,43.738508],[16.519959,43.739262],[16.520624,43.742669],[16.518738,43.744366],[16.516886,43.749847],[16.516174,43.756275],[16.503421,43.771656],[16.501127,43.782081],[16.494514,43.786822],[16.457675,43.798662],[16.448163,43.804802],[16.439153,43.813656],[16.429523,43.825695],[16.409196,43.842984],[16.403257,43.84576],[16.398332,43.849962],[16.40389,43.850432],[16.391357,43.856384],[16.370081,43.870449],[16.353908,43.875299],[16.352338,43.877545],[16.34327,43.878153],[16.341223,43.880016],[16.33606,43.890493],[16.337067,43.891649],[16.335952,43.895504],[16.327004,43.895362],[16.321882,43.891139],[16.3199,43.890871],[16.31785,43.892204],[16.294781,43.895441],[16.286445,43.898378],[16.279212,43.910962],[16.27129,43.916775],[16.299362,43.932504],[16.304972,43.930266],[16.317521,43.940134],[16.323035,43.94194],[16.353501,43.943277],[16.353144,43.93415],[16.354591,43.924451],[16.367343,43.916602],[16.369729,43.917571],[16.372037,43.915796],[16.386308,43.914746],[16.396615,43.918717],[16.407349,43.91674],[16.412159,43.920874],[16.412746,43.923066],[16.409535,43.92545],[16.400721,43.92796],[16.398376,43.931811],[16.400157,43.933492],[16.400088,43.935762],[16.409619,43.942758],[16.413869,43.948024],[16.416674,43.947765],[16.418495,43.944806],[16.421383,43.945542],[16.422399,43.949202],[16.426224,43.949566],[16.429411,43.948845],[16.429182,43.947692],[16.431905,43.946393],[16.43634,43.94773],[16.43838,43.945428],[16.438276,43.947292],[16.439375,43.946245],[16.450191,43.952599],[16.452198,43.958307],[16.45626,43.962202],[16.486238,43.972783],[16.544354,43.974179],[16.550159,43.953557],[16.58759,43.943072],[16.590352,43.937564],[16.599542,43.934676],[16.603335,43.9252],[16.608186,43.923019],[16.609874,43.917058],[16.623207,43.906766],[16.626019,43.902113],[16.646972,43.887119],[16.656069,43.88416],[16.663595,43.877435],[16.668853,43.877754],[16.684565,43.86615],[16.705298,43.858307],[16.710236,43.854837],[16.71504,43.84693],[16.715197,43.843722],[16.718176,43.840947],[16.718037,43.835936],[16.720296,43.832145],[16.717711,43.829918],[16.720365,43.825818],[16.718266,43.819654],[16.71907,43.806811],[16.723224,43.804146],[16.726475,43.799708],[16.724659,43.796213],[16.728956,43.791415],[16.75266,43.769744],[16.757143,43.770426],[16.777733,43.768087],[16.800653,43.762734],[16.81159,43.755493],[16.825014,43.732401],[16.832724,43.730082],[16.848699,43.719247],[16.86743,43.710829],[16.872835,43.706131],[16.876022,43.700858],[16.877583,43.694501],[16.882813,43.692052],[16.885406,43.68585],[16.908522,43.674761],[16.916763,43.663767],[16.915913,43.662493],[16.919736,43.658622],[16.927733,43.655031],[16.9318,43.643844],[16.971015,43.618046],[16.977761,43.606298],[16.989201,43.592939],[17.007036,43.581248],[17.007536,43.57668],[17.014527,43.571501],[17.025537,43.566673],[17.036647,43.559269],[17.042949,43.55696],[17.055158,43.554807],[17.05941,43.552717],[17.063077,43.553742],[17.06542,43.55178],[17.061644,43.551635],[17.078544,43.543694],[17.0874,43.535462],[17.095277,43.530967],[17.103506,43.528635],[17.107231,43.524201],[17.123325,43.518028],[17.131835,43.509665],[17.129119,43.509096],[17.129916,43.507957],[17.142115,43.506001],[17.141371,43.505258],[17.143609,43.504189],[17.149622,43.49565],[17.175386,43.490117],[17.183941,43.496483],[17.194524,43.497524],[17.198959,43.499544],[17.212533,43.496332],[17.223079,43.498626],[17.228943,43.497058],[17.26579,43.480457],[17.278048,43.471888],[17.282739,43.467634],[17.283184,43.464408],[17.285621,43.461644],[17.285918,43.454776],[17.284157,43.452974],[17.286476,43.448752],[17.285035,43.446211],[17.284531,43.435913],[17.282296,43.431068],[17.269941,43.415367],[17.261302,43.409773],[17.258116,43.405412],[17.253839,43.403901],[17.251882,43.404444],[17.251287,43.402217],[17.258708,43.39704],[17.261185,43.393267],[17.265242,43.373117],[17.270973,43.366202],[17.270848,43.363927],[17.278844,43.348663],[17.298518,43.317615],[17.302819,43.31306],[17.310936,43.2985],[17.322187,43.287468],[17.327649,43.285234],[17.330701,43.274431],[17.332664,43.271575],[17.331971,43.26972],[17.333289,43.267942],[17.33172,43.266084],[17.340815,43.256264],[17.34116,43.254308],[17.342123,43.25323],[17.358471,43.250105],[17.37498,43.249879],[17.397195,43.245427],[17.42212,43.230002],[17.42939,43.217217],[17.429792,43.210494],[17.431667,43.209475],[17.431154,43.206461],[17.432388,43.205117],[17.431405,43.199452],[17.427009,43.188476],[17.431209,43.178646],[17.437787,43.180414],[17.449796,43.177408],[17.472789,43.164026],[17.475199,43.161546],[17.487105,43.157712],[17.500553,43.151842],[17.501275,43.150445],[17.502505,43.15105],[17.505551,43.149712],[17.508857,43.14711],[17.520346,43.143894],[17.534583,43.137156],[17.544302,43.134333],[17.548134,43.131525],[17.555574,43.129963],[17.563015,43.124499],[17.582245,43.117937],[17.61982,43.09818],[17.636066,43.092537],[17.641447,43.089436],[17.664979,43.044021],[17.676936,43.025817],[17.683457,43.01932],[17.685159,43.010505],[17.694341,43.000149],[17.705362,42.979346],[17.712079,42.972999],[17.688452,42.965642],[17.672913,42.963971],[17.668204,42.96184],[17.651809,42.959116],[17.641473,42.953305],[17.634381,42.951068],[17.630071,42.947227],[17.615027,42.942019],[17.581335,42.938274],[17.577864,42.940265],[17.577222,42.94259],[17.566406,42.941268],[17.56265,42.943807],[17.55858,42.942772],[17.557438,42.940123],[17.553659,42.943176],[17.552777,42.942955],[17.553664,42.941612],[17.544966,42.945316],[17.542552,42.944645],[17.545714,42.941872],[17.544644,42.939274],[17.541366,42.942018],[17.537437,42.941057],[17.532612,42.944682],[17.525264,42.947457],[17.513118,42.954583],[17.503745,42.963895],[17.503357,42.965183],[17.504741,42.966003],[17.50877,42.964875],[17.507149,42.967022],[17.492996,42.969814],[17.488819,42.975442],[17.489511,42.97707],[17.492811,42.977548],[17.48928,42.980493],[17.477896,42.983189],[17.476023,42.986661],[17.472976,42.988941],[17.473082,42.994317],[17.474195,42.996518],[17.478974,42.995943],[17.478118,42.999226],[17.480384,43.000754],[17.479243,43.002532],[17.482767,43.001387],[17.480001,43.003739],[17.477971,43.003959],[17.478779,43.002763],[17.476797,43.002273],[17.473497,43.004536],[17.473165,43.002918],[17.470472,43.001565],[17.471296,43.006177],[17.469996,43.007324],[17.470478,43.008429],[17.468251,43.009674],[17.468543,43.013537],[17.462898,43.0217],[17.460824,43.022992],[17.452478,43.02206],[17.445358,43.018877],[17.444313,43.020406],[17.446263,43.021741],[17.441511,43.024709],[17.424841,43.027607],[17.423051,43.04251],[17.423998,43.048399],[17.429004,43.04865],[17.428203,43.050172],[17.429623,43.051451],[17.433332,43.05043],[17.433863,43.051896],[17.436301,43.052464],[17.434916,43.054312],[17.432094,43.054686],[17.431855,43.052645],[17.430388,43.052481],[17.428069,43.055697],[17.428851,43.058769],[17.427268,43.058601],[17.424092,43.063221],[17.421292,43.061823],[17.423146,43.060079],[17.422742,43.057439],[17.420831,43.059461],[17.42133,43.056713],[17.418856,43.054502],[17.421054,43.053363],[17.422471,43.050094],[17.421377,43.046616],[17.417799,43.044988],[17.418767,43.041835],[17.417908,43.040537],[17.415269,43.039521],[17.412598,43.041443],[17.41144,43.039865],[17.4082,43.040216],[17.399165,43.04831],[17.399131,43.051771],[17.394809,43.05647],[17.388354,43.060623],[17.383458,43.06174],[17.382555,43.064466],[17.378058,43.064305],[17.377291,43.067272],[17.371821,43.072975],[17.367902,43.079614],[17.362124,43.084902],[17.359301,43.083553],[17.356053,43.084161],[17.355223,43.088351],[17.35103,43.09274],[17.347434,43.101108],[17.343748,43.104185],[17.339232,43.104176],[17.338444,43.10997],[17.335828,43.112049],[17.331998,43.112728],[17.321096,43.119559],[17.312951,43.121527],[17.301457,43.121864],[17.299093,43.123698],[17.298053,43.126627],[17.289177,43.128014],[17.285665,43.130198],[17.285326,43.133925],[17.282169,43.138504],[17.278673,43.138663],[17.265853,43.14584],[17.262939,43.146098],[17.260889,43.148067],[17.261694,43.149707],[17.260378,43.150995],[17.25284,43.150629],[17.248273,43.155435],[17.244884,43.154934],[17.244728,43.153178],[17.242022,43.153434],[17.236381,43.157476],[17.23406,43.156452],[17.231223,43.157304],[17.228578,43.161729],[17.225366,43.161531],[17.223039,43.163746],[17.214478,43.164589],[17.204772,43.169526],[17.200457,43.170275],[17.193786,43.168708],[17.190002,43.169801],[17.18629,43.169125],[17.182326,43.171172],[17.181773,43.173786],[17.175131,43.174078],[17.16887,43.17626],[17.162807,43.181148],[17.162367,43.185098],[17.160724,43.187178],[17.155492,43.189047],[17.153078,43.19272],[17.144936,43.19471],[17.143597,43.195391],[17.14421,43.195938],[17.13821,43.193575],[17.135269,43.197202],[17.112921,43.207328],[17.110799,43.210371],[17.111671,43.212123],[17.110837,43.215935],[17.10767,43.217814],[17.108423,43.222616],[17.106674,43.226508],[17.101259,43.228575],[17.093802,43.228087],[17.087258,43.230987],[17.08621,43.232607],[17.08253,43.232129],[17.077346,43.233661],[17.076355,43.240934],[17.072449,43.244019],[17.070887,43.243735],[17.071965,43.243613],[17.072777,43.242845],[17.069774,43.243523],[17.067753,43.24663],[17.062453,43.248901],[17.063119,43.253926],[17.060748,43.256906],[17.059496,43.262319],[17.056444,43.264164],[17.056378,43.266148],[17.054005,43.269236],[17.037443,43.275574],[17.034534,43.279286],[17.032263,43.27899],[17.026025,43.283851],[17.017579,43.288],[17.020338,43.291921],[17.018907,43.294349],[17.015025,43.294731],[17.016222,43.292005],[17.008511,43.294705],[17.012952,43.295488],[17.013783,43.297113],[17.012873,43.299615],[17.001057,43.305087],[17.001874,43.306005],[16.999547,43.309628],[16.995571,43.312455],[16.996099,43.313665],[16.993151,43.315175],[16.992635,43.317152],[16.984239,43.321842],[16.983707,43.323422],[16.98229,43.323088],[16.983112,43.323639],[16.978973,43.328118],[16.976475,43.328576],[16.971805,43.333201],[16.971982,43.334584],[16.969234,43.334803],[16.958481,43.342463],[16.956102,43.345986],[16.952068,43.348501],[16.950453,43.352567],[16.948458,43.353497],[16.948932,43.35588],[16.947767,43.358109],[16.945538,43.35838],[16.947146,43.356486],[16.944818,43.358814],[16.944405,43.36043],[16.937186,43.362116],[16.937485,43.363146],[16.934215,43.366331],[16.93195,43.366756],[16.932971,43.367167],[16.929012,43.366841],[16.928135,43.36886],[16.922711,43.369811],[16.922514,43.372926],[16.915525,43.377188],[16.913935,43.380308],[16.911211,43.380103],[16.908467,43.382326],[16.904564,43.38307],[16.902449,43.385697],[16.894648,43.390006],[16.890265,43.393871],[16.890163,43.397036],[16.888438,43.399813],[16.886065,43.400979],[16.868334,43.397343],[16.849474,43.401265],[16.830678,43.400414],[16.820987,43.4015],[16.813325,43.403954],[16.810838,43.403034],[16.807727,43.405007],[16.800977,43.40328],[16.796258,43.405234],[16.791114,43.403951],[16.786676,43.406621],[16.777301,43.405396],[16.775143,43.407115],[16.76428,43.409074],[16.750059,43.407299],[16.744211,43.408888],[16.741723,43.410958],[16.724959,43.41307],[16.723139,43.415761],[16.718557,43.415539],[16.717082,43.416246],[16.716381,43.418875],[16.711328,43.419602],[16.706882,43.428575],[16.70498,43.428986],[16.703137,43.434654],[16.696652,43.44099],[16.694512,43.441315],[16.694464,43.442519],[16.688091,43.439976],[16.68797,43.438727],[16.686626,43.437058],[16.687387,43.440104],[16.665563,43.438357],[16.662881,43.440017],[16.658604,43.439728],[16.652107,43.441403],[16.639399,43.437049],[16.639574,43.444145],[16.636127,43.445897],[16.629469,43.445764],[16.624177,43.452455],[16.602819,43.460433],[16.600681,43.459468],[16.600527,43.460824],[16.598166,43.460178],[16.599206,43.4612],[16.59539,43.459997],[16.588112,43.464473],[16.581967,43.464045],[16.574686,43.468592],[16.572214,43.47157],[16.563957,43.474639],[16.552951,43.483741],[16.547651,43.484918],[16.54627,43.486878],[16.536799,43.492041],[16.535425,43.498297],[16.533106,43.500151],[16.534456,43.500028],[16.534313,43.500551],[16.533543,43.500337],[16.532848,43.501286],[16.534296,43.500628],[16.533271,43.501464],[16.533974,43.502428],[16.530737,43.50392],[16.530889,43.504905],[16.528686,43.503821],[16.528517,43.502131],[16.526521,43.502968],[16.523031,43.50087],[16.523177,43.499642],[16.525919,43.499312],[16.52384,43.497704],[16.518302,43.500364],[16.497125,43.502352],[16.483316,43.500784],[16.476881,43.502368],[16.473211,43.500263],[16.472763,43.501354],[16.471211,43.500992],[16.471254,43.502117],[16.467396,43.501134],[16.465294,43.502322],[16.462462,43.499422],[16.458194,43.498859],[16.458207,43.499712],[16.459463,43.499267],[16.46235,43.499696],[16.462752,43.500881],[16.460718,43.500143],[16.462004,43.499975],[16.459101,43.499706],[16.460744,43.499878],[16.456952,43.500098],[16.458132,43.500683],[16.457248,43.501075],[16.456444,43.499854],[16.457351,43.499223],[16.454071,43.500899],[16.451382,43.499907],[16.447629,43.502499],[16.445425,43.50129],[16.446409,43.500348],[16.436164,43.501089],[16.441369,43.501322],[16.44188,43.502682],[16.439629,43.503179],[16.442623,43.503222],[16.442152,43.504915],[16.44017,43.504639],[16.442019,43.505166],[16.44138,43.506411],[16.438259,43.506421],[16.439438,43.507122],[16.436887,43.50797],[16.433458,43.507109],[16.427542,43.502506],[16.429306,43.500893],[16.42892,43.502374],[16.43037,43.503379],[16.429969,43.502331],[16.431106,43.502823],[16.429963,43.501885],[16.431356,43.502488],[16.429961,43.501433],[16.431354,43.502039],[16.429961,43.501319],[16.431804,43.501882],[16.430674,43.503859],[16.432638,43.502689],[16.431701,43.501592],[16.429672,43.500616],[16.424509,43.500932],[16.423439,43.502835],[16.41839,43.503863],[16.415847,43.502547],[16.401459,43.504565],[16.39977,43.505035],[16.400647,43.505176],[16.400373,43.507077],[16.398676,43.507958],[16.387932,43.507704],[16.389251,43.509699],[16.401637,43.514113],[16.401037,43.514829],[16.402567,43.515758],[16.40687,43.514342],[16.413928,43.514752],[16.415235,43.516279],[16.41999,43.516453],[16.415329,43.515979],[16.41529,43.515042],[16.417244,43.51575],[16.417586,43.514893],[16.417661,43.515753],[16.417996,43.514884],[16.418077,43.51574],[16.418412,43.51487],[16.418496,43.515732],[16.418827,43.514855],[16.418918,43.515803],[16.419354,43.514935],[16.419431,43.515789],[16.420394,43.514759],[16.420354,43.515695],[16.421107,43.515836],[16.420475,43.514652],[16.423347,43.515713],[16.421489,43.515824],[16.426068,43.516326],[16.425446,43.517751],[16.426127,43.516745],[16.426726,43.517508],[16.426285,43.516595],[16.427259,43.517635],[16.426371,43.51776],[16.426581,43.518504],[16.427074,43.518494],[16.427178,43.517739],[16.428103,43.518603],[16.426801,43.518954],[16.427991,43.520039],[16.426565,43.519868],[16.426599,43.520782],[16.42824,43.520743],[16.424415,43.521384],[16.424116,43.520059],[16.424365,43.521424],[16.420854,43.522527],[16.424117,43.524527],[16.424012,43.526414],[16.42435,43.524796],[16.43097,43.524251],[16.432797,43.527474],[16.426735,43.52838],[16.423299,43.526938],[16.427125,43.528597],[16.432923,43.527543],[16.437862,43.529896],[16.441403,43.530062],[16.440015,43.525764],[16.4437,43.526208],[16.444161,43.523649],[16.446648,43.530448],[16.448599,43.529883],[16.449239,43.527601],[16.451939,43.529065],[16.460867,43.527179],[16.464509,43.528454],[16.473108,43.527428],[16.465397,43.530568],[16.469277,43.53257],[16.470592,43.531433],[16.472469,43.532514],[16.477171,43.532119],[16.47604,43.534686],[16.469841,43.537092],[16.465585,43.536152],[16.459682,43.538695],[16.458888,43.537241],[16.457615,43.538421],[16.45471,43.537215],[16.439406,43.538776],[16.437103,43.540945],[16.43677,43.544175],[16.433299,43.544869],[16.427678,43.545463],[16.428818,43.54439],[16.423811,43.545943],[16.419778,43.544705],[16.418127,43.545925],[16.417876,43.544538],[16.409678,43.543962],[16.406199,43.544327],[16.405597,43.546419],[16.404116,43.545279],[16.403048,43.54661],[16.39196,43.548519],[16.39057,43.547717],[16.39033,43.552456],[16.393457,43.554939],[16.393317,43.557452],[16.395533,43.560096],[16.395071,43.562138],[16.392044,43.563444],[16.394128,43.564978],[16.394801,43.56944],[16.398736,43.570737],[16.391303,43.573093],[16.377881,43.575152],[16.378047,43.565594],[16.373432,43.559853],[16.370509,43.549806],[16.366792,43.550545],[16.364068,43.549673],[16.365168,43.550521],[16.363431,43.549949],[16.358779,43.5514],[16.355409,43.550471],[16.34799,43.551185],[16.345178,43.549141],[16.341604,43.54939],[16.339486,43.547465],[16.337781,43.547023],[16.33879,43.547754],[16.332902,43.54789],[16.321028,43.541801],[16.316746,43.541188],[16.316806,43.539936],[16.315219,43.54079],[16.309836,43.539148],[16.307263,43.535986],[16.30675,43.533214],[16.30259,43.531356],[16.300053,43.527524],[16.295672,43.526893],[16.294711,43.524383],[16.294956,43.525842],[16.294634,43.525889],[16.287639,43.524813],[16.279208,43.526718],[16.277738,43.525388],[16.278633,43.526558],[16.27608,43.527388],[16.277003,43.527864],[16.277612,43.530547],[16.276885,43.52795],[16.273048,43.526841],[16.270909,43.524819],[16.270166,43.52366],[16.254196,43.517669],[16.253759,43.518207],[16.249243,43.518129],[16.243678,43.5152],[16.239961,43.516583],[16.232289,43.51613],[16.232046,43.515218],[16.231614,43.516557],[16.222534,43.517901],[16.216929,43.515987],[16.211527,43.51098],[16.208146,43.510047],[16.198631,43.511549],[16.193883,43.508826],[16.182971,43.506985],[16.18026,43.50853],[16.184722,43.510232],[16.185372,43.511611],[16.18286,43.510668],[16.179486,43.513286],[16.169213,43.512589],[16.17073,43.517603],[16.173761,43.519175],[16.1791,43.519666]],[[16.185405,43.511766],[16.185759,43.511203],[16.185778,43.511681],[16.185405,43.511766]],[[16.426959,43.518384],[16.426502,43.518015],[16.426792,43.51796],[16.426959,43.518384]],[[16.408126,43.544434],[16.409601,43.544533],[16.409262,43.54487],[16.408126,43.544434]],[[16.989847,43.324568],[16.989847,43.324568],[16.991793,43.32195],[16.989847,43.324568]]],[[[16.24676,43.514989],[16.245984,43.516095],[16.249533,43.517962],[16.251537,43.518087],[16.25259,43.516624],[16.24676,43.514989]]],[[[14.023962,44.917409],[14.022212,44.918409],[14.020483,44.91635],[14.015422,44.916687],[14.012052,44.914917],[14.004935,44.914828],[14.000777,44.921863],[13.992951,44.921862],[13.993731,44.926752],[13.991248,44.929428],[13.990151,44.929765],[13.988218,44.926922],[13.985837,44.926347],[13.983674,44.926465],[13.981853,44.929056],[13.97896,44.929121],[13.977081,44.943068],[13.975655,44.948164],[13.972746,44.949121],[13.973035,44.950449],[13.977038,44.954225],[13.978224,44.952204],[13.977648,44.950442],[13.979611,44.94833],[13.980523,44.950486],[13.983677,44.948223],[13.986099,44.948527],[13.989069,44.951515],[13.988505,44.956186],[13.986616,44.9586],[13.990594,44.963853],[13.994738,44.963047],[13.995466,44.961608],[13.996586,44.962585],[13.997302,44.961425],[13.999808,44.961605],[14.004236,44.965046],[14.008962,44.96405],[14.021698,44.967235],[14.02387,44.962417],[14.029411,44.958941],[14.034606,44.953304],[14.031583,44.954162],[14.032329,44.952621],[14.031266,44.95161],[14.040228,44.947415],[14.040858,44.946301],[14.038549,44.944467],[14.044708,44.94468],[14.047013,44.942487],[14.045386,44.941475],[14.048986,44.940406],[14.05038,44.938188],[14.048263,44.93585],[14.043277,44.935342],[14.041436,44.933882],[14.045597,44.931555],[14.040724,44.929077],[14.042741,44.928169],[14.042576,44.926261],[14.038718,44.92569],[14.041809,44.923844],[14.039544,44.922243],[14.038724,44.918021],[14.035169,44.917297],[14.032538,44.919361],[14.031977,44.922657],[14.027358,44.926372],[14.026399,44.925241],[14.029003,44.919683],[14.025079,44.920175],[14.025832,44.918271],[14.023962,44.917409]]],[[[14.030608,44.922932],[14.030519,44.922975],[14.030648,44.922943],[14.030608,44.922932]]],[[[16.284671,43.369069],[16.285384,43.369326],[16.284712,43.368808],[16.284671,43.369069]]],[[[16.452997,43.499504],[16.452933,43.499524],[16.453036,43.499523],[16.452997,43.499504]]],[[[16.452561,43.499582],[16.452472,43.499625],[16.452765,43.499597],[16.452561,43.499582]]],[[[16.452084,43.499732],[16.452118,43.499702],[16.452072,43.499707],[16.452084,43.499732]]],[[[16.272411,43.524142],[16.270225,43.522863],[16.269836,43.523475],[16.270393,43.523586],[16.270551,43.524227],[16.272411,43.524142]]],[[[16.273264,43.524469],[16.276695,43.52465],[16.276158,43.524347],[16.275127,43.524072],[16.273264,43.524469]]],[[[16.270647,43.5243],[16.271247,43.524418],[16.272032,43.524294],[16.270647,43.5243]]],[[[16.273085,43.526754],[16.277366,43.526464],[16.27129,43.525001],[16.273085,43.526754]]],[[[16.465681,43.531775],[16.462262,43.530751],[16.460886,43.531333],[16.461265,43.53244],[16.465681,43.531775]]],[[[16.44499,43.535134],[16.44489,43.535118],[16.444891,43.535154],[16.44499,43.535134]]],[[[16.444842,43.535163],[16.444767,43.535128],[16.444793,43.535173],[16.444842,43.535163]]],[[[16.444608,43.535184],[16.444743,43.535146],[16.444595,43.535157],[16.444608,43.535184]]],[[[16.444325,43.53526],[16.444238,43.535234],[16.444238,43.53527],[16.444325,43.53526]]],[[[16.450019,43.535395],[16.449995,43.535413],[16.450045,43.535421],[16.450019,43.535395]]],[[[16.449353,43.535484],[16.449328,43.535457],[16.449329,43.535493],[16.449353,43.535484]]],[[[16.449749,43.535461],[16.4496,43.535463],[16.449626,43.535517],[16.449749,43.535461]]],[[[16.450109,43.535528],[16.449998,43.535512],[16.450011,43.535548],[16.450109,43.535528]]],[[[16.449565,43.535517],[16.449528,43.535554],[16.44959,43.535544],[16.449565,43.535517]]],[[[16.449505,43.535626],[16.449492,43.53559],[16.449481,43.535626],[16.449505,43.535626]]],[[[16.449926,43.535612],[16.449826,43.535568],[16.449716,43.535659],[16.449926,43.535612]]],[[[16.448984,43.535552],[16.448711,43.535528],[16.448864,43.535715],[16.448984,43.535552]]],[[[16.448703,43.535708],[16.448652,43.535637],[16.448642,43.535727],[16.448703,43.535708]]],[[[16.448109,43.535716],[16.448099,43.535797],[16.448295,43.535723],[16.448109,43.535716]]],[[[16.447864,43.535818],[16.447703,43.535784],[16.44773,43.535883],[16.447864,43.535818]]],[[[16.446527,43.535781],[16.445725,43.536394],[16.446957,43.536181],[16.446527,43.535781]]],[[[16.443904,43.536291],[16.443856,43.536355],[16.443954,43.536318],[16.443904,43.536291]]],[[[16.444028,43.536308],[16.443895,43.536435],[16.444189,43.536333],[16.444028,43.536308]]],[[[17.463646,43.004179],[17.462537,43.005126],[17.463766,43.004857],[17.463646,43.004179]]],[[[17.419161,43.044489],[17.418766,43.044113],[17.418711,43.044485],[17.419161,43.044489]]],[[[17.42402,43.056863],[17.423624,43.055971],[17.423765,43.056918],[17.42402,43.056863]]],[[[17.559208,42.93899],[17.558691,42.939472],[17.559413,42.93919],[17.559208,42.93899]]],[[[17.475149,42.99905],[17.475158,42.999431],[17.47541,42.999281],[17.475149,42.99905]]],[[[17.476547,42.999079],[17.476103,42.999574],[17.477147,42.998982],[17.476547,42.999079]]],[[[17.469336,43.000207],[17.469049,43.000014],[17.46885,43.000395],[17.469336,43.000207]]],[[[17.471118,43.000025],[17.470545,43.000688],[17.471675,43.000201],[17.471118,43.000025]]],[[[17.463319,43.003263],[17.462711,43.003745],[17.463514,43.003774],[17.463319,43.003263]]],[[[17.467893,43.000504],[17.465429,43.002037],[17.466517,43.004368],[17.463298,43.009728],[17.465604,43.009692],[17.469983,43.00672],[17.470348,43.003004],[17.467893,43.000504]]]]},"properties":{"id":6,"slug":"splitsko-makarska-nadbiskupija","name":"Splitsko-makarska Nadbiskupija","kind":"nadbiskupija","seat":"Split","oib":"49607807960","area_km2":3707.2,"population":415033,"settlement_count":334,"parish_count":188,"church_count":261,"method":"naselja (DGU) → biskupija sjedeće/najbliže župe, spojeno"}},{"type":"Feature","id":3,"geometry":{"type":"Polygon","coordinates":[[[16.076727,46.190244],[16.060701,46.190699],[16.058347,46.188001],[16.058041,46.184372],[16.055501,46.181572],[16.054618,46.17506],[16.044493,46.176064],[16.041865,46.172021],[16.039521,46.176197],[16.034537,46.175536],[16.032919,46.176727],[16.029992,46.175002],[16.028454,46.176466],[16.015799,46.175447],[16.010882,46.184978],[16.011004,46.186886],[16.008752,46.186336],[16.004432,46.187664],[15.995023,46.185321],[15.99055,46.179217],[15.987613,46.179096],[15.983148,46.17547],[15.981299,46.176523],[15.971718,46.175979],[15.971439,46.178839],[15.966145,46.179515],[15.967155,46.181051],[15.965493,46.184523],[15.966381,46.18655],[15.955437,46.19005],[15.949092,46.189812],[15.937956,46.194578],[15.917044,46.197566],[15.914096,46.197147],[15.91158,46.19481],[15.905297,46.193007],[15.896437,46.187499],[15.889818,46.185277],[15.87876,46.186659],[15.866583,46.186007],[15.867628,46.187325],[15.857977,46.187636],[15.863859,46.190207],[15.863814,46.191931],[15.86763,46.196304],[15.870721,46.196469],[15.873339,46.195335],[15.873405,46.19395],[15.876273,46.193375],[15.882515,46.194887],[15.884868,46.192666],[15.885979,46.19419],[15.8835,46.196377],[15.884799,46.196638],[15.885024,46.202475],[15.883233,46.204072],[15.866401,46.206046],[15.866692,46.207597],[15.871624,46.210543],[15.866036,46.218643],[15.860197,46.222518],[15.858496,46.221277],[15.856859,46.222184],[15.858405,46.226889],[15.855661,46.231233],[15.857554,46.234206],[15.8549,46.23489],[15.854731,46.239242],[15.852385,46.241575],[15.851692,46.248263],[15.84886,46.247358],[15.848024,46.248761],[15.846647,46.248128],[15.836855,46.253208],[15.833776,46.253627],[15.831654,46.252545],[15.831493,46.254655],[15.828464,46.256199],[15.824866,46.255276],[15.818315,46.249434],[15.816808,46.250543],[15.816102,46.25393],[15.813275,46.255288],[15.814074,46.262046],[15.822738,46.261329],[15.831237,46.262545],[15.839639,46.265932],[15.84739,46.265342],[15.863325,46.26757],[15.867737,46.270792],[15.868192,46.273637],[15.866666,46.275926],[15.877907,46.280674],[15.884307,46.280052],[15.897371,46.283821],[15.899475,46.286945],[15.89884,46.288418],[15.901179,46.289347],[15.903653,46.286973],[15.912806,46.289652],[15.915193,46.287717],[15.915438,46.28563],[15.916976,46.285354],[15.921988,46.287252],[15.92439,46.286542],[15.928629,46.288704],[15.932159,46.288637],[15.934029,46.290108],[15.942342,46.29007],[15.948315,46.294026],[15.9549,46.29425],[15.957335,46.296605],[15.964352,46.297493],[15.966979,46.299296],[15.969645,46.305808],[15.97294,46.308848],[15.975955,46.309041],[15.97715,46.312377],[15.982741,46.311367],[15.983773,46.30886],[15.9861,46.31047],[15.988848,46.310514],[15.988929,46.314521],[15.99018,46.314725],[15.995146,46.311273],[15.998175,46.310841],[15.998,46.309432],[16.001684,46.307398],[16.010135,46.310012],[16.013555,46.308751],[16.015364,46.30963],[16.016998,46.311903],[16.021876,46.314382],[16.022664,46.317275],[16.020769,46.318554],[16.020329,46.321077],[16.017989,46.321146],[16.021924,46.324545],[16.02827,46.326283],[16.028717,46.327494],[16.026714,46.329124],[16.027765,46.331833],[16.030622,46.332598],[16.036481,46.337202],[16.042537,46.337631],[16.048251,46.335028],[16.053146,46.335108],[16.061421,46.341879],[16.066712,46.341903],[16.068718,46.339802],[16.072306,46.341003],[16.073133,46.343267],[16.07621,46.344224],[16.077434,46.34598],[16.074269,46.354959],[16.075136,46.356688],[16.072443,46.361408],[16.072305,46.365043],[16.063784,46.373429],[16.061067,46.374298],[16.060827,46.376192],[16.05028,46.382091],[16.052547,46.383398],[16.052762,46.385494],[16.05547,46.386673],[16.053698,46.388326],[16.058142,46.393579],[16.088575,46.388589],[16.137884,46.404929],[16.147702,46.405022],[16.155909,46.402056],[16.167581,46.393418],[16.173944,46.390575],[16.173785,46.387667],[16.175536,46.385576],[16.17986,46.385082],[16.186589,46.387091],[16.19002,46.386292],[16.190044,46.383365],[16.187842,46.380551],[16.189003,46.377855],[16.202811,46.380486],[16.209467,46.384359],[16.214451,46.385284],[16.216969,46.38376],[16.217899,46.380161],[16.219818,46.378607],[16.224131,46.381486],[16.22542,46.386635],[16.230054,46.387728],[16.234631,46.386047],[16.236367,46.384053],[16.236823,46.38036],[16.238783,46.378684],[16.24815,46.38006],[16.265402,46.376117],[16.272244,46.378361],[16.30157,46.3784],[16.305098,46.386343],[16.302811,46.388668],[16.304316,46.390017],[16.304051,46.394036],[16.307201,46.394682],[16.307981,46.396589],[16.301818,46.400933],[16.299204,46.405617],[16.293805,46.408289],[16.291191,46.408282],[16.28756,46.412123],[16.282369,46.414957],[16.272374,46.415384],[16.273626,46.415833],[16.272586,46.417278],[16.27552,46.418998],[16.275581,46.422186],[16.273635,46.423156],[16.274087,46.426753],[16.272991,46.428804],[16.27417,46.429272],[16.270122,46.432467],[16.265808,46.438753],[16.266373,46.440938],[16.264423,46.443087],[16.265075,46.444778],[16.26365,46.44684],[16.26567,46.451784],[16.264486,46.455642],[16.259205,46.461032],[16.259823,46.468938],[16.258246,46.472494],[16.255624,46.47331],[16.255343,46.475837],[16.25226,46.479092],[16.251673,46.48149],[16.240798,46.484815],[16.242211,46.487893],[16.241761,46.498492],[16.246286,46.497882],[16.253081,46.501073],[16.260268,46.501058],[16.263335,46.504856],[16.26697,46.504945],[16.267814,46.509716],[16.265998,46.515352],[16.27072,46.515345],[16.271957,46.517828],[16.273727,46.51816],[16.271825,46.516778],[16.275079,46.51616],[16.275293,46.51396],[16.278364,46.515752],[16.282017,46.515264],[16.283644,46.516446],[16.284839,46.514492],[16.285738,46.515665],[16.289468,46.51478],[16.289693,46.51597],[16.291135,46.51606],[16.293356,46.514351],[16.292566,46.513453],[16.293826,46.512867],[16.295556,46.514762],[16.295068,46.513069],[16.299841,46.511713],[16.302281,46.513281],[16.307711,46.513832],[16.307631,46.517174],[16.310741,46.520359],[16.314542,46.52011],[16.31477,46.52344],[16.31324,46.523238],[16.312919,46.524427],[16.317836,46.525918],[16.319762,46.524337],[16.31911,46.523506],[16.320541,46.523372],[16.319068,46.519819],[16.319803,46.51692],[16.326962,46.516236],[16.327916,46.519633],[16.332309,46.520145],[16.333391,46.519442],[16.331576,46.513785],[16.336977,46.513056],[16.340483,46.514161],[16.342173,46.512775],[16.340135,46.510289],[16.339017,46.505042],[16.341962,46.501854],[16.348907,46.501368],[16.353562,46.504009],[16.360165,46.504965],[16.366517,46.508707],[16.367692,46.511194],[16.363587,46.512289],[16.365574,46.521256],[16.357711,46.519504],[16.356218,46.521057],[16.355873,46.5265],[16.353289,46.525054],[16.35023,46.526666],[16.353976,46.529388],[16.355433,46.533929],[16.358844,46.536623],[16.359056,46.538593],[16.358706,46.542665],[16.352598,46.544748],[16.351589,46.546853],[16.35265,46.549001],[16.353985,46.549084],[16.355676,46.547698],[16.355498,46.545811],[16.357446,46.544914],[16.361473,46.546771],[16.365888,46.546647],[16.367133,46.548718],[16.365544,46.552806],[16.368323,46.554997],[16.374235,46.552752],[16.380357,46.552493],[16.382149,46.550882],[16.381244,46.548838],[16.378797,46.547664],[16.369702,46.546866],[16.369076,46.54544],[16.370936,46.543389],[16.375993,46.541067],[16.380518,46.540693],[16.382056,46.542559],[16.384509,46.542099],[16.385727,46.541251],[16.386792,46.536161],[16.389988,46.535669],[16.396332,46.536049],[16.400647,46.539569],[16.403019,46.539156],[16.403751,46.53501],[16.401615,46.532246],[16.405934,46.52953],[16.407552,46.526587],[16.411295,46.527416],[16.412399,46.530197],[16.408069,46.53341],[16.409112,46.53395],[16.414936,46.532144],[16.418081,46.528886],[16.425394,46.527799],[16.424157,46.531597],[16.428699,46.532832],[16.430836,46.531383],[16.431531,46.527236],[16.434897,46.526869],[16.436376,46.528534],[16.440217,46.526172],[16.440887,46.52516],[16.438015,46.522792],[16.437578,46.519436],[16.437874,46.51735],[16.44061,46.515015],[16.447816,46.516191],[16.450946,46.517903],[16.459596,46.516359],[16.461591,46.520904],[16.464058,46.521408],[16.46544,46.519676],[16.461697,46.514468],[16.466588,46.512675],[16.465522,46.516302],[16.469776,46.517812],[16.471544,46.515576],[16.470107,46.511678],[16.475827,46.511501],[16.478496,46.512692],[16.480741,46.510721],[16.479437,46.50998],[16.480739,46.508885],[16.488197,46.508267],[16.488062,46.506338],[16.485294,46.502961],[16.48744,46.500746],[16.49065,46.500312],[16.492894,46.49756],[16.508792,46.495336],[16.507535,46.492131],[16.514269,46.49249],[16.517487,46.490967],[16.518119,46.488433],[16.514717,46.485534],[16.514231,46.483028],[16.521795,46.478227],[16.533109,46.480996],[16.543559,46.47579],[16.554664,46.480537],[16.557021,46.479623],[16.557583,46.476904],[16.562246,46.477132],[16.5625,46.474435],[16.564422,46.473425],[16.575059,46.471395],[16.585522,46.471913],[16.586184,46.474173],[16.58915,46.474951],[16.592487,46.474761],[16.595519,46.472813],[16.598255,46.47705],[16.605854,46.476411],[16.606576,46.473154],[16.610013,46.471438],[16.610885,46.468715],[16.614688,46.468035],[16.61704,46.464726],[16.623497,46.468326],[16.627484,46.466814],[16.628179,46.463263],[16.630211,46.461705],[16.632967,46.461977],[16.636026,46.464684],[16.646306,46.464178],[16.663653,46.459565],[16.666194,46.45595],[16.665744,46.452846],[16.663662,46.450639],[16.658257,46.448736],[16.657593,46.445979],[16.660788,46.445091],[16.667815,46.449197],[16.673229,46.448812],[16.675123,46.443442],[16.68008,46.439773],[16.689276,46.425243],[16.699832,46.413701],[16.704445,46.405894],[16.715628,46.39814],[16.716201,46.394229],[16.718709,46.391545],[16.722629,46.39254],[16.723689,46.397873],[16.726417,46.400214],[16.733823,46.401145],[16.739789,46.398586],[16.739047,46.389586],[16.740586,46.387583],[16.743841,46.38562],[16.75086,46.388388],[16.754405,46.387982],[16.755998,46.386402],[16.756878,46.381601],[16.759185,46.379209],[16.763583,46.379255],[16.76641,46.384243],[16.770233,46.385853],[16.772046,46.385169],[16.776173,46.379112],[16.779051,46.379041],[16.78489,46.384346],[16.793257,46.387079],[16.80183,46.384721],[16.803145,46.37784],[16.810912,46.376922],[16.814158,46.371103],[16.816764,46.371017],[16.819778,46.373239],[16.822239,46.373424],[16.824099,46.372461],[16.825174,46.368432],[16.828318,46.367453],[16.831122,46.36931],[16.832902,46.374287],[16.837587,46.373977],[16.838689,46.372229],[16.836185,46.368481],[16.836169,46.364969],[16.843626,46.363952],[16.850729,46.36128],[16.850702,46.35465],[16.855889,46.35239],[16.862612,46.355156],[16.865761,46.354658],[16.86691,46.35124],[16.861424,46.347513],[16.861799,46.346468],[16.864223,46.344783],[16.873522,46.343145],[16.874544,46.341297],[16.871212,46.337942],[16.872164,46.336389],[16.879908,46.33626],[16.879831,46.33295],[16.874378,46.327817],[16.873058,46.324686],[16.877119,46.318783],[16.875271,46.313219],[16.877191,46.307127],[16.879736,46.303582],[16.885146,46.300878],[16.885727,46.298951],[16.88401,46.29852],[16.886956,46.295179],[16.887121,46.289829],[16.885103,46.283658],[16.887032,46.280075],[16.902771,46.274334],[16.907826,46.266465],[16.913333,46.262148],[16.91813,46.260414],[16.926115,46.25978],[16.933871,46.254168],[16.935598,46.254424],[16.93758,46.249939],[16.944493,46.246411],[16.95251,46.240079],[16.954803,46.23916],[16.957206,46.241307],[16.960688,46.239885],[16.966376,46.239961],[16.969513,46.242582],[16.973173,46.242723],[16.975425,46.239684],[16.973593,46.236281],[16.973959,46.234662],[16.971154,46.234197],[16.973192,46.231933],[16.972149,46.231019],[16.973641,46.227387],[16.973071,46.224797],[16.978392,46.223514],[16.980714,46.224674],[16.983735,46.222047],[16.987771,46.224909],[16.989901,46.224843],[16.993345,46.221158],[16.995989,46.220225],[16.999449,46.22292],[17.003711,46.221623],[17.005941,46.222795],[17.052982,46.202704],[17.066298,46.202094],[17.065678,46.19753],[17.068557,46.193897],[17.073953,46.191001],[17.075413,46.188829],[17.080242,46.188232],[17.082005,46.18571],[17.085314,46.185784],[17.086672,46.188307],[17.09004,46.189524],[17.095535,46.187078],[17.101404,46.186468],[17.102742,46.185302],[17.102669,46.181601],[17.110964,46.176091],[17.114663,46.176872],[17.117994,46.179336],[17.123102,46.178874],[17.124387,46.177025],[17.123153,46.17288],[17.125311,46.168453],[17.128322,46.169152],[17.134064,46.167882],[17.140367,46.172662],[17.145327,46.170389],[17.153171,46.171604],[17.157986,46.170188],[17.160004,46.168395],[17.157546,46.167118],[17.159134,46.164826],[17.156383,46.163955],[17.157261,46.162731],[17.156099,46.16187],[17.157418,46.160861],[17.15609,46.158658],[17.161752,46.154956],[17.170467,46.156181],[17.172552,46.153939],[17.180706,46.150557],[17.180398,46.148537],[17.178703,46.147939],[17.177277,46.145307],[17.181442,46.14078],[17.17966,46.139313],[17.180633,46.136694],[17.182638,46.136457],[17.186066,46.132829],[17.178061,46.129136],[17.174341,46.129177],[17.175784,46.127696],[17.174863,46.126153],[17.176682,46.122305],[17.180419,46.122086],[17.181892,46.119121],[17.177755,46.112833],[17.175984,46.112537],[17.176062,46.108987],[17.177947,46.107147],[17.185795,46.106438],[17.196779,46.111165],[17.203136,46.112284],[17.20719,46.111364],[17.209022,46.108612],[17.210102,46.108997],[17.210665,46.112741],[17.214723,46.114282],[17.217751,46.112582],[17.218458,46.109098],[17.209484,46.099336],[17.212591,46.098334],[17.215927,46.099073],[17.219327,46.097668],[17.220374,46.099014],[17.230076,46.099756],[17.233439,46.097733],[17.233108,46.096659],[17.223361,46.094227],[17.221476,46.089961],[17.218206,46.086687],[17.21786,46.084377],[17.219129,46.08267],[17.213829,46.081908],[17.206215,46.083172],[17.201187,46.080121],[17.201593,46.077459],[17.207319,46.076174],[17.221305,46.081269],[17.232163,46.080095],[17.239303,46.076426],[17.23866,46.071147],[17.240867,46.065643],[17.244487,46.06421],[17.251759,46.064423],[17.247963,46.06172],[17.243804,46.061264],[17.232371,46.065882],[17.229166,46.06351],[17.231384,46.060413],[17.244709,46.057823],[17.25124,46.058628],[17.264963,46.056739],[17.269993,46.057346],[17.271715,46.053397],[17.260368,46.046526],[17.257674,46.046242],[17.259555,46.032532],[17.254968,46.031086],[17.25457,46.029962],[17.257023,46.029839],[17.262073,46.032928],[17.269138,46.033602],[17.281881,46.031278],[17.292229,46.032293],[17.294661,46.031102],[17.295907,46.028284],[17.293623,46.023607],[17.277576,46.02075],[17.271971,46.020998],[17.272481,46.019503],[17.271139,46.017134],[17.259584,46.014654],[17.258211,46.013765],[17.258207,46.011557],[17.263652,46.009188],[17.270619,46.008267],[17.277122,46.00235],[17.283171,46.000469],[17.290576,46.000844],[17.299097,46.00376],[17.304435,46.002502],[17.306173,46.00002],[17.304632,45.996402],[17.301868,45.994419],[17.296219,45.993409],[17.294269,45.990543],[17.294455,45.988435],[17.297971,45.983642],[17.308727,45.981573],[17.310575,45.986982],[17.315221,45.990874],[17.320615,45.990611],[17.324022,45.986909],[17.321418,45.982659],[17.316648,45.980263],[17.317886,45.978874],[17.317572,45.976399],[17.309608,45.973334],[17.308451,45.971624],[17.309542,45.968226],[17.313211,45.966345],[17.307492,45.961877],[17.312665,45.958426],[17.311256,45.957647],[17.31255,45.955964],[17.310503,45.95512],[17.309385,45.952951],[17.304748,45.952271],[17.304138,45.951144],[17.305863,45.949648],[17.29982,45.944951],[17.290327,45.942574],[17.288401,45.939248],[17.283334,45.936486],[17.273424,45.924997],[17.272357,45.921189],[17.26536,45.919042],[17.254281,45.918226],[17.23607,45.912999],[17.231592,45.916675],[17.231561,45.922162],[17.222512,45.925903],[17.221972,45.931705],[17.215361,45.932211],[17.215441,45.933136],[17.208214,45.934784],[17.207859,45.933745],[17.203415,45.936589],[17.195765,45.937438],[17.191374,45.928932],[17.188714,45.92933],[17.190028,45.931101],[17.188356,45.931583],[17.184326,45.92972],[17.182939,45.926574],[17.178957,45.924316],[17.169861,45.926004],[17.170201,45.923152],[17.164324,45.924036],[17.153783,45.908316],[17.15853,45.908042],[17.154246,45.901001],[17.160089,45.897447],[17.158419,45.893675],[17.153766,45.894399],[17.150035,45.890581],[17.148467,45.884663],[17.143826,45.883324],[17.142451,45.881527],[17.143219,45.880624],[17.146009,45.8826],[17.149464,45.883044],[17.15008,45.887734],[17.151789,45.889321],[17.156132,45.884112],[17.154294,45.882319],[17.157405,45.88045],[17.156543,45.877324],[17.161361,45.876062],[17.158999,45.87146],[17.145985,45.877203],[17.140828,45.876093],[17.132726,45.880131],[17.127838,45.879719],[17.124507,45.882801],[17.122053,45.883364],[17.115213,45.880542],[17.10796,45.882426],[17.104389,45.886044],[17.101973,45.890436],[17.102395,45.892168],[17.099688,45.893896],[17.097937,45.899845],[17.095717,45.901561],[17.091505,45.902321],[17.090871,45.904447],[17.086679,45.901466],[17.075234,45.903637],[17.066258,45.909034],[17.065042,45.912425],[17.060141,45.916018],[17.061835,45.924799],[17.063376,45.92614],[17.051534,45.939779],[17.048821,45.939327],[17.04924,45.94051],[17.047644,45.940794],[17.047566,45.941945],[17.045923,45.939029],[17.038443,45.935853],[17.036959,45.936317],[17.027754,45.928902],[17.022747,45.929713],[17.019727,45.934065],[17.017159,45.931826],[17.007549,45.934274],[16.993768,45.931599],[16.98614,45.931862],[16.985797,45.934243],[16.992173,45.943249],[16.991807,45.954459],[16.993808,45.958454],[16.993658,45.96085],[16.997089,45.966093],[16.995795,45.970696],[16.981767,45.975804],[16.978292,45.979294],[16.972896,45.977797],[16.971042,45.978635],[16.969316,45.984315],[16.963687,45.984385],[16.955373,45.987123],[16.95501,45.989486],[16.950989,45.992248],[16.938953,45.992349],[16.937541,45.989934],[16.934165,45.989521],[16.931903,45.985863],[16.924244,45.985938],[16.925763,45.990002],[16.928199,45.992411],[16.928259,45.994572],[16.931096,45.997377],[16.931274,45.999961],[16.922453,46.004286],[16.921011,46.003852],[16.921397,46.007729],[16.920318,46.009064],[16.911919,46.009996],[16.910253,46.008758],[16.909874,46.012213],[16.905914,46.015114],[16.908621,46.018513],[16.903587,46.019826],[16.90254,46.022611],[16.896774,46.023091],[16.896762,46.02102],[16.897908,46.020479],[16.895926,46.015573],[16.894645,46.005139],[16.892358,46.007144],[16.890379,46.007196],[16.885706,46.004356],[16.883794,46.006624],[16.876198,46.005942],[16.872802,46.00685],[16.868282,46.011399],[16.851457,46.012413],[16.852825,46.016567],[16.847986,46.01432],[16.841996,46.016991],[16.842373,46.014583],[16.847195,46.013707],[16.841823,46.009743],[16.839783,46.009962],[16.839293,46.015423],[16.829919,46.013533],[16.828989,46.017021],[16.827534,46.01716],[16.82809,46.020516],[16.819462,46.023332],[16.81766,46.018952],[16.820488,46.016057],[16.82015,46.012795],[16.8138,46.014658],[16.813756,46.016678],[16.811913,46.015497],[16.810521,46.016061],[16.810143,46.017048],[16.811999,46.01749],[16.814146,46.020546],[16.811472,46.02418],[16.808891,46.022659],[16.808395,46.026753],[16.802591,46.030035],[16.805343,46.034421],[16.798408,46.032524],[16.793683,46.035254],[16.791205,46.034418],[16.786139,46.035677],[16.777348,46.041003],[16.77814,46.045802],[16.785581,46.046135],[16.783578,46.046965],[16.791174,46.053684],[16.791404,46.055706],[16.789309,46.056156],[16.791588,46.064949],[16.79299,46.064969],[16.794813,46.068722],[16.790636,46.070293],[16.7916,46.076616],[16.799432,46.080053],[16.804454,46.08425],[16.804645,46.085785],[16.800077,46.088553],[16.795929,46.082498],[16.791433,46.080688],[16.791315,46.078516],[16.789142,46.076336],[16.790722,46.074752],[16.788214,46.06942],[16.784877,46.064065],[16.781695,46.06308],[16.778055,46.063305],[16.774829,46.065121],[16.768965,46.064319],[16.771172,46.0686],[16.76949,46.070148],[16.769022,46.077311],[16.766933,46.077403],[16.768032,46.080766],[16.770869,46.081299],[16.772134,46.083207],[16.771651,46.084555],[16.767855,46.084689],[16.765436,46.082503],[16.75302,46.079178],[16.750202,46.080649],[16.750031,46.082477],[16.753708,46.086674],[16.752397,46.087471],[16.745483,46.08171],[16.744328,46.077069],[16.740838,46.077914],[16.739642,46.080114],[16.740738,46.084675],[16.738128,46.085282],[16.730281,46.078518],[16.731708,46.076879],[16.730844,46.0753],[16.728888,46.077307],[16.728377,46.08134],[16.723066,46.084345],[16.716916,46.091011],[16.713364,46.092501],[16.715595,46.093892],[16.715714,46.095799],[16.713173,46.098073],[16.718163,46.099898],[16.719333,46.101581],[16.723093,46.101553],[16.722292,46.102958],[16.726067,46.105724],[16.728265,46.105102],[16.726755,46.106438],[16.727588,46.107225],[16.72056,46.111693],[16.723812,46.11484],[16.713926,46.114174],[16.713934,46.116247],[16.707125,46.115555],[16.700158,46.117555],[16.697079,46.115364],[16.6915,46.117898],[16.686598,46.121305],[16.682761,46.128199],[16.669166,46.135967],[16.669157,46.138174],[16.666208,46.138485],[16.665756,46.139568],[16.663579,46.138557],[16.661261,46.140198],[16.661579,46.14281],[16.651044,46.144341],[16.643892,46.150339],[16.637865,46.151129],[16.636704,46.156071],[16.634711,46.157726],[16.636263,46.162768],[16.63358,46.164569],[16.622539,46.162733],[16.616091,46.163027],[16.614366,46.162431],[16.612361,46.159217],[16.607224,46.163855],[16.606907,46.165618],[16.611574,46.169911],[16.610812,46.17137],[16.605982,46.173371],[16.60659,46.174261],[16.610953,46.172789],[16.616345,46.17974],[16.613229,46.180247],[16.612647,46.178559],[16.610098,46.177984],[16.607851,46.181538],[16.604234,46.183725],[16.603371,46.183584],[16.603648,46.180945],[16.600293,46.177904],[16.597048,46.172379],[16.593871,46.172738],[16.594121,46.17689],[16.59159,46.173827],[16.588067,46.176321],[16.573357,46.181002],[16.57108,46.180171],[16.570913,46.178817],[16.561729,46.181017],[16.557635,46.17581],[16.556617,46.17755],[16.55218,46.179348],[16.546446,46.18019],[16.543789,46.178414],[16.543958,46.177149],[16.548039,46.174659],[16.547926,46.172237],[16.551507,46.171171],[16.54853,46.165703],[16.536928,46.169745],[16.516456,46.169132],[16.508549,46.167519],[16.503275,46.169153],[16.491616,46.166456],[16.490036,46.164663],[16.485465,46.163847],[16.484718,46.162297],[16.477253,46.162282],[16.472897,46.163869],[16.472164,46.166443],[16.469946,46.167631],[16.461752,46.168658],[16.457328,46.167102],[16.446464,46.167189],[16.438142,46.165655],[16.434441,46.166713],[16.429536,46.164021],[16.428336,46.160687],[16.422386,46.156651],[16.425012,46.154613],[16.423233,46.153298],[16.423834,46.150655],[16.421496,46.14685],[16.422689,46.144743],[16.414288,46.144563],[16.389906,46.133097],[16.384011,46.131922],[16.374733,46.132718],[16.374661,46.134246],[16.371746,46.136026],[16.365083,46.132585],[16.365984,46.131101],[16.358817,46.130947],[16.352308,46.126833],[16.33946,46.127598],[16.33864,46.128591],[16.332521,46.126876],[16.32952,46.128654],[16.330838,46.133775],[16.320494,46.130509],[16.305458,46.128767],[16.305792,46.125257],[16.302984,46.124953],[16.301167,46.122826],[16.296197,46.120624],[16.294871,46.118052],[16.292405,46.12177],[16.288444,46.122224],[16.286474,46.124722],[16.289636,46.127377],[16.289255,46.130022],[16.290774,46.13236],[16.289979,46.135116],[16.285455,46.140032],[16.281101,46.139022],[16.279897,46.141525],[16.276969,46.141961],[16.259147,46.141142],[16.256862,46.142353],[16.257736,46.143988],[16.24387,46.146093],[16.243742,46.147702],[16.246259,46.14953],[16.252979,46.15077],[16.253267,46.153506],[16.249354,46.157887],[16.245897,46.158794],[16.239806,46.164422],[16.23857,46.169223],[16.234781,46.173391],[16.232074,46.172053],[16.229169,46.172497],[16.236716,46.180762],[16.248422,46.183539],[16.250076,46.186347],[16.248389,46.190383],[16.24374,46.187187],[16.235695,46.190372],[16.22445,46.190514],[16.213956,46.18828],[16.201539,46.190304],[16.197366,46.1924],[16.196387,46.1971],[16.200119,46.197335],[16.20042,46.198458],[16.20252,46.198249],[16.206491,46.200397],[16.205103,46.201277],[16.206143,46.202763],[16.203511,46.207918],[16.198529,46.211922],[16.188691,46.210372],[16.185016,46.205483],[16.181858,46.203837],[16.16474,46.201067],[16.162845,46.193349],[16.164139,46.190852],[16.153625,46.188732],[16.149992,46.182251],[16.146469,46.17886],[16.137551,46.18109],[16.128074,46.180905],[16.126133,46.182176],[16.118925,46.179864],[16.112967,46.179896],[16.111715,46.181806],[16.106497,46.18442],[16.108356,46.186437],[16.108445,46.19027],[16.102454,46.196799],[16.095553,46.194474],[16.088073,46.196048],[16.085431,46.193566],[16.076727,46.190244]],[[16.334467,46.493268],[16.332548,46.491446],[16.332102,46.487883],[16.340332,46.48775],[16.340903,46.490439],[16.339372,46.491904],[16.34197,46.492539],[16.342798,46.493694],[16.34186,46.494999],[16.343773,46.494959],[16.344132,46.496226],[16.346682,46.497115],[16.346879,46.499046],[16.345675,46.500299],[16.339572,46.498795],[16.335176,46.500697],[16.33374,46.498597],[16.335469,46.498481],[16.335385,46.497483],[16.330575,46.497192],[16.332427,46.49395],[16.334467,46.493268]]]},"properties":{"id":3,"slug":"varazdinska-biskupija","name":"Varaždinska Biskupija","kind":"biskupija","seat":"Varaždin","oib":"36594242059","area_km2":3178.9,"population":336850,"settlement_count":530,"parish_count":105,"church_count":292,"method":"naselja (DGU) → biskupija sjedeće/najbliže župe, spojeno"}},{"type":"Feature","id":11,"geometry":{"type":"MultiPolygon","coordinates":[[[[14.862607,44.141074],[14.853904,44.142515],[14.846513,44.147557],[14.844838,44.150463],[14.845251,44.152108],[14.855755,44.147506],[14.855658,44.151679],[14.861547,44.149266],[14.867698,44.144211],[14.867286,44.142633],[14.863953,44.142579],[14.866486,44.140889],[14.873771,44.140621],[14.878536,44.13879],[14.88066,44.139735],[14.877282,44.146032],[14.871902,44.150784],[14.869524,44.150967],[14.86689,44.15305],[14.868078,44.154225],[14.865036,44.156284],[14.863063,44.161644],[14.860746,44.163482],[14.861221,44.16706],[14.858008,44.166568],[14.856342,44.167758],[14.855419,44.170103],[14.856182,44.171365],[14.853949,44.173101],[14.856435,44.174689],[14.856707,44.177308],[14.860764,44.174914],[14.860144,44.171804],[14.862327,44.17069],[14.865332,44.171541],[14.872497,44.167499],[14.872471,44.165619],[14.868707,44.165236],[14.86992,44.164033],[14.879765,44.162579],[14.88262,44.164642],[14.884571,44.162492],[14.880254,44.161585],[14.880708,44.159849],[14.883631,44.157807],[14.88548,44.158745],[14.888775,44.15719],[14.889469,44.155869],[14.888455,44.154242],[14.889878,44.151907],[14.892705,44.150474],[14.892189,44.151806],[14.893961,44.152769],[14.896869,44.152623],[14.902576,44.146919],[14.911445,44.142199],[14.909656,44.139595],[14.906015,44.140373],[14.905078,44.13991],[14.910512,44.134359],[14.909871,44.133023],[14.913671,44.131922],[14.914503,44.130725],[14.913646,44.128717],[14.916518,44.129336],[14.919678,44.127312],[14.921997,44.12467],[14.921271,44.122694],[14.929275,44.120463],[14.929116,44.118736],[14.93173,44.120157],[14.935579,44.119108],[14.932837,44.121737],[14.934675,44.123069],[14.944214,44.119232],[14.946447,44.116566],[14.943148,44.114793],[14.939395,44.11013],[14.940147,44.109351],[14.942881,44.110317],[14.94686,44.10812],[14.948366,44.10457],[14.946118,44.103029],[14.951274,44.101691],[14.955739,44.097906],[14.961408,44.097679],[14.970468,44.089244],[14.98285,44.085893],[14.986877,44.086284],[14.98713,44.084151],[14.998216,44.078446],[14.999812,44.079875],[14.998264,44.083207],[14.996337,44.084077],[14.995161,44.087934],[15.000291,44.087681],[15.009574,44.082395],[15.008647,44.079355],[15.00935,44.073699],[15.006879,44.075008],[15.003932,44.073792],[15.002098,44.074867],[15.001233,44.074871],[15.005012,44.071867],[15.004103,44.068822],[15.005438,44.068478],[15.00716,44.070303],[15.009471,44.069037],[15.010011,44.070351],[15.014374,44.071292],[15.018799,44.066899],[15.017922,44.065311],[15.019444,44.062076],[15.022518,44.0617],[15.024013,44.063534],[15.023604,44.058309],[15.021716,44.057347],[15.023909,44.056069],[15.025164,44.051698],[15.028324,44.047333],[15.028159,44.045712],[15.024671,44.045946],[15.028174,44.043134],[15.02751,44.041472],[15.029144,44.036286],[15.035443,44.029386],[15.036414,44.02669],[15.038398,44.026048],[15.039129,44.022979],[15.045365,44.019651],[15.045599,44.016599],[15.048433,44.011192],[15.051991,44.007251],[15.05961,44.002248],[15.060858,43.999899],[15.06288,43.999653],[15.06498,44.001454],[15.069687,43.9997],[15.077016,43.992597],[15.076985,43.990115],[15.0803,43.990634],[15.085489,43.986867],[15.085807,43.984754],[15.089925,43.983336],[15.095821,43.978642],[15.098052,43.978475],[15.096802,43.979699],[15.100145,43.983553],[15.097014,43.985359],[15.097448,43.987341],[15.095653,43.989822],[15.097938,43.990033],[15.102123,43.986133],[15.119581,43.979966],[15.121325,43.978351],[15.121524,43.975579],[15.117882,43.973903],[15.116902,43.971577],[15.114564,43.971251],[15.115875,43.970584],[15.115387,43.969738],[15.116657,43.970942],[15.119206,43.970192],[15.125204,43.965785],[15.125356,43.963338],[15.127996,43.959714],[15.144918,43.955418],[15.145468,43.952596],[15.147701,43.950443],[15.14401,43.950284],[15.144247,43.948328],[15.146003,43.94848],[15.145931,43.946906],[15.150049,43.948059],[15.151941,43.950986],[15.149978,43.947605],[15.158808,43.941752],[15.159242,43.938129],[15.162343,43.941255],[15.16816,43.939227],[15.169634,43.93664],[15.164843,43.937567],[15.16752,43.935096],[15.168434,43.935825],[15.167812,43.934961],[15.171307,43.93083],[15.177114,43.926754],[15.173521,43.925457],[15.176379,43.923994],[15.180011,43.925033],[15.183975,43.923397],[15.193109,43.917112],[15.192653,43.91511],[15.194331,43.914304],[15.1962,43.917142],[15.208252,43.912717],[15.209946,43.913512],[15.211782,43.911236],[15.215036,43.910337],[15.223399,43.904732],[15.225449,43.901205],[15.225832,43.896028],[15.219803,43.899293],[15.213597,43.898831],[15.217446,43.895334],[15.219351,43.89096],[15.217853,43.88912],[15.223563,43.887707],[15.226983,43.88511],[15.226909,43.882604],[15.222695,43.88082],[15.225648,43.87971],[15.226173,43.87692],[15.225426,43.876044],[15.22281,43.878091],[15.218569,43.875776],[15.217563,43.877208],[15.219082,43.878997],[15.214885,43.879698],[15.210198,43.876386],[15.20793,43.876155],[15.207921,43.877763],[15.213671,43.880009],[15.214774,43.882344],[15.217086,43.883442],[15.216974,43.884871],[15.213527,43.886491],[15.214149,43.888105],[15.217371,43.889483],[15.213679,43.891685],[15.2139,43.890214],[15.21108,43.889646],[15.21003,43.887618],[15.205969,43.891799],[15.203104,43.889084],[15.200517,43.891852],[15.193048,43.895638],[15.189435,43.901438],[15.18901,43.90506],[15.188688,43.897342],[15.183439,43.901991],[15.179397,43.901541],[15.177298,43.904896],[15.175299,43.902914],[15.169986,43.905063],[15.169586,43.901434],[15.161664,43.904727],[15.161102,43.902875],[15.156542,43.901801],[15.156363,43.902997],[15.159358,43.906074],[15.156515,43.908211],[15.158163,43.909205],[15.165192,43.908896],[15.151981,43.918171],[15.150168,43.918109],[15.149147,43.916097],[15.146821,43.916069],[15.149663,43.918359],[15.146554,43.923853],[15.141705,43.925185],[15.137653,43.928761],[15.13717,43.927248],[15.13854,43.924813],[15.134186,43.926289],[15.132054,43.922826],[15.129011,43.921745],[15.13066,43.919329],[15.135794,43.916631],[15.135565,43.915301],[15.132791,43.914588],[15.145673,43.914944],[15.145433,43.912439],[15.148914,43.907713],[15.148876,43.903994],[15.151684,43.90291],[15.15275,43.9002],[15.148941,43.899579],[15.158958,43.891133],[15.16251,43.89385],[15.163538,43.896943],[15.168516,43.896935],[15.172977,43.894047],[15.172744,43.892524],[15.171254,43.89286],[15.173616,43.886918],[15.178355,43.886146],[15.180861,43.882852],[15.184385,43.883266],[15.189398,43.878524],[15.190608,43.880035],[15.194802,43.880661],[15.199802,43.878127],[15.200671,43.87356],[15.196591,43.870625],[15.19494,43.87118],[15.196614,43.868221],[15.201104,43.866617],[15.19848,43.865079],[15.189218,43.870279],[15.1856,43.871056],[15.184369,43.872233],[15.185529,43.874986],[15.179453,43.875177],[15.178859,43.876634],[15.180186,43.878794],[15.177909,43.878177],[15.170751,43.882131],[15.165539,43.883352],[15.161255,43.885826],[15.157243,43.890503],[15.152008,43.892417],[15.14034,43.901066],[15.131528,43.90459],[15.126341,43.909072],[15.126579,43.910107],[15.114588,43.91779],[15.114154,43.919509],[15.106029,43.925917],[15.102692,43.92717],[15.095982,43.935583],[15.091289,43.938817],[15.091008,43.941035],[15.087917,43.942899],[15.086024,43.946958],[15.077787,43.950484],[15.080492,43.950307],[15.08114,43.95253],[15.078515,43.95407],[15.07828,43.9563],[15.07298,43.955959],[15.072419,43.958606],[15.069065,43.960295],[15.068933,43.962502],[15.06738,43.963076],[15.065565,43.966645],[15.065953,43.967975],[15.063644,43.968343],[15.061412,43.970516],[15.063221,43.973425],[15.058827,43.973523],[15.056159,43.977385],[15.057582,43.980136],[15.054619,43.980093],[15.051521,43.98245],[15.051896,43.983538],[15.049865,43.983917],[15.046244,43.990364],[15.036442,44.001455],[15.036886,44.002945],[15.033812,44.005962],[15.030389,44.006814],[15.026532,44.010778],[15.025244,44.013791],[15.026923,44.016725],[15.024482,44.016948],[15.020722,44.021075],[15.020238,44.024846],[15.015845,44.027653],[15.016672,44.028334],[15.012225,44.033125],[15.012649,44.034449],[15.01036,44.034288],[15.00572,44.04],[15.003012,44.039165],[15.002444,44.040883],[15.004132,44.042198],[15.002311,44.043936],[14.99939,44.042892],[14.996421,44.046786],[14.996773,44.048635],[14.994537,44.047982],[14.991839,44.050584],[14.990515,44.05277],[14.992285,44.056389],[14.987273,44.054461],[14.983279,44.058519],[14.980204,44.058847],[14.981059,44.060104],[14.979559,44.060335],[14.97955,44.062359],[14.97754,44.06146],[14.974005,44.064296],[14.970532,44.067917],[14.970693,44.069448],[14.962075,44.072224],[14.95719,44.076874],[14.946899,44.080254],[14.944939,44.083186],[14.939314,44.084344],[14.936144,44.086691],[14.931895,44.093609],[14.926441,44.096638],[14.92436,44.101527],[14.918482,44.106996],[14.897784,44.120244],[14.888351,44.128074],[14.873456,44.134554],[14.870852,44.13275],[14.873549,44.129005],[14.872437,44.125996],[14.875696,44.12444],[14.87353,44.124006],[14.865145,44.129009],[14.859994,44.129648],[14.857395,44.132377],[14.844292,44.136],[14.832491,44.140672],[14.831089,44.142793],[14.827909,44.142951],[14.827737,44.145788],[14.823742,44.146057],[14.821738,44.151066],[14.818825,44.15187],[14.821181,44.15342],[14.818817,44.15534],[14.824034,44.159],[14.824896,44.1623],[14.829521,44.161964],[14.831103,44.164372],[14.832907,44.164697],[14.838148,44.16069],[14.832982,44.160634],[14.830385,44.162167],[14.82839,44.161351],[14.828812,44.160429],[14.825925,44.159852],[14.824711,44.156415],[14.827065,44.155108],[14.825704,44.153636],[14.829928,44.154121],[14.834051,44.15052],[14.834633,44.148604],[14.83304,44.147401],[14.833853,44.146148],[14.835879,44.145537],[14.837563,44.146957],[14.844775,44.143047],[14.85154,44.142692],[14.854901,44.139908],[14.854854,44.136912],[14.856444,44.135418],[14.86069,44.135339],[14.86305,44.139107],[14.862607,44.141074]]],[[[14.852067,44.153161],[14.851774,44.153639],[14.852862,44.152966],[14.852067,44.153161]]],[[[14.840244,44.159273],[14.839511,44.159126],[14.838715,44.159889],[14.840244,44.159273]]],[[[14.80848,44.163813],[14.808061,44.16517],[14.809324,44.166008],[14.80848,44.163813]]],[[[14.804883,44.166223],[14.804178,44.166944],[14.805449,44.16666],[14.804883,44.166223]]],[[[14.854169,44.185076],[14.856988,44.180298],[14.856591,44.178274],[14.852265,44.180656],[14.853099,44.181947],[14.852049,44.183669],[14.854169,44.185076]]],[[[14.847209,44.18818],[14.847006,44.18649],[14.843268,44.188321],[14.84497,44.188804],[14.847209,44.18818]]],[[[14.875842,44.221738],[14.875936,44.220399],[14.879441,44.218946],[14.879671,44.217604],[14.881418,44.219802],[14.883441,44.21928],[14.884406,44.221668],[14.881444,44.224919],[14.883346,44.22514],[14.883839,44.228013],[14.886518,44.230113],[14.888111,44.224047],[14.89447,44.226228],[14.901527,44.221947],[14.900862,44.220694],[14.893201,44.219512],[14.8932,44.21865],[14.903139,44.21762],[14.906893,44.212821],[14.909821,44.213346],[14.911429,44.211514],[14.90717,44.211402],[14.905586,44.209597],[14.902534,44.209011],[14.897884,44.209269],[14.901286,44.206791],[14.896384,44.202991],[14.893888,44.203651],[14.896612,44.199341],[14.896204,44.19812],[14.893488,44.197595],[14.883039,44.202089],[14.883435,44.20331],[14.880175,44.203822],[14.880479,44.205287],[14.878258,44.205949],[14.877352,44.202096],[14.867507,44.206832],[14.867115,44.208759],[14.874354,44.213258],[14.865036,44.211826],[14.863033,44.213208],[14.866117,44.214663],[14.860564,44.217656],[14.859186,44.217631],[14.859708,44.215058],[14.857614,44.213891],[14.85276,44.215154],[14.852342,44.216485],[14.847183,44.216772],[14.840637,44.221678],[14.839336,44.225989],[14.83478,44.227262],[14.832653,44.229621],[14.819212,44.232984],[14.813805,44.236065],[14.819367,44.227881],[14.817922,44.22386],[14.821578,44.221962],[14.83124,44.210199],[14.841517,44.202794],[14.84184,44.199847],[14.840695,44.199179],[14.832724,44.199185],[14.827618,44.201819],[14.827734,44.203368],[14.819519,44.216794],[14.814687,44.220087],[14.816386,44.223414],[14.812069,44.224278],[14.810933,44.228709],[14.808324,44.230637],[14.806993,44.234047],[14.800655,44.240225],[14.795539,44.247661],[14.794001,44.2536],[14.78959,44.257428],[14.787976,44.256598],[14.787069,44.257608],[14.790641,44.262145],[14.796186,44.261287],[14.798229,44.258719],[14.800626,44.259147],[14.799093,44.260486],[14.800403,44.261407],[14.79969,44.262516],[14.80184,44.265982],[14.803076,44.265871],[14.805917,44.263554],[14.805888,44.261321],[14.807976,44.262038],[14.811204,44.260893],[14.818132,44.254943],[14.823427,44.246944],[14.826316,44.248585],[14.829153,44.247726],[14.827802,44.249057],[14.83051,44.248951],[14.83077,44.247022],[14.827451,44.244983],[14.834679,44.241239],[14.836646,44.238965],[14.838546,44.238078],[14.839147,44.239629],[14.845968,44.239421],[14.848996,44.237484],[14.84828,44.234851],[14.851648,44.237239],[14.853094,44.236817],[14.856553,44.234019],[14.855815,44.232706],[14.856881,44.231187],[14.860078,44.233117],[14.864442,44.230527],[14.865706,44.231158],[14.867885,44.227395],[14.865082,44.225962],[14.869429,44.224039],[14.871199,44.224832],[14.875842,44.221738]]],[[[14.797256,44.221955],[14.797338,44.218518],[14.793722,44.219283],[14.792249,44.221363],[14.797256,44.221955]]],[[[14.776799,44.219672],[14.772312,44.219984],[14.766402,44.225135],[14.771125,44.224251],[14.774969,44.227944],[14.777984,44.227225],[14.781233,44.22447],[14.781579,44.221875],[14.779824,44.220245],[14.779949,44.218058],[14.776799,44.219672]]],[[[14.832897,44.222472],[14.831581,44.224979],[14.83425,44.225542],[14.835306,44.223315],[14.834545,44.221943],[14.832897,44.222472]]],[[[14.783123,44.232501],[14.784039,44.233955],[14.785561,44.233861],[14.786367,44.23203],[14.783123,44.232501]]],[[[14.866778,44.23357],[14.866029,44.233516],[14.866266,44.233963],[14.866778,44.23357]]],[[[14.878276,44.239676],[14.878228,44.238531],[14.882381,44.237619],[14.883574,44.236113],[14.879107,44.23712],[14.8768,44.239005],[14.878276,44.239676]]],[[[14.737682,44.246361],[14.738095,44.24656],[14.737877,44.246047],[14.737682,44.246361]]],[[[14.767708,44.247389],[14.767691,44.24657],[14.765822,44.247177],[14.767708,44.247389]]],[[[14.752472,44.248078],[14.754804,44.248034],[14.755661,44.246246],[14.75494,44.245632],[14.752472,44.248078]]],[[[14.790057,44.248071],[14.788241,44.248029],[14.788048,44.24878],[14.790057,44.248071]]],[[[14.83485,44.248913],[14.835342,44.24996],[14.835375,44.248854],[14.83485,44.248913]]],[[[14.744455,44.25221],[14.743976,44.25225],[14.744349,44.252449],[14.744455,44.25221]]],[[[14.83006,44.252114],[14.830023,44.252486],[14.830219,44.252287],[14.83006,44.252114]]],[[[14.736541,44.252031],[14.733932,44.252137],[14.73665,44.252637],[14.736541,44.252031]]],[[[14.82146,44.253678],[14.82118,44.254075],[14.821557,44.25396],[14.82146,44.253678]]],[[[14.772238,44.254346],[14.771489,44.253753],[14.771383,44.254335],[14.772238,44.254346]]],[[[14.759535,44.253843],[14.75661,44.254012],[14.755808,44.254871],[14.756862,44.255423],[14.759535,44.253843]]],[[[14.730593,44.256405],[14.731154,44.257615],[14.731811,44.257232],[14.730593,44.256405]]],[[[14.729347,44.257803],[14.729237,44.258574],[14.729865,44.258353],[14.729347,44.257803]]],[[[14.833592,44.261105],[14.833171,44.261968],[14.834054,44.261588],[14.833592,44.261105]]],[[[14.728303,44.262119],[14.731296,44.263752],[14.734665,44.263699],[14.737613,44.261661],[14.733145,44.26271],[14.728303,44.262119]]],[[[14.793182,44.265326],[14.79273,44.265088],[14.792525,44.265461],[14.793182,44.265326]]],[[[14.767714,44.289773],[14.775968,44.283009],[14.783889,44.279471],[14.786447,44.27555],[14.783935,44.273882],[14.788473,44.273943],[14.791232,44.272244],[14.795845,44.272647],[14.799354,44.269885],[14.799362,44.268484],[14.793653,44.267418],[14.79022,44.268489],[14.78973,44.266944],[14.791602,44.265701],[14.791174,44.264067],[14.783956,44.263104],[14.777142,44.266756],[14.773045,44.266578],[14.7696,44.27033],[14.766575,44.270622],[14.766944,44.271887],[14.763875,44.272631],[14.763266,44.270206],[14.769822,44.257041],[14.768455,44.255597],[14.766633,44.25662],[14.761357,44.256367],[14.748606,44.26255],[14.740803,44.268248],[14.741612,44.270336],[14.737942,44.270394],[14.736166,44.280538],[14.742682,44.278076],[14.741489,44.280758],[14.744914,44.281828],[14.751142,44.280105],[14.752411,44.277696],[14.757306,44.279138],[14.760967,44.276057],[14.759735,44.280303],[14.751213,44.290224],[14.751418,44.293712],[14.75702,44.294422],[14.759856,44.29203],[14.767714,44.289773]]],[[[14.709209,44.291111],[14.721931,44.284004],[14.721978,44.281948],[14.72412,44.281256],[14.727748,44.276248],[14.727367,44.274214],[14.724262,44.27653],[14.721426,44.276438],[14.717574,44.279633],[14.711775,44.279846],[14.717125,44.276141],[14.716885,44.27356],[14.713761,44.27064],[14.712232,44.270884],[14.710827,44.27379],[14.707919,44.272607],[14.699398,44.277592],[14.700378,44.280506],[14.699469,44.281847],[14.70071,44.282651],[14.695627,44.281636],[14.68949,44.285142],[14.689625,44.287316],[14.686809,44.287707],[14.685567,44.289344],[14.687986,44.29103],[14.691938,44.29121],[14.692967,44.29265],[14.697059,44.292108],[14.700152,44.289052],[14.709209,44.291111]]],[[[14.738991,44.301878],[14.739475,44.301862],[14.739551,44.301659],[14.738991,44.301878]]],[[[14.733762,44.303882],[14.733507,44.304673],[14.735148,44.303893],[14.733762,44.303882]]],[[[14.710472,44.317606],[14.706738,44.321371],[14.712807,44.31869],[14.715967,44.315118],[14.710472,44.317606]]],[[[14.700709,44.324275],[14.699947,44.326029],[14.703239,44.325204],[14.705471,44.32243],[14.700709,44.324275]]],[[[14.605898,44.325153],[14.605532,44.325421],[14.605639,44.325426],[14.605898,44.325153]]],[[[14.604276,44.326424],[14.603924,44.326766],[14.604374,44.326473],[14.604276,44.326424]]],[[[14.603008,44.326828],[14.602145,44.327353],[14.603674,44.32687],[14.603008,44.326828]]],[[[14.597112,44.351864],[14.606351,44.344082],[14.606743,44.34018],[14.60842,44.340261],[14.609081,44.338953],[14.611614,44.340335],[14.616205,44.339208],[14.624797,44.332531],[14.627504,44.333125],[14.632896,44.329411],[14.633006,44.331853],[14.637631,44.330802],[14.642942,44.326695],[14.64123,44.323919],[14.6445,44.323891],[14.662932,44.30752],[14.668161,44.305427],[14.669226,44.301886],[14.658871,44.307833],[14.658982,44.30521],[14.654031,44.306371],[14.65353,44.308059],[14.651084,44.308472],[14.651181,44.310783],[14.649397,44.309537],[14.646032,44.310147],[14.642377,44.308891],[14.639716,44.310877],[14.640589,44.312555],[14.637027,44.315943],[14.631248,44.318079],[14.63204,44.316046],[14.63088,44.315608],[14.626302,44.318498],[14.628779,44.319813],[14.623976,44.323897],[14.621532,44.321772],[14.618678,44.323438],[14.61791,44.325961],[14.622337,44.325559],[14.620333,44.327783],[14.620725,44.329104],[14.616458,44.329308],[14.613864,44.331324],[14.613963,44.329672],[14.61193,44.329004],[14.604485,44.331342],[14.595915,44.336591],[14.593802,44.336451],[14.58568,44.345551],[14.584451,44.349607],[14.582329,44.351635],[14.589465,44.352538],[14.590635,44.35413],[14.590222,44.357237],[14.591467,44.357048],[14.59714,44.353833],[14.597112,44.351864]]],[[[14.697756,44.326974],[14.690306,44.332677],[14.692047,44.332186],[14.699585,44.326945],[14.697756,44.326974]]],[[[14.597767,44.330049],[14.597361,44.330518],[14.599365,44.329451],[14.597767,44.330049]]],[[[14.689993,44.332707],[14.689583,44.332945],[14.689989,44.332801],[14.689993,44.332707]]],[[[14.593372,44.33427],[14.596645,44.331036],[14.589117,44.336061],[14.593372,44.33427]]],[[[14.587162,44.337464],[14.58612,44.338695],[14.588615,44.336563],[14.587162,44.337464]]],[[[14.581276,44.355672],[14.581619,44.353434],[14.581311,44.352973],[14.579162,44.356084],[14.581276,44.355672]]],[[[14.876051,44.361961],[14.878164,44.361909],[14.876631,44.360719],[14.873426,44.363412],[14.876077,44.363669],[14.876051,44.361961]]],[[[14.576565,44.362471],[14.572824,44.362474],[14.571207,44.36385],[14.574853,44.36605],[14.57739,44.364356],[14.576565,44.362471]]],[[[14.859179,44.381876],[14.868003,44.37353],[14.868606,44.370408],[14.865354,44.370724],[14.852704,44.378787],[14.851639,44.383759],[14.847858,44.385912],[14.846599,44.388204],[14.850264,44.388263],[14.853003,44.384831],[14.859179,44.381876]]],[[[14.69403,44.40978],[14.706199,44.397657],[14.701589,44.392851],[14.701053,44.389488],[14.698913,44.388241],[14.702457,44.380647],[14.702662,44.376443],[14.700626,44.374541],[14.702285,44.373872],[14.702639,44.375057],[14.70218,44.372032],[14.712444,44.370448],[14.72245,44.363746],[14.723944,44.359423],[14.721342,44.357253],[14.728752,44.351387],[14.728083,44.348981],[14.720332,44.346967],[14.718266,44.348818],[14.714362,44.349388],[14.711425,44.352817],[14.704422,44.353214],[14.706784,44.357165],[14.702744,44.357109],[14.701782,44.358078],[14.702457,44.359462],[14.698871,44.358716],[14.698823,44.357047],[14.696747,44.357817],[14.692953,44.361377],[14.690341,44.366188],[14.692069,44.368326],[14.694042,44.368607],[14.691577,44.371893],[14.692308,44.373664],[14.690702,44.373232],[14.692091,44.373947],[14.691169,44.377937],[14.684729,44.384263],[14.685602,44.387548],[14.680667,44.39109],[14.6788,44.390864],[14.678099,44.388123],[14.673919,44.389757],[14.672789,44.391567],[14.671255,44.390308],[14.665963,44.39097],[14.660939,44.395095],[14.66282,44.398066],[14.660678,44.398391],[14.660985,44.399721],[14.659494,44.401045],[14.661178,44.402731],[14.665649,44.403535],[14.663246,44.406805],[14.667004,44.410103],[14.670586,44.410115],[14.673581,44.412888],[14.676943,44.413575],[14.682494,44.412187],[14.683089,44.413102],[14.687242,44.412612],[14.69403,44.40978]]],[[[14.798708,44.377427],[14.801305,44.371615],[14.81356,44.364068],[14.821473,44.353447],[14.818279,44.34834],[14.817916,44.342576],[14.81689,44.341606],[14.812605,44.341258],[14.801097,44.344299],[14.796082,44.340697],[14.792064,44.343769],[14.779488,44.349577],[14.778714,44.351624],[14.775073,44.351389],[14.774426,44.352474],[14.775581,44.354706],[14.773377,44.355592],[14.771984,44.353349],[14.770871,44.353628],[14.767707,44.358837],[14.768945,44.360542],[14.765235,44.360374],[14.765191,44.362877],[14.760137,44.361284],[14.755266,44.363574],[14.754824,44.365493],[14.74726,44.366009],[14.743743,44.368537],[14.744915,44.37087],[14.766317,44.373729],[14.769247,44.376157],[14.776603,44.378776],[14.777109,44.380303],[14.775395,44.380068],[14.777053,44.381731],[14.776068,44.384607],[14.766509,44.393717],[14.769524,44.399365],[14.76942,44.403221],[14.76632,44.410564],[14.759989,44.41639],[14.766752,44.413599],[14.7761,44.414094],[14.774523,44.416031],[14.774838,44.418028],[14.78439,44.422143],[14.791656,44.419902],[14.800532,44.413896],[14.808537,44.404349],[14.807068,44.402181],[14.810873,44.399946],[14.809224,44.396746],[14.800204,44.395823],[14.804397,44.391942],[14.805013,44.389236],[14.803525,44.387766],[14.800117,44.386032],[14.793597,44.38573],[14.794118,44.382845],[14.798938,44.379559],[14.798708,44.377427]],[[14.755489,44.365283],[14.755711,44.365418],[14.75533,44.365448],[14.755489,44.365283]]],[[[14.755682,44.404299],[14.755541,44.4052],[14.757404,44.403451],[14.755682,44.404299]]],[[[14.570922,44.408806],[14.567683,44.410123],[14.568339,44.412844],[14.57019,44.411641],[14.570922,44.408806]]],[[[14.75806,44.41778],[14.758183,44.417467],[14.757636,44.417743],[14.75806,44.41778]]],[[[14.757497,44.41787],[14.752979,44.419097],[14.754142,44.419404],[14.757497,44.41787]]],[[[14.736829,44.432811],[14.738072,44.428926],[14.737311,44.428484],[14.735216,44.428532],[14.731635,44.431862],[14.733202,44.433588],[14.736829,44.432811]]],[[[14.844678,44.68488],[14.84524,44.684997],[14.844853,44.684682],[14.844678,44.68488]]],[[[14.84258,44.684982],[14.842561,44.685453],[14.842898,44.685143],[14.84258,44.684982]]],[[[14.841228,44.69752],[14.841433,44.697591],[14.841379,44.697342],[14.841228,44.69752]]],[[[14.86367,44.7024],[14.862402,44.704077],[14.863312,44.705302],[14.864168,44.704472],[14.86367,44.7024]]],[[[14.796733,44.726834],[14.806516,44.721998],[14.824918,44.708965],[14.835387,44.695654],[14.842923,44.691072],[14.844344,44.688],[14.843623,44.686748],[14.841338,44.685497],[14.838241,44.686057],[14.828094,44.690447],[14.819896,44.70169],[14.810137,44.709706],[14.802504,44.719692],[14.790756,44.72836],[14.770513,44.740503],[14.76888,44.742994],[14.787921,44.734812],[14.796733,44.726834]]],[[[14.864909,44.723816],[14.864988,44.723969],[14.865016,44.723899],[14.864909,44.723816]]],[[[14.864299,44.724241],[14.864673,44.724218],[14.864429,44.72371],[14.864299,44.724241]]],[[[14.863929,44.72492],[14.864593,44.724877],[14.864225,44.724519],[14.863929,44.72492]]],[[[14.796841,44.748307],[14.813123,44.751676],[14.817831,44.756493],[14.821556,44.755165],[14.823639,44.756127],[14.8233,44.757883],[14.827957,44.757287],[14.834514,44.748093],[14.838298,44.745813],[14.840668,44.742277],[14.843354,44.741574],[14.846975,44.734896],[14.853918,44.732271],[14.854887,44.730961],[14.853855,44.728],[14.856158,44.728222],[14.857539,44.726863],[14.856498,44.726032],[14.860025,44.723349],[14.858988,44.722229],[14.860521,44.721924],[14.861728,44.715769],[14.865268,44.719728],[14.864419,44.721591],[14.864521,44.723474],[14.865253,44.723081],[14.868062,44.710919],[14.866623,44.709047],[14.869488,44.704676],[14.868216,44.704016],[14.864638,44.70736],[14.864486,44.705988],[14.860408,44.707769],[14.86102,44.705915],[14.859251,44.705257],[14.860684,44.703058],[14.855104,44.700192],[14.851761,44.700812],[14.852209,44.698859],[14.850524,44.700406],[14.845003,44.699402],[14.836679,44.702027],[14.836189,44.703414],[14.832627,44.705144],[14.824691,44.715445],[14.815799,44.72358],[14.808587,44.728302],[14.808505,44.732464],[14.798054,44.73512],[14.794422,44.740504],[14.788914,44.744129],[14.796841,44.748307]]],[[[14.858395,44.734709],[14.858945,44.732878],[14.859597,44.73075],[14.857676,44.734049],[14.858395,44.734709]]],[[[15.088539,43.992354],[15.087562,43.994481],[15.086074,43.994505],[15.082355,43.99796],[15.082463,43.999214],[15.085609,43.998025],[15.087672,43.9952],[15.093223,43.994133],[15.094177,43.99035],[15.088539,43.992354]]],[[[15.091418,44.001537],[15.089809,44.001141],[15.089606,44.00225],[15.090836,44.00281],[15.091418,44.001537]]],[[[15.088945,44.006874],[15.089225,44.006506],[15.088584,44.006947],[15.088945,44.006874]]],[[[15.065955,44.040085],[15.061996,44.035997],[15.061831,44.033264],[15.064092,44.030432],[15.067146,44.028261],[15.066887,44.027089],[15.071578,44.028215],[15.073841,44.027206],[15.073487,44.024367],[15.072015,44.023748],[15.074318,44.022675],[15.076659,44.023961],[15.077847,44.022983],[15.080334,44.019488],[15.078265,44.019036],[15.081042,44.014515],[15.085817,44.010997],[15.08704,44.008158],[15.083439,44.007034],[15.080512,44.008624],[15.076412,44.008729],[15.075051,44.011925],[15.071172,44.012469],[15.066876,44.017199],[15.064393,44.016935],[15.062127,44.017899],[15.061468,44.019841],[15.059293,44.020183],[15.060105,44.023868],[15.05411,44.023083],[15.055048,44.026774],[15.059573,44.027029],[15.06262,44.029012],[15.055562,44.031072],[15.059442,44.033437],[15.055656,44.036043],[15.056249,44.039549],[15.051794,44.037397],[15.052254,44.040015],[15.050395,44.04252],[15.056365,44.043002],[15.057013,44.040045],[15.06132,44.041189],[15.065955,44.040085]]],[[[15.102586,44.030555],[15.104437,44.031901],[15.104805,44.030354],[15.102586,44.030555]]],[[[15.04063,44.034169],[15.040455,44.034765],[15.041279,44.033988],[15.04063,44.034169]]],[[[15.041161,44.04022],[15.041847,44.037543],[15.039452,44.037187],[15.038734,44.040021],[15.041161,44.04022]]],[[[15.033823,44.051248],[15.033119,44.051007],[15.03365,44.051474],[15.033823,44.051248]]],[[[15.100986,44.04306],[15.093162,44.045518],[15.087988,44.049926],[15.088028,44.051542],[15.085797,44.050848],[15.083348,44.052729],[15.077133,44.052412],[15.076541,44.054986],[15.074229,44.056472],[15.074644,44.058468],[15.072009,44.060183],[15.074633,44.061428],[15.077068,44.0583],[15.078214,44.061201],[15.075778,44.064848],[15.076516,44.067648],[15.075176,44.07207],[15.071125,44.07705],[15.072539,44.08013],[15.070618,44.081137],[15.07106,44.083651],[15.074435,44.083747],[15.07716,44.080223],[15.080842,44.079896],[15.085987,44.075368],[15.093894,44.071143],[15.096019,44.072845],[15.0994,44.069406],[15.097899,44.067102],[15.100655,44.068355],[15.105478,44.065179],[15.111328,44.057945],[15.107449,44.057862],[15.107669,44.056959],[15.112609,44.053577],[15.108314,44.051526],[15.108955,44.049696],[15.112567,44.051848],[15.115114,44.050782],[15.117856,44.04824],[15.118525,44.042702],[15.12671,44.040303],[15.129596,44.038263],[15.128675,44.036549],[15.1309,44.034424],[15.130244,44.031841],[15.138057,44.03114],[15.139859,44.029371],[15.138473,44.028232],[15.146449,44.027294],[15.14726,44.022989],[15.145659,44.021772],[15.151126,44.024521],[15.155043,44.022208],[15.155487,44.020159],[15.154061,44.017506],[15.15156,44.016307],[15.148004,44.016773],[15.151313,44.014817],[15.150366,44.013583],[15.154862,44.006782],[15.161648,44.002804],[15.167595,43.996579],[15.156672,44.001357],[15.153272,44.004391],[15.151345,44.003223],[15.149777,44.00376],[15.149696,44.00578],[15.1469,44.008569],[15.141202,44.009494],[15.141285,44.011636],[15.139068,44.012347],[15.13484,44.011836],[15.134181,44.014556],[15.129756,44.017057],[15.129927,44.018848],[15.127562,44.017711],[15.120889,44.021529],[15.11199,44.030639],[15.111927,44.032529],[15.109983,44.032433],[15.106873,44.034916],[15.100986,44.04306]]],[[[15.072754,44.06539],[15.070073,44.063025],[15.068654,44.064112],[15.072754,44.06539]]],[[[15.063905,44.068006],[15.062026,44.069148],[15.063172,44.070826],[15.066879,44.068853],[15.067209,44.066352],[15.064451,44.065059],[15.063905,44.068006]]],[[[15.064399,44.072445],[15.063224,44.072626],[15.063797,44.073056],[15.064399,44.072445]]],[[[15.054436,44.082335],[15.056771,44.081728],[15.059427,44.076582],[15.052015,44.079146],[15.054436,44.082335]]],[[[14.989457,44.087887],[14.98708,44.088358],[14.98628,44.089812],[14.991407,44.093527],[14.991812,44.089259],[14.989457,44.087887]]],[[[14.920453,44.092979],[14.918628,44.091611],[14.915246,44.092628],[14.917592,44.093797],[14.920453,44.092979]]],[[[14.956321,44.10759],[14.956883,44.106441],[14.955987,44.106943],[14.956321,44.10759]]],[[[14.950948,44.114989],[14.951074,44.114033],[14.949655,44.11346],[14.949631,44.113704],[14.950948,44.114989]]],[[[14.95281,44.116648],[14.951382,44.115978],[14.948787,44.117674],[14.949405,44.118717],[14.95114,44.118417],[14.95281,44.116648]]],[[[15.04104,44.123495],[15.038806,44.124565],[15.038932,44.125414],[15.041328,44.124575],[15.04104,44.123495]]],[[[14.927159,44.127479],[14.926985,44.128784],[14.928482,44.129374],[14.929809,44.126998],[14.927159,44.127479]]],[[[15.037746,44.129321],[15.037218,44.130895],[15.038454,44.131171],[15.03898,44.129911],[15.037746,44.129321]]],[[[15.117202,44.10656],[15.113785,44.106832],[15.108984,44.108726],[15.111937,44.105897],[15.110954,44.104388],[15.102668,44.109017],[15.101317,44.107248],[15.100157,44.109972],[15.098261,44.108567],[15.096321,44.113351],[15.091627,44.11649],[15.09006,44.119474],[15.083745,44.120432],[15.082086,44.12283],[15.076918,44.124578],[15.078611,44.126673],[15.073275,44.129309],[15.070076,44.133044],[15.068508,44.129909],[15.065092,44.131494],[15.064061,44.135054],[15.06928,44.134628],[15.072648,44.139154],[15.067824,44.143133],[15.06474,44.148974],[15.060838,44.151906],[15.060871,44.155335],[15.063141,44.158523],[15.071159,44.155264],[15.084125,44.143957],[15.087602,44.144435],[15.097901,44.139705],[15.098192,44.135756],[15.100769,44.137318],[15.105846,44.135209],[15.107089,44.133781],[15.104558,44.134266],[15.10652,44.131916],[15.10636,44.129853],[15.104404,44.129312],[15.105305,44.12874],[15.106891,44.129408],[15.106837,44.130501],[15.108801,44.128849],[15.112641,44.128966],[15.117335,44.124868],[15.116979,44.127117],[15.11969,44.127053],[15.119387,44.124497],[15.120492,44.123504],[15.124173,44.126435],[15.126057,44.126328],[15.134598,44.11856],[15.134372,44.116356],[15.135836,44.115012],[15.1373,44.116252],[15.139631,44.11523],[15.138032,44.113541],[15.144335,44.112731],[15.152888,44.102507],[15.15395,44.107829],[15.166367,44.10219],[15.165577,44.096031],[15.170946,44.095059],[15.172494,44.093572],[15.171491,44.096568],[15.172566,44.097882],[15.170037,44.099478],[15.170259,44.100929],[15.177094,44.09865],[15.185951,44.093255],[15.187208,44.091967],[15.182696,44.092793],[15.185101,44.091285],[15.184329,44.090708],[15.185385,44.089419],[15.183327,44.084143],[15.185817,44.084737],[15.188883,44.080222],[15.189334,44.081161],[15.192659,44.079811],[15.193409,44.076798],[15.196174,44.075976],[15.195156,44.07343],[15.199526,44.070051],[15.20288,44.065007],[15.203233,44.06617],[15.210437,44.064602],[15.211558,44.063635],[15.209883,44.061144],[15.210902,44.061918],[15.220666,44.057019],[15.221901,44.0581],[15.225544,44.057091],[15.225261,44.054053],[15.235975,44.046393],[15.239632,44.047551],[15.24321,44.046333],[15.246158,44.042676],[15.246915,44.03904],[15.251739,44.038721],[15.253557,44.036545],[15.251479,44.034101],[15.24821,44.036268],[15.24667,44.033784],[15.250811,44.033842],[15.252127,44.032574],[15.256561,44.027596],[15.260019,44.020873],[15.258038,44.019557],[15.255383,44.021206],[15.250244,44.019712],[15.250512,44.013714],[15.242449,44.009529],[15.237718,44.016863],[15.244637,44.017907],[15.242581,44.020887],[15.243341,44.024313],[15.239642,44.024278],[15.235216,44.027211],[15.233258,44.025898],[15.230377,44.026727],[15.229527,44.028433],[15.232889,44.031657],[15.229277,44.032161],[15.228307,44.033914],[15.229148,44.035174],[15.228023,44.03588],[15.225636,44.035609],[15.229254,44.037906],[15.226968,44.039944],[15.222187,44.041309],[15.217588,44.04577],[15.218336,44.046423],[15.212496,44.049346],[15.212386,44.046037],[15.214109,44.044885],[15.213331,44.044611],[15.214972,44.037772],[15.218914,44.035422],[15.219048,44.034107],[15.215752,44.034526],[15.2145,44.036849],[15.212069,44.03738],[15.203685,44.044441],[15.202639,44.044143],[15.203456,44.044706],[15.197762,44.051187],[15.205271,44.036308],[15.201042,44.034147],[15.199541,44.031953],[15.199109,44.034106],[15.192642,44.036165],[15.18216,44.044308],[15.178426,44.049183],[15.169899,44.056323],[15.170064,44.058704],[15.167307,44.057397],[15.162266,44.059718],[15.156307,44.066067],[15.153373,44.066915],[15.151334,44.06918],[15.151451,44.071262],[15.147643,44.072015],[15.132196,44.085943],[15.130535,44.085915],[15.127038,44.08915],[15.123164,44.096632],[15.119993,44.099163],[15.11985,44.1014],[15.115802,44.105506],[15.117202,44.10656]]],[[[14.951407,44.135789],[14.950831,44.136858],[14.951855,44.137889],[14.953126,44.136381],[14.951407,44.135789]]],[[[14.941173,44.142619],[14.937765,44.142401],[14.937171,44.143533],[14.94002,44.143917],[14.941173,44.142619]]],[[[15.046013,44.153971],[15.051791,44.154255],[15.055046,44.152469],[15.055564,44.150037],[15.053208,44.147142],[15.057427,44.140762],[15.04245,44.143991],[15.03937,44.147135],[15.034247,44.149564],[15.020254,44.164229],[15.019272,44.16718],[15.02259,44.167988],[15.025212,44.170423],[15.027106,44.167443],[15.026698,44.165797],[15.033808,44.164365],[15.046013,44.153971]]],[[[14.913431,44.169302],[14.934794,44.157581],[14.942525,44.151484],[14.947949,44.145273],[14.943827,44.144396],[14.937559,44.149153],[14.933825,44.148479],[14.933657,44.151156],[14.930867,44.153925],[14.927636,44.154747],[14.928817,44.151746],[14.926537,44.15064],[14.921144,44.154214],[14.918245,44.154062],[14.914975,44.161644],[14.907664,44.161004],[14.905582,44.163547],[14.900968,44.162365],[14.901278,44.164928],[14.898899,44.165302],[14.890897,44.170651],[14.889052,44.174086],[14.891414,44.175831],[14.904719,44.172529],[14.913431,44.169302]]],[[[15.058765,44.163745],[15.059131,44.162117],[15.057971,44.161284],[15.053958,44.161939],[15.056029,44.165102],[15.058765,44.163745]]],[[[14.954676,44.19543],[14.967651,44.184231],[14.976906,44.178706],[14.991264,44.162144],[14.99498,44.160201],[15.001658,44.161724],[15.005592,44.161182],[15.018052,44.147943],[15.023941,44.147522],[15.026812,44.145612],[15.03512,44.13709],[15.033969,44.136182],[15.034491,44.131221],[15.031641,44.130128],[15.032029,44.126636],[15.02993,44.125404],[15.024386,44.125414],[15.023697,44.127499],[15.017202,44.132325],[15.01682,44.13502],[15.014927,44.136902],[15.012206,44.136821],[15.007305,44.140025],[15.009961,44.135745],[15.007306,44.136208],[15.007253,44.134761],[15.006133,44.134638],[15.002918,44.138293],[15.00045,44.137949],[14.993671,44.141009],[14.993116,44.142673],[14.984038,44.14928],[14.983137,44.150979],[14.984379,44.152903],[14.981545,44.153964],[14.979781,44.158601],[14.976534,44.156208],[14.972182,44.158102],[14.971822,44.160513],[14.968985,44.162402],[14.96911,44.164111],[14.97122,44.165497],[14.967782,44.16675],[14.970042,44.168141],[14.966522,44.169392],[14.960863,44.175133],[14.947098,44.185326],[14.943999,44.189182],[14.941718,44.196057],[14.943882,44.196636],[14.944275,44.199552],[14.941779,44.202167],[14.943905,44.2024],[14.945919,44.199612],[14.947361,44.201174],[14.949609,44.200818],[14.951106,44.199278],[14.949236,44.198333],[14.950243,44.196414],[14.954676,44.19543]]],[[[15.011869,44.170954],[15.010328,44.170352],[15.009182,44.171687],[15.011387,44.172265],[15.011869,44.170954]]],[[[15.001654,44.177195],[15.003053,44.174073],[14.997366,44.17832],[14.998169,44.179085],[15.001654,44.177195]]],[[[14.940108,44.17066],[14.939842,44.169296],[14.935962,44.169335],[14.932008,44.174036],[14.929396,44.173444],[14.926251,44.174828],[14.915945,44.18277],[14.903884,44.18857],[14.903758,44.189711],[14.90531,44.191039],[14.910385,44.191666],[14.916458,44.190192],[14.931091,44.180995],[14.940108,44.17066]]],[[[14.986814,44.186273],[14.986983,44.187886],[14.988669,44.187957],[14.993242,44.18329],[14.990754,44.18249],[14.986814,44.186273]]],[[[14.898351,44.192073],[14.897521,44.197447],[14.901279,44.193863],[14.900995,44.192862],[14.898351,44.192073]]],[[[14.926826,44.201062],[14.926609,44.201793],[14.927778,44.200739],[14.926826,44.201062]]],[[[14.921423,44.211764],[14.921199,44.212398],[14.921707,44.212099],[14.921423,44.211764]]],[[[14.919326,44.213248],[14.91871,44.213578],[14.91928,44.213661],[14.919326,44.213248]]],[[[14.925694,44.227627],[14.925171,44.227876],[14.925688,44.227915],[14.925694,44.227627]]],[[[15.081287,44.311461],[15.084681,44.310051],[15.08976,44.30964],[15.088247,44.308901],[15.091236,44.307768],[15.094166,44.308071],[15.099014,44.310887],[15.102488,44.308646],[15.10252,44.306607],[15.104404,44.306991],[15.111149,44.303276],[15.113403,44.303219],[15.113833,44.30111],[15.118096,44.300989],[15.121381,44.294191],[15.123441,44.293943],[15.124573,44.29172],[15.133749,44.292362],[15.135404,44.290188],[15.13251,44.285652],[15.125733,44.281102],[15.119499,44.280493],[15.116926,44.285143],[15.119103,44.291177],[15.110613,44.292228],[15.104987,44.294302],[15.105997,44.294542],[15.103198,44.296778],[15.095383,44.296878],[15.095928,44.298168],[15.084823,44.296474],[15.085415,44.297474],[15.08317,44.297534],[15.075575,44.293855],[15.077301,44.290902],[15.075624,44.290588],[15.075082,44.289069],[15.078456,44.28646],[15.051041,44.28441],[15.045899,44.28605],[15.039154,44.290753],[15.039671,44.292719],[15.038062,44.292302],[15.034256,44.296431],[15.034525,44.297688],[15.026049,44.302709],[15.023955,44.30519],[15.02044,44.312708],[15.020985,44.31462],[15.017764,44.318844],[15.018398,44.32412],[15.020132,44.326033],[15.024084,44.326015],[15.02965,44.328521],[15.035872,44.323743],[15.043385,44.326141],[15.047897,44.325711],[15.049833,44.324118],[15.049384,44.322728],[15.053031,44.322254],[15.053325,44.320683],[15.051775,44.319865],[15.05615,44.318389],[15.055547,44.316926],[15.05886,44.318813],[15.061369,44.318021],[15.063382,44.320792],[15.071966,44.319567],[15.073209,44.316326],[15.076371,44.316263],[15.079242,44.312668],[15.078138,44.310775],[15.081287,44.311461]]],[[[14.894273,44.394844],[14.892925,44.39443],[14.892052,44.395559],[14.893621,44.396066],[14.894273,44.394844]]],[[[14.997909,44.395125],[14.99308,44.395869],[14.991952,44.397125],[14.992587,44.398883],[14.996478,44.398563],[14.998335,44.396778],[14.997909,44.395125]]],[[[14.978381,44.396888],[14.975403,44.397587],[14.975342,44.398732],[14.97705,44.398824],[14.978381,44.396888]]],[[[15.079891,44.397903],[15.066287,44.398745],[15.064915,44.396531],[15.068492,44.391391],[15.067394,44.388439],[15.065264,44.387933],[15.056213,44.391747],[15.050441,44.389306],[15.044767,44.390075],[15.037374,44.393555],[15.034451,44.399926],[15.038768,44.401386],[15.039366,44.405171],[15.037187,44.407048],[15.03729,44.408843],[15.033433,44.40993],[15.033006,44.412768],[15.030434,44.41661],[15.028329,44.416894],[15.024999,44.420906],[15.023086,44.425476],[15.008164,44.433059],[15.005223,44.436196],[15.005589,44.437133],[14.996972,44.442912],[14.993574,44.447256],[14.987444,44.448878],[14.984685,44.453444],[14.972828,44.460702],[14.968272,44.459628],[14.968989,44.462325],[14.963783,44.464884],[14.959501,44.465246],[14.956274,44.46348],[14.954222,44.463837],[14.956618,44.466675],[14.959591,44.467787],[14.953828,44.472063],[14.952642,44.471665],[14.955953,44.468106],[14.953404,44.467341],[14.953649,44.465811],[14.951371,44.464549],[14.948221,44.465718],[14.943867,44.465131],[14.942878,44.466669],[14.941006,44.465121],[14.93874,44.465143],[14.929846,44.468628],[14.923481,44.474228],[14.91859,44.476567],[14.919048,44.47859],[14.917763,44.477277],[14.908094,44.483152],[14.900648,44.492109],[14.899773,44.497374],[14.907233,44.495491],[14.910067,44.497387],[14.918347,44.497258],[14.921061,44.500646],[14.915636,44.509155],[14.914932,44.515018],[14.908054,44.518145],[14.906274,44.522157],[14.901817,44.523172],[14.908416,44.529757],[14.903542,44.53271],[14.915488,44.538432],[14.920216,44.535837],[14.928526,44.537107],[14.932793,44.535933],[14.935028,44.532887],[14.942261,44.52828],[14.948024,44.518642],[14.962299,44.513235],[14.966931,44.508945],[14.971069,44.50759],[14.97416,44.504123],[14.976751,44.503107],[14.978683,44.498598],[14.981708,44.498248],[14.985372,44.494811],[14.989151,44.493305],[14.990263,44.490285],[14.993703,44.488055],[14.99737,44.482268],[15.006493,44.47724],[15.011165,44.473473],[15.011193,44.471731],[15.017682,44.46793],[15.021606,44.462816],[15.027626,44.45967],[15.043392,44.442422],[15.047406,44.441575],[15.052928,44.442892],[15.052548,44.4413],[15.051995,44.442131],[15.051911,44.440964],[15.048032,44.440063],[15.052554,44.43861],[15.051813,44.440865],[15.053856,44.44186],[15.05211,44.440858],[15.053227,44.438417],[15.054917,44.438323],[15.054594,44.437525],[15.062886,44.432411],[15.059953,44.435129],[15.061159,44.438353],[15.05263,44.443632],[15.052605,44.446524],[15.051563,44.446603],[15.05315,44.450929],[15.046182,44.463033],[15.047145,44.466869],[15.044563,44.471035],[15.044745,44.476167],[15.042998,44.479511],[15.052619,44.477242],[15.055998,44.473993],[15.054419,44.471512],[15.061643,44.470394],[15.062579,44.46971],[15.061261,44.469394],[15.061997,44.467894],[15.063832,44.467739],[15.067661,44.464239],[15.0766,44.462149],[15.075435,44.461232],[15.07776,44.460295],[15.078231,44.45804],[15.080448,44.457859],[15.081304,44.456378],[15.089282,44.452441],[15.096484,44.445624],[15.10953,44.443222],[15.109491,44.441732],[15.111012,44.442643],[15.110379,44.440907],[15.111769,44.44022],[15.112578,44.442107],[15.116119,44.441348],[15.117016,44.438389],[15.121122,44.437618],[15.119877,44.437095],[15.121135,44.435968],[15.12056,44.43496],[15.125506,44.43124],[15.124721,44.429448],[15.12632,44.428138],[15.123629,44.42779],[15.129408,44.4267],[15.13366,44.42368],[15.132603,44.422708],[15.135627,44.418951],[15.139295,44.416074],[15.141442,44.416706],[15.14137,44.414936],[15.138787,44.413412],[15.1396,44.410578],[15.143253,44.410425],[15.152346,44.40519],[15.151793,44.406732],[15.155352,44.406604],[15.161915,44.404323],[15.166812,44.40004],[15.17074,44.39974],[15.175165,44.397068],[15.176625,44.395261],[15.175888,44.394297],[15.172763,44.394676],[15.173529,44.393812],[15.172228,44.393376],[15.176122,44.39097],[15.174928,44.390261],[15.176601,44.390043],[15.177212,44.388614],[15.175978,44.387512],[15.177958,44.387764],[15.178886,44.385683],[15.181557,44.384972],[15.182417,44.383397],[15.181442,44.382573],[15.182773,44.382087],[15.182085,44.381144],[15.183777,44.380702],[15.184605,44.378101],[15.186296,44.377311],[15.185891,44.375988],[15.191985,44.375125],[15.194038,44.377797],[15.202196,44.378047],[15.203474,44.376985],[15.202205,44.375424],[15.204189,44.375332],[15.201614,44.373533],[15.204689,44.373366],[15.206169,44.372579],[15.205836,44.371453],[15.207645,44.373025],[15.210427,44.371337],[15.208662,44.368595],[15.211227,44.36972],[15.215009,44.368522],[15.219492,44.365909],[15.218566,44.36449],[15.221267,44.365103],[15.223703,44.36367],[15.224031,44.361992],[15.226268,44.362496],[15.228903,44.359973],[15.228254,44.358816],[15.230063,44.359352],[15.235713,44.357304],[15.235349,44.356332],[15.241275,44.352998],[15.2425,44.350242],[15.247059,44.349594],[15.248846,44.347344],[15.248059,44.34644],[15.251064,44.339077],[15.25019,44.338245],[15.256121,44.336397],[15.258269,44.334285],[15.257548,44.332763],[15.259325,44.332973],[15.25857,44.330835],[15.259628,44.329243],[15.257974,44.328047],[15.258717,44.32662],[15.257483,44.32529],[15.254702,44.325175],[15.256018,44.321647],[15.2516,44.325581],[15.246445,44.327602],[15.243016,44.331089],[15.22937,44.335583],[15.206782,44.348852],[15.188497,44.357314],[15.187477,44.358982],[15.182644,44.359047],[15.181416,44.357554],[15.178801,44.359196],[15.168545,44.362798],[15.171098,44.360605],[15.178831,44.358897],[15.182517,44.355539],[15.193222,44.35182],[15.212809,44.336032],[15.217411,44.334187],[15.221581,44.330702],[15.221161,44.329585],[15.224164,44.329146],[15.227271,44.325021],[15.226589,44.323972],[15.229173,44.324628],[15.2362,44.318222],[15.229187,44.316802],[15.223552,44.317311],[15.214041,44.321313],[15.21148,44.318899],[15.208535,44.319853],[15.212563,44.316785],[15.216253,44.311502],[15.219981,44.310903],[15.226345,44.306625],[15.223378,44.304715],[15.223083,44.302496],[15.222064,44.303763],[15.218325,44.304014],[15.214969,44.309829],[15.196879,44.314048],[15.188894,44.318701],[15.184366,44.316213],[15.180525,44.316893],[15.172078,44.321027],[15.153231,44.326226],[15.151478,44.328731],[15.146576,44.329056],[15.145564,44.331426],[15.135389,44.331912],[15.131759,44.328868],[15.131342,44.328966],[15.131193,44.328687],[15.131443,44.325639],[15.132795,44.324264],[15.141863,44.318994],[15.157061,44.305718],[15.162864,44.304487],[15.166561,44.300918],[15.174775,44.296326],[15.175198,44.294676],[15.179319,44.294164],[15.18101,44.291509],[15.176485,44.289084],[15.16596,44.291833],[15.162191,44.294197],[15.158082,44.294121],[15.155761,44.295397],[15.15525,44.297707],[15.149007,44.299113],[15.135558,44.306007],[15.129335,44.31104],[15.122054,44.314834],[15.116677,44.317372],[15.113305,44.317039],[15.114757,44.3176],[15.110851,44.318629],[15.101811,44.325492],[15.098758,44.331264],[15.096084,44.33299],[15.096145,44.335507],[15.09379,44.337117],[15.093591,44.341105],[15.100473,44.337335],[15.102276,44.337523],[15.106807,44.340985],[15.105802,44.341879],[15.107008,44.34462],[15.105926,44.347919],[15.103508,44.34797],[15.103518,44.347031],[15.101835,44.348674],[15.096138,44.349381],[15.098153,44.35154],[15.093839,44.354012],[15.091519,44.358692],[15.08829,44.360083],[15.089975,44.363123],[15.089564,44.366029],[15.095272,44.3703],[15.103464,44.370999],[15.112506,44.36926],[15.118201,44.373035],[15.116155,44.375225],[15.116099,44.378482],[15.109958,44.38222],[15.111214,44.382599],[15.107395,44.38334],[15.093108,44.392609],[15.079891,44.397903]],[[15.047328,44.44085],[15.047891,44.440101],[15.048325,44.440599],[15.047328,44.44085]]],[[[14.910087,44.446935],[14.909386,44.446297],[14.915824,44.440894],[14.916736,44.437524],[14.915093,44.436597],[14.917257,44.434068],[14.924426,44.429929],[14.932971,44.427656],[14.934343,44.42546],[14.938784,44.424121],[14.937568,44.42226],[14.940049,44.420966],[14.941598,44.421465],[14.941608,44.420536],[14.948884,44.419027],[14.953057,44.414493],[14.949866,44.411985],[14.954376,44.413168],[14.962998,44.408854],[14.967777,44.405621],[14.968917,44.401578],[14.959747,44.401119],[14.957843,44.402991],[14.959053,44.404306],[14.958109,44.406481],[14.955309,44.408315],[14.943247,44.407674],[14.931871,44.413106],[14.931495,44.415245],[14.928599,44.415313],[14.924327,44.418953],[14.92427,44.420757],[14.917201,44.425648],[14.918127,44.427436],[14.915006,44.427599],[14.91161,44.429923],[14.912168,44.431738],[14.909832,44.431582],[14.904532,44.434001],[14.894917,44.439974],[14.892727,44.445054],[14.886002,44.449473],[14.884873,44.454597],[14.881507,44.453179],[14.881274,44.454604],[14.889716,44.456303],[14.893574,44.455152],[14.89784,44.455596],[14.910087,44.446935]]],[[[14.995672,44.435438],[14.995416,44.436769],[14.996393,44.436902],[14.998499,44.434707],[14.995672,44.435438]]],[[[15.055293,44.438217],[15.056166,44.439216],[15.056368,44.439002],[15.055293,44.438217]]],[[[15.057514,44.439874],[15.056282,44.439269],[15.057552,44.440159],[15.057514,44.439874]]],[[[15.101661,44.450052],[15.100479,44.451136],[15.10183,44.450775],[15.101661,44.450052]]],[[[15.060123,44.471329],[15.060493,44.471499],[15.060804,44.47098],[15.060123,44.471329]]],[[[15.057307,44.474563],[15.057062,44.475475],[15.058021,44.47505],[15.057307,44.474563]]],[[[14.898989,44.497334],[14.899062,44.497483],[14.899245,44.497359],[14.898989,44.497334]]],[[[14.897029,44.499256],[14.895418,44.499893],[14.895483,44.500297],[14.897029,44.499256]]],[[[14.975403,44.513973],[14.974989,44.514668],[14.975519,44.514131],[14.975403,44.513973]]],[[[14.990675,44.516382],[14.990395,44.516589],[14.99065,44.516544],[14.990675,44.516382]]],[[[14.984755,44.518994],[14.984664,44.519091],[14.984849,44.519086],[14.984755,44.518994]]],[[[15.024729,44.526351],[15.024617,44.526925],[15.025122,44.526543],[15.024729,44.526351]]],[[[15.002618,44.528724],[15.002726,44.528919],[15.002781,44.528856],[15.002618,44.528724]]],[[[14.996624,44.517634],[14.993958,44.517534],[14.988265,44.52066],[14.985447,44.519232],[14.981054,44.522306],[14.976223,44.522455],[14.97382,44.521084],[14.965643,44.523666],[14.961589,44.52616],[14.961604,44.52855],[14.959606,44.52918],[14.95751,44.532307],[14.956005,44.532332],[14.955357,44.533275],[14.956331,44.533982],[14.953533,44.536594],[14.95036,44.538346],[14.945033,44.538828],[14.936951,44.543122],[14.940179,44.545751],[14.948671,44.548959],[14.957602,44.555371],[14.964803,44.558251],[14.972195,44.549923],[14.976438,44.547953],[14.981011,44.542715],[14.984651,44.541003],[14.98545,44.538675],[14.98412,44.53752],[14.985544,44.537008],[14.984148,44.534598],[14.989561,44.536148],[14.989223,44.534553],[14.9914,44.533338],[14.989362,44.533188],[14.990216,44.531794],[14.993831,44.532767],[14.996907,44.530816],[14.998439,44.531066],[14.998599,44.532293],[15.001412,44.530675],[14.999139,44.529729],[15.000442,44.527858],[15.003444,44.527926],[15.004861,44.529994],[15.005205,44.528721],[15.003098,44.526793],[15.006364,44.527622],[15.007982,44.526649],[15.009503,44.527985],[15.009119,44.52639],[15.011276,44.525467],[15.013567,44.526392],[15.022093,44.523621],[15.024007,44.524138],[15.026934,44.520831],[15.028705,44.522525],[15.028705,44.524536],[15.029827,44.524506],[15.034454,44.520468],[15.03611,44.52198],[15.038786,44.520914],[15.038904,44.519417],[15.037366,44.518582],[15.038083,44.517907],[15.041118,44.519526],[15.045145,44.516886],[15.03931,44.51711],[15.008585,44.512952],[15.003768,44.5154],[15.000221,44.513238],[14.996624,44.517634]]],[[[15.229196,43.833086],[15.226036,43.832768],[15.223067,43.83434],[15.228159,43.835807],[15.229196,43.833086]]],[[[15.220308,43.835685],[15.220947,43.836099],[15.221192,43.835386],[15.220308,43.835685]]],[[[15.214738,43.849565],[15.212337,43.849142],[15.212038,43.849811],[15.214065,43.850594],[15.214738,43.849565]]],[[[15.204211,43.853274],[15.205942,43.853603],[15.210806,43.851096],[15.206894,43.850648],[15.204211,43.853274]]],[[[15.210865,43.85769],[15.212316,43.858196],[15.213738,43.8577],[15.210947,43.856246],[15.210865,43.85769]]],[[[15.219923,43.861491],[15.221668,43.8616],[15.222591,43.861111],[15.221242,43.860713],[15.219923,43.861491]]],[[[15.193953,43.863898],[15.193298,43.864197],[15.193884,43.864262],[15.193953,43.863898]]],[[[15.216175,43.864812],[15.216051,43.862651],[15.213194,43.861365],[15.213754,43.864005],[15.208706,43.867098],[15.20687,43.869697],[15.212575,43.870018],[15.212596,43.871585],[15.214998,43.871071],[15.215563,43.869296],[15.212974,43.86942],[15.216175,43.864812]]],[[[15.182365,43.870898],[15.184222,43.86777],[15.180693,43.865934],[15.18043,43.866768],[15.182365,43.870898]]],[[[15.178835,43.873729],[15.175224,43.874194],[15.17529,43.87454],[15.178835,43.873729]]],[[[15.20967,43.883502],[15.209594,43.883561],[15.209645,43.883577],[15.20967,43.883502]]],[[[15.212278,43.88447],[15.212198,43.884576],[15.212292,43.884575],[15.212278,43.88447]]],[[[15.184491,43.891734],[15.184136,43.89273],[15.185808,43.891375],[15.184491,43.891734]]],[[[15.181701,43.893735],[15.180673,43.894199],[15.181304,43.894038],[15.181701,43.893735]]],[[[15.170493,43.900282],[15.170707,43.90042],[15.170743,43.900167],[15.170493,43.900282]]],[[[15.151888,43.912725],[15.152148,43.912079],[15.151336,43.912265],[15.151888,43.912725]]],[[[15.135802,43.918689],[15.134069,43.920515],[15.135075,43.921708],[15.137847,43.921623],[15.135802,43.918689]]],[[[15.140367,43.924014],[15.142678,43.922689],[15.14191,43.921008],[15.138593,43.92188],[15.140367,43.924014]]],[[[15.225514,43.920818],[15.218054,43.925164],[15.216401,43.925057],[15.216566,43.922825],[15.215555,43.9227],[15.213583,43.925664],[15.209911,43.927193],[15.209764,43.928659],[15.206796,43.928854],[15.2013,43.933868],[15.204078,43.934698],[15.200589,43.935916],[15.198805,43.938035],[15.199568,43.939473],[15.197199,43.939749],[15.193389,43.945651],[15.196028,43.946824],[15.201822,43.945057],[15.211027,43.938876],[15.226017,43.922107],[15.225514,43.920818]]],[[[15.177104,43.952782],[15.175972,43.955322],[15.176381,43.956305],[15.179296,43.955187],[15.179086,43.953339],[15.177104,43.952782]]],[[[15.171526,43.961181],[15.168924,43.962036],[15.168832,43.962839],[15.17123,43.962794],[15.171526,43.961181]]],[[[15.145656,43.963485],[15.146827,43.964237],[15.148778,43.962708],[15.146853,43.962099],[15.145656,43.963485]]],[[[15.143798,43.959464],[15.138514,43.963854],[15.133432,43.96574],[15.131915,43.967811],[15.136058,43.967365],[15.137777,43.969711],[15.140409,43.968838],[15.143798,43.959464]]],[[[15.162258,44.010343],[15.162912,44.008627],[15.161323,44.008545],[15.15841,44.011596],[15.162258,44.010343]]],[[[15.175867,44.011556],[15.17621,44.009791],[15.17546,44.009341],[15.174487,44.011563],[15.175867,44.011556]]],[[[15.154423,44.014304],[15.152492,44.014939],[15.154583,44.014877],[15.154423,44.014304]]],[[[15.115293,44.015921],[15.112987,44.015103],[15.111924,44.016513],[15.116454,44.018693],[15.115293,44.015921]]],[[[15.221231,44.023771],[15.221077,44.022595],[15.217511,44.022913],[15.218619,44.023858],[15.221231,44.023771]]],[[[15.226513,44.028783],[15.225314,44.028445],[15.225621,44.028985],[15.226513,44.028783]]],[[[15.210542,44.03279],[15.213659,44.031627],[15.21491,44.029419],[15.212063,44.028087],[15.209264,44.029354],[15.20894,44.031463],[15.210542,44.03279]]],[[[15.206692,44.036084],[15.20704,44.036319],[15.207113,44.035937],[15.206692,44.036084]]],[[[15.131032,44.040204],[15.131153,44.042065],[15.13526,44.04292],[15.138641,44.039143],[15.138699,44.036344],[15.137028,44.03553],[15.134309,44.036566],[15.131032,44.040204]]],[[[15.11842,44.048358],[15.118271,44.048251],[15.118297,44.048396],[15.11842,44.048358]]],[[[15.121243,44.053848],[15.122618,44.05385],[15.122832,44.051931],[15.121987,44.051943],[15.121243,44.053848]]],[[[15.206902,44.076037],[15.207101,44.079086],[15.210934,44.079366],[15.213598,44.075132],[15.213604,44.072631],[15.211979,44.071744],[15.206902,44.076037]]],[[[15.187459,44.08436],[15.188575,44.085994],[15.189982,44.085039],[15.189083,44.084227],[15.187459,44.08436]]],[[[15.106463,44.106461],[15.106198,44.105814],[15.105957,44.106478],[15.106463,44.106461]]],[[[15.210755,44.145683],[15.17392,44.174142],[15.163415,44.176689],[15.156269,44.180343],[15.155876,44.181073],[15.157876,44.181628],[15.161207,44.181396],[15.161176,44.186278],[15.159911,44.185079],[15.156333,44.18913],[15.151065,44.18963],[15.147872,44.192139],[15.145521,44.192172],[15.142347,44.19536],[15.156383,44.199013],[15.15853,44.202576],[15.160179,44.202908],[15.158932,44.211713],[15.157876,44.211967],[15.159058,44.212406],[15.158518,44.21593],[15.163231,44.218476],[15.164818,44.217216],[15.164409,44.215977],[15.16609,44.215485],[15.164879,44.217126],[15.166267,44.215497],[15.167042,44.215544],[15.166424,44.215537],[15.165247,44.216909],[15.166437,44.21759],[15.163194,44.220132],[15.164579,44.225631],[15.168812,44.227897],[15.165025,44.227445],[15.163599,44.228582],[15.164605,44.229429],[15.164069,44.23103],[15.162156,44.230894],[15.162552,44.23197],[15.160948,44.232535],[15.158957,44.231949],[15.159434,44.230954],[15.157629,44.23216],[15.155478,44.231443],[15.153845,44.23432],[15.146668,44.236627],[15.14676,44.237307],[15.147092,44.236806],[15.14821,44.236841],[15.149368,44.237363],[15.148022,44.236896],[15.147114,44.240046],[15.142317,44.239694],[15.139345,44.240777],[15.136333,44.239627],[15.137211,44.23905],[15.132908,44.240104],[15.13095,44.24282],[15.1337,44.248047],[15.129452,44.249237],[15.12577,44.248427],[15.12462,44.249493],[15.128738,44.255287],[15.124513,44.255227],[15.12435,44.254318],[15.120977,44.256734],[15.121543,44.257495],[15.12002,44.256873],[15.120614,44.256155],[15.117504,44.258096],[15.113815,44.257472],[15.111248,44.259325],[15.11345,44.264545],[15.11788,44.266269],[15.116167,44.265074],[15.118255,44.26462],[15.118112,44.265554],[15.124819,44.267782],[15.127353,44.278026],[15.128197,44.276898],[15.131427,44.278446],[15.128881,44.276209],[15.129749,44.276709],[15.130444,44.27454],[15.132465,44.274021],[15.138517,44.279078],[15.14183,44.279721],[15.14533,44.277897],[15.153238,44.268714],[15.156617,44.268697],[15.163754,44.262379],[15.165705,44.258771],[15.177769,44.249962],[15.177265,44.247664],[15.17693,44.249134],[15.170734,44.251854],[15.175686,44.247364],[15.178516,44.247282],[15.179922,44.245813],[15.17673,44.245362],[15.176487,44.243747],[15.18657,44.237363],[15.188098,44.237834],[15.18293,44.239984],[15.18379,44.240863],[15.181896,44.241129],[15.180985,44.243832],[15.184364,44.246177],[15.18726,44.242823],[15.188516,44.242977],[15.187749,44.243873],[15.18902,44.243376],[15.18995,44.246968],[15.183062,44.248435],[15.180495,44.246785],[15.181968,44.248486],[15.185677,44.248464],[15.196708,44.246899],[15.19645,44.247538],[15.197887,44.246758],[15.201612,44.246789],[15.208502,44.251356],[15.213766,44.25712],[15.212234,44.259506],[15.210452,44.259947],[15.21033,44.261696],[15.206417,44.264465],[15.20382,44.272393],[15.200012,44.274755],[15.196592,44.274394],[15.190931,44.281839],[15.194811,44.286315],[15.197207,44.286673],[15.200989,44.286059],[15.210463,44.27897],[15.210259,44.279875],[15.213523,44.280131],[15.215687,44.284899],[15.20643,44.291092],[15.210597,44.292226],[15.217256,44.289651],[15.217774,44.286599],[15.220231,44.287194],[15.224098,44.285492],[15.22343,44.283916],[15.225358,44.284293],[15.228365,44.281054],[15.23304,44.281712],[15.240735,44.272368],[15.242629,44.272268],[15.244306,44.26999],[15.246976,44.269825],[15.246239,44.268798],[15.248744,44.269209],[15.250717,44.266259],[15.253431,44.265422],[15.260456,44.25877],[15.272613,44.254021],[15.286203,44.245317],[15.291238,44.24525],[15.296684,44.246941],[15.299354,44.248678],[15.300473,44.250776],[15.299781,44.25376],[15.300941,44.254102],[15.299708,44.253824],[15.299408,44.256976],[15.29707,44.258692],[15.29388,44.26021],[15.292544,44.259573],[15.293854,44.260681],[15.293173,44.261054],[15.291768,44.260158],[15.293017,44.262625],[15.287581,44.266321],[15.288589,44.268529],[15.288018,44.271608],[15.283509,44.275191],[15.281664,44.278709],[15.282044,44.280552],[15.284257,44.281455],[15.294206,44.278713],[15.300772,44.278448],[15.304498,44.279464],[15.304811,44.281166],[15.307147,44.282518],[15.307542,44.285216],[15.305214,44.289338],[15.301317,44.291447],[15.299791,44.293739],[15.292929,44.29631],[15.289261,44.299843],[15.28272,44.302426],[15.272282,44.312003],[15.271629,44.314235],[15.26065,44.319158],[15.261766,44.321801],[15.258575,44.323907],[15.26454,44.327233],[15.265987,44.332206],[15.267106,44.329315],[15.271686,44.329134],[15.276013,44.33256],[15.277733,44.331574],[15.275325,44.326719],[15.27974,44.323573],[15.291969,44.320976],[15.299605,44.317779],[15.3159,44.309287],[15.321512,44.307858],[15.321481,44.304349],[15.327854,44.303364],[15.331794,44.300737],[15.332949,44.296491],[15.329092,44.294244],[15.328226,44.292604],[15.32916,44.291824],[15.33853,44.290134],[15.343832,44.284444],[15.348482,44.284032],[15.347649,44.284688],[15.354913,44.28002],[15.35761,44.280203],[15.361354,44.27793],[15.364847,44.278234],[15.365762,44.277669],[15.365252,44.27596],[15.368833,44.276436],[15.401199,44.258127],[15.413051,44.255252],[15.413442,44.253981],[15.417515,44.254334],[15.423555,44.256291],[15.424731,44.258686],[15.427813,44.26073],[15.436274,44.262748],[15.443652,44.262883],[15.45009,44.261916],[15.45214,44.260328],[15.455716,44.260502],[15.462501,44.255992],[15.464103,44.257515],[15.462527,44.258247],[15.464337,44.258926],[15.471149,44.254597],[15.474835,44.255874],[15.478878,44.25535],[15.47955,44.254333],[15.478069,44.252324],[15.480943,44.253425],[15.48141,44.252411],[15.483815,44.252522],[15.484241,44.25399],[15.490632,44.253446],[15.493668,44.252149],[15.493521,44.249703],[15.496989,44.251198],[15.499737,44.251035],[15.500039,44.249803],[15.502896,44.250835],[15.505241,44.248077],[15.507373,44.249721],[15.509314,44.2494],[15.509243,44.248307],[15.512339,44.249041],[15.516918,44.246656],[15.516813,44.245393],[15.519127,44.246042],[15.521344,44.244921],[15.520047,44.239401],[15.522581,44.232056],[15.526009,44.228444],[15.525479,44.226471],[15.530486,44.224415],[15.531308,44.222187],[15.536261,44.219188],[15.517442,44.220715],[15.515377,44.218352],[15.511572,44.217471],[15.510572,44.214956],[15.50808,44.213619],[15.499729,44.21291],[15.494004,44.211031],[15.486405,44.212391],[15.482454,44.209696],[15.473078,44.210461],[15.469539,44.208349],[15.472976,44.205731],[15.471091,44.205518],[15.471075,44.203316],[15.473476,44.201802],[15.479206,44.201654],[15.505718,44.183092],[15.493089,44.16556],[15.485911,44.163971],[15.483444,44.161893],[15.483246,44.156035],[15.501235,44.148631],[15.50434,44.144774],[15.528031,44.13689],[15.543142,44.149009],[15.551507,44.153985],[15.550164,44.155124],[15.552522,44.1574],[15.554575,44.156811],[15.567246,44.161311],[15.556944,44.171306],[15.551922,44.168421],[15.550614,44.16574],[15.548442,44.164513],[15.537951,44.164211],[15.533998,44.162078],[15.527246,44.161256],[15.528283,44.164266],[15.526403,44.167265],[15.522131,44.166086],[15.524821,44.175923],[15.529567,44.17777],[15.541256,44.18663],[15.54596,44.185142],[15.547187,44.183821],[15.545053,44.18199],[15.549581,44.179815],[15.546772,44.181937],[15.548782,44.184777],[15.545339,44.188295],[15.546613,44.190268],[15.55333,44.192125],[15.561059,44.192206],[15.56182,44.191107],[15.568589,44.189908],[15.576727,44.182721],[15.590183,44.178311],[15.59324,44.180161],[15.593064,44.17693],[15.597165,44.173867],[15.597864,44.16935],[15.600822,44.166644],[15.60522,44.166479],[15.606192,44.16232],[15.603303,44.162846],[15.602242,44.161343],[15.605728,44.156017],[15.601282,44.155585],[15.600386,44.152162],[15.601343,44.149892],[15.599844,44.145228],[15.613464,44.130967],[15.618274,44.129549],[15.619147,44.13024],[15.619555,44.131215],[15.620232,44.131289],[15.618853,44.131706],[15.618365,44.129832],[15.618958,44.132193],[15.620898,44.133329],[15.625592,44.134836],[15.629526,44.134496],[15.629387,44.137635],[15.630642,44.138293],[15.627892,44.138884],[15.627477,44.141516],[15.632365,44.144307],[15.623229,44.153085],[15.620001,44.155015],[15.616163,44.155104],[15.614877,44.157434],[15.609026,44.161718],[15.609186,44.16371],[15.607122,44.165544],[15.60751,44.168374],[15.605683,44.169892],[15.604784,44.16929],[15.605976,44.168337],[15.604358,44.168211],[15.599512,44.169935],[15.59973,44.173922],[15.598352,44.176697],[15.59616,44.177541],[15.596672,44.180245],[15.598916,44.180733],[15.598648,44.182208],[15.602895,44.18197],[15.602154,44.183724],[15.606109,44.184895],[15.600944,44.189569],[15.595766,44.191689],[15.596415,44.194089],[15.593203,44.195421],[15.589985,44.201354],[15.57235,44.208979],[15.563013,44.210487],[15.554417,44.215427],[15.551866,44.215295],[15.544838,44.219019],[15.541301,44.219257],[15.528236,44.226985],[15.528651,44.229292],[15.522795,44.237691],[15.52243,44.241277],[15.52481,44.24495],[15.522173,44.247988],[15.52977,44.248348],[15.531716,44.24659],[15.535428,44.246193],[15.537744,44.248216],[15.537555,44.249918],[15.533709,44.255661],[15.536799,44.257937],[15.541623,44.258388],[15.538398,44.25874],[15.536876,44.261304],[15.535217,44.259678],[15.530997,44.259811],[15.531435,44.26295],[15.528771,44.265857],[15.526932,44.264193],[15.525742,44.269082],[15.509212,44.273442],[15.504883,44.273842],[15.503758,44.271511],[15.500266,44.271834],[15.495261,44.269302],[15.478261,44.267794],[15.478026,44.270606],[15.476191,44.272189],[15.477129,44.274549],[15.47621,44.277456],[15.469864,44.280085],[15.46865,44.282534],[15.463575,44.282943],[15.463322,44.283985],[15.45949,44.282505],[15.459774,44.280457],[15.453412,44.279321],[15.450976,44.283116],[15.445207,44.286549],[15.444135,44.289757],[15.43915,44.292522],[15.438376,44.294996],[15.430152,44.298789],[15.429768,44.301953],[15.427721,44.304336],[15.422231,44.307311],[15.421818,44.308988],[15.41917,44.30968],[15.418692,44.311537],[15.416986,44.311091],[15.408866,44.315687],[15.408447,44.31715],[15.396351,44.321752],[15.390955,44.32225],[15.38645,44.324946],[15.382059,44.325299],[15.38058,44.327245],[15.378153,44.326536],[15.363611,44.33133],[15.361599,44.330466],[15.350904,44.335211],[15.339124,44.337327],[15.338685,44.339687],[15.336397,44.341286],[15.328063,44.344167],[15.321274,44.349277],[15.314748,44.349168],[15.312325,44.353067],[15.309935,44.350718],[15.308351,44.350814],[15.307087,44.356534],[15.303955,44.356405],[15.303327,44.358468],[15.299946,44.358245],[15.295406,44.361522],[15.294319,44.359661],[15.292954,44.359897],[15.290909,44.360905],[15.290453,44.363323],[15.287082,44.361156],[15.284151,44.36183],[15.282344,44.363445],[15.282401,44.365713],[15.280355,44.364612],[15.278224,44.365268],[15.271935,44.372548],[15.268506,44.373621],[15.26665,44.37699],[15.264478,44.377012],[15.263509,44.379735],[15.259892,44.379936],[15.271877,44.383856],[15.27454,44.387556],[15.254734,44.403306],[15.252617,44.419043],[15.254554,44.431314],[15.253432,44.436132],[15.254847,44.440764],[15.2699,44.438695],[15.278728,44.440834],[15.288313,44.45098],[15.294894,44.460763],[15.296283,44.459195],[15.297826,44.460299],[15.311749,44.453461],[15.314722,44.453522],[15.317305,44.450421],[15.316212,44.449399],[15.318667,44.44704],[15.322938,44.445951],[15.334024,44.43883],[15.343177,44.436411],[15.339206,44.431971],[15.339545,44.427725],[15.332817,44.422148],[15.331969,44.418483],[15.329319,44.415696],[15.338485,44.414362],[15.390429,44.385754],[15.435106,44.37671],[15.464163,44.368873],[15.467185,44.37603],[15.471083,44.379022],[15.473907,44.385946],[15.473413,44.387757],[15.475199,44.390148],[15.4741,44.391193],[15.475616,44.392502],[15.475017,44.394412],[15.478386,44.401807],[15.479648,44.403993],[15.482807,44.404795],[15.484264,44.414394],[15.488173,44.41606],[15.498152,44.415064],[15.503558,44.418045],[15.507678,44.42244],[15.513899,44.424454],[15.517095,44.426837],[15.52358,44.42808],[15.525594,44.430445],[15.526821,44.428734],[15.535173,44.425395],[15.53303,44.423301],[15.537004,44.422123],[15.536898,44.418086],[15.53844,44.416267],[15.536401,44.412718],[15.537787,44.411299],[15.535648,44.403204],[15.538559,44.401357],[15.54669,44.401723],[15.548667,44.403179],[15.555139,44.399639],[15.561134,44.399376],[15.561417,44.397027],[15.570369,44.3958],[15.57122,44.392975],[15.567444,44.389714],[15.560859,44.389438],[15.541788,44.38544],[15.527983,44.363843],[15.528873,44.35633],[15.538884,44.350215],[15.545278,44.347475],[15.550817,44.346791],[15.541276,44.339508],[15.559472,44.307847],[15.570599,44.293319],[15.57901,44.300002],[15.597532,44.291302],[15.616642,44.291407],[15.636276,44.285119],[15.648239,44.290525],[15.659823,44.286069],[15.670483,44.278284],[15.677623,44.271214],[15.693954,44.272161],[15.725104,44.260726],[15.733925,44.254414],[15.745571,44.25199],[15.787936,44.248474],[15.809841,44.243352],[15.81605,44.243308],[15.83052,44.24017],[15.799788,44.216689],[15.793362,44.205061],[15.791917,44.195287],[15.792665,44.194148],[15.796226,44.193871],[15.801358,44.191306],[15.808214,44.192239],[15.812348,44.189986],[15.813209,44.187118],[15.814884,44.18608],[15.817514,44.186331],[15.817524,44.187969],[15.822465,44.187043],[15.823223,44.187613],[15.821991,44.189854],[15.823351,44.190538],[15.828524,44.186513],[15.83626,44.187807],[15.840814,44.190554],[15.844344,44.187189],[15.847184,44.188131],[15.848302,44.190193],[15.856235,44.190313],[15.859377,44.187923],[15.860933,44.188289],[15.864125,44.19614],[15.870649,44.199052],[15.872295,44.202072],[15.870886,44.203271],[15.872046,44.208095],[15.878737,44.217945],[15.88222,44.229906],[15.885036,44.232413],[15.884719,44.235449],[15.878352,44.242521],[15.908992,44.241093],[15.918358,44.236355],[15.92785,44.239726],[15.929633,44.236876],[15.928174,44.233241],[15.937289,44.222339],[15.943891,44.221168],[15.946695,44.21183],[15.950967,44.205926],[15.970047,44.192912],[15.963014,44.188788],[15.981293,44.179327],[15.988338,44.156396],[15.986462,44.153361],[15.989227,44.151276],[16.002039,44.148968],[16.009644,44.144095],[16.016129,44.143162],[16.005034,44.138985],[16.006398,44.134928],[16.00403,44.129416],[16.003028,44.113567],[15.997835,44.110058],[15.998848,44.108844],[15.998883,44.098534],[15.993314,44.089021],[15.993345,44.083669],[15.991207,44.084669],[15.991542,44.07973],[15.984188,44.070801],[15.99574,44.061918],[16.005629,44.051759],[16.009499,44.049748],[16.016346,44.049057],[16.020094,44.043232],[16.024902,44.044516],[16.028175,44.042403],[16.043595,44.021057],[16.043184,44.010699],[16.041669,44.01125],[16.037914,44.009371],[16.037095,44.011605],[16.031532,44.014754],[16.02549,44.015365],[16.024338,44.014206],[16.027944,44.008226],[16.028474,44.004796],[16.018628,44.002886],[16.017246,43.998832],[16.016627,43.990302],[16.027396,43.982526],[16.02855,43.97931],[16.023308,43.974671],[16.016401,43.972405],[16.016292,43.971351],[16.026299,43.964161],[16.023748,43.959864],[16.028251,43.950549],[16.026963,43.947613],[16.026586,43.937534],[16.020922,43.931641],[16.024139,43.93009],[16.024243,43.927617],[16.016403,43.915272],[16.015129,43.916271],[16.014317,43.915113],[16.012078,43.915397],[16.013077,43.917251],[15.996095,43.921326],[15.984392,43.926297],[15.989537,43.935005],[15.98498,43.936534],[15.982711,43.939019],[15.977697,43.941157],[15.968171,43.941992],[15.962388,43.940075],[15.961377,43.940867],[15.961431,43.944217],[15.958473,43.940992],[15.956315,43.940579],[15.94752,43.943087],[15.944758,43.941969],[15.940785,43.931787],[15.936902,43.929552],[15.931553,43.929298],[15.904184,43.917631],[15.90177,43.918962],[15.898866,43.923824],[15.887063,43.935398],[15.857393,43.953941],[15.863326,43.956789],[15.861991,43.957609],[15.868699,43.965064],[15.857626,43.973182],[15.850785,43.97541],[15.850381,43.978007],[15.851641,43.980053],[15.850778,43.983341],[15.845113,43.985242],[15.838756,43.991003],[15.832341,43.993868],[15.824254,43.98962],[15.819679,43.988726],[15.81817,43.986882],[15.819823,43.985619],[15.816903,43.983552],[15.812941,43.984652],[15.792843,43.982525],[15.785145,43.987727],[15.777242,43.995332],[15.781254,43.998023],[15.782428,44.004793],[15.773451,44.009669],[15.771062,44.012989],[15.767202,44.014455],[15.763385,44.010493],[15.751266,44.012698],[15.733794,44.022838],[15.728608,44.019046],[15.726986,44.014997],[15.723805,44.012839],[15.708935,43.994814],[15.694907,43.989338],[15.684208,43.982616],[15.68887,43.978286],[15.687423,43.976063],[15.689283,43.974116],[15.688097,43.97181],[15.693635,43.967942],[15.698021,43.966781],[15.694108,43.96469],[15.680309,43.945764],[15.677981,43.951403],[15.658475,43.941951],[15.660692,43.939039],[15.659626,43.938532],[15.664002,43.933794],[15.656128,43.927651],[15.652333,43.926791],[15.650426,43.920988],[15.648209,43.919785],[15.654743,43.911566],[15.654373,43.909624],[15.651412,43.910928],[15.64381,43.906813],[15.641599,43.907275],[15.635732,43.904662],[15.63302,43.905991],[15.627392,43.90266],[15.623307,43.897368],[15.612012,43.889616],[15.607432,43.88478],[15.61703,43.880255],[15.618785,43.876699],[15.624583,43.87547],[15.625377,43.872847],[15.630275,43.872424],[15.63767,43.866946],[15.638875,43.86333],[15.644102,43.861697],[15.642299,43.860961],[15.6431,43.859114],[15.634716,43.858239],[15.631565,43.855693],[15.628408,43.859661],[15.625612,43.860029],[15.624405,43.858503],[15.627278,43.854241],[15.631231,43.854962],[15.631163,43.852757],[15.637196,43.848823],[15.633807,43.848071],[15.601867,43.86486],[15.599064,43.869006],[15.593221,43.873034],[15.592702,43.875819],[15.583163,43.882665],[15.574449,43.885671],[15.569826,43.87988],[15.563368,43.874628],[15.558876,43.871878],[15.554021,43.87121],[15.553164,43.873321],[15.547972,43.87507],[15.54405,43.878856],[15.541035,43.878242],[15.534068,43.881139],[15.535417,43.884314],[15.53173,43.884648],[15.528699,43.886599],[15.529877,43.887662],[15.532077,43.886742],[15.534185,43.888651],[15.535493,43.887955],[15.535708,43.890298],[15.527472,43.895113],[15.523915,43.899399],[15.517656,43.901739],[15.515525,43.904203],[15.506922,43.90577],[15.505763,43.90699],[15.504814,43.905713],[15.501633,43.90757],[15.497075,43.907518],[15.493458,43.910744],[15.493743,43.912986],[15.491411,43.911929],[15.488536,43.914938],[15.482599,43.913392],[15.477573,43.914252],[15.47911,43.917754],[15.477837,43.918739],[15.476184,43.916117],[15.470921,43.916577],[15.469291,43.914725],[15.459504,43.922473],[15.455768,43.923009],[15.451658,43.926638],[15.45088,43.930205],[15.445723,43.930994],[15.445983,43.932659],[15.443512,43.932995],[15.444027,43.933743],[15.44336,43.933836],[15.441594,43.935861],[15.443117,43.934364],[15.443221,43.935675],[15.439079,43.937298],[15.439936,43.939561],[15.438707,43.939851],[15.440213,43.942044],[15.439157,43.940345],[15.441003,43.941034],[15.440015,43.939576],[15.441792,43.93968],[15.441571,43.940977],[15.442338,43.941113],[15.443342,43.940881],[15.44192,43.939675],[15.444069,43.93862],[15.445479,43.941497],[15.444612,43.942319],[15.442103,43.941572],[15.444743,43.942591],[15.444128,43.943622],[15.440389,43.942398],[15.445145,43.944071],[15.443797,43.944999],[15.443912,43.947287],[15.44099,43.948731],[15.441905,43.949186],[15.439296,43.951802],[15.432349,43.956397],[15.428578,43.957173],[15.42924,43.957783],[15.426391,43.960378],[15.423594,43.960084],[15.422697,43.961976],[15.411212,43.965965],[15.408958,43.96518],[15.409403,43.965935],[15.404493,43.968645],[15.403171,43.971761],[15.393911,43.978042],[15.393068,43.983531],[15.385886,43.991503],[15.380368,43.993427],[15.378216,43.996607],[15.375016,43.998398],[15.368171,43.999856],[15.366485,44.002841],[15.367367,44.005281],[15.361192,44.014028],[15.343107,44.030606],[15.329375,44.036629],[15.321687,44.0351],[15.316473,44.037688],[15.315277,44.036379],[15.309461,44.036999],[15.307359,44.038027],[15.307666,44.041342],[15.299164,44.043399],[15.29879,44.044417],[15.301099,44.046063],[15.308719,44.043474],[15.310584,44.04501],[15.309544,44.044707],[15.309231,44.046633],[15.30679,44.047642],[15.309272,44.046694],[15.311178,44.047441],[15.308281,44.048669],[15.308676,44.050685],[15.30934,44.05013],[15.310814,44.051829],[15.307611,44.053618],[15.303356,44.052177],[15.303709,44.050103],[15.302064,44.052225],[15.300364,44.051572],[15.29865,44.051878],[15.300607,44.053657],[15.303028,44.053457],[15.303245,44.052305],[15.305698,44.053387],[15.298454,44.055061],[15.299202,44.055588],[15.297908,44.055496],[15.298652,44.056027],[15.297425,44.055881],[15.298183,44.056409],[15.296248,44.057635],[15.294912,44.056462],[15.29666,44.055612],[15.296228,44.054538],[15.297182,44.054855],[15.29654,44.054074],[15.297501,44.054397],[15.296557,44.054054],[15.297815,44.053933],[15.297213,44.053101],[15.298177,44.053418],[15.297077,44.052157],[15.298667,44.050778],[15.293308,44.053044],[15.281237,44.0632],[15.282058,44.065178],[15.279287,44.068218],[15.281305,44.069287],[15.28043,44.068648],[15.283818,44.068527],[15.283017,44.06957],[15.281838,44.069011],[15.282746,44.069739],[15.282104,44.0717],[15.276171,44.078322],[15.276182,44.083707],[15.276901,44.083228],[15.27543,44.085486],[15.272587,44.085539],[15.270568,44.087206],[15.265184,44.086565],[15.269065,44.087295],[15.268805,44.088293],[15.264448,44.087814],[15.267823,44.08878],[15.266356,44.090269],[15.261225,44.088387],[15.258513,44.090938],[15.254795,44.088885],[15.258567,44.091467],[15.257579,44.092395],[15.25581,44.091418],[15.257246,44.09271],[15.256365,44.093538],[15.254687,44.092617],[15.256267,44.093631],[15.254618,44.093731],[15.259692,44.094586],[15.256748,44.097476],[15.254534,44.096603],[15.25,44.099893],[15.248723,44.099572],[15.249628,44.097805],[15.250757,44.098245],[15.249966,44.097606],[15.253369,44.095874],[15.252055,44.095385],[15.249707,44.097626],[15.248507,44.096788],[15.250407,44.094578],[15.249406,44.094448],[15.245374,44.097822],[15.241689,44.098362],[15.236675,44.103942],[15.234198,44.104408],[15.231209,44.108219],[15.227112,44.11013],[15.228391,44.112034],[15.22646,44.11027],[15.22211,44.114564],[15.220116,44.11718],[15.222088,44.118941],[15.228337,44.116397],[15.232125,44.112085],[15.234502,44.111657],[15.228296,44.117908],[15.230932,44.119502],[15.230561,44.12013],[15.22803,44.118401],[15.225939,44.120053],[15.224748,44.119083],[15.225807,44.120139],[15.224464,44.118925],[15.225648,44.120569],[15.222719,44.122761],[15.225259,44.125121],[15.220586,44.12565],[15.220245,44.128182],[15.217353,44.126196],[15.218154,44.126899],[15.216539,44.126532],[15.216849,44.12764],[15.214099,44.128117],[15.217392,44.12575],[15.216355,44.125636],[15.211574,44.128807],[15.210307,44.128364],[15.210045,44.128524],[15.211036,44.12889],[15.210716,44.130134],[15.209716,44.129763],[15.210636,44.130489],[15.209376,44.13002],[15.21024,44.130816],[15.208781,44.130455],[15.209771,44.129241],[15.208569,44.130324],[15.204123,44.130073],[15.202911,44.133172],[15.209498,44.133316],[15.208424,44.135103],[15.213514,44.139031],[15.210513,44.141309],[15.210755,44.145683]]],[[[15.13664,44.282933],[15.137359,44.285335],[15.136817,44.285648],[15.137374,44.285362],[15.138789,44.287513],[15.13978,44.28781],[15.139528,44.285373],[15.13664,44.282933]]],[[[15.136876,44.285222],[15.13689,44.285293],[15.137082,44.285294],[15.136876,44.285222]]],[[[15.137358,44.285796],[15.137413,44.28599],[15.137609,44.286113],[15.137358,44.285796]]],[[[15.137954,44.28628],[15.137837,44.286213],[15.13788,44.286373],[15.137954,44.28628]]],[[[15.137739,44.286723],[15.137865,44.286862],[15.13778,44.286542],[15.137739,44.286723]]],[[[15.207598,44.291951],[15.197618,44.291936],[15.19423,44.293961],[15.191573,44.298952],[15.198342,44.297375],[15.207598,44.291951]]],[[[15.185225,44.302685],[15.188621,44.302375],[15.190542,44.300313],[15.189049,44.2998],[15.185814,44.301309],[15.185225,44.302685]]],[[[15.10759,44.444623],[15.108255,44.444456],[15.107869,44.444189],[15.10759,44.444623]]],[[[15.107073,44.447578],[15.10818,44.447451],[15.107827,44.447304],[15.107073,44.447578]]],[[[15.106228,44.447684],[15.105488,44.448051],[15.106232,44.448229],[15.106228,44.447684]]],[[[15.104728,44.44835],[15.103858,44.44825],[15.103912,44.44895],[15.104728,44.44835]]],[[[15.291016,43.785911],[15.289026,43.78723],[15.28752,43.790602],[15.293514,43.790294],[15.293827,43.788899],[15.292196,43.788863],[15.291016,43.785911]]],[[[15.282563,43.791572],[15.28235,43.791612],[15.282551,43.791686],[15.282563,43.791572]]],[[[15.282291,43.79295],[15.282106,43.793298],[15.282404,43.793165],[15.282291,43.79295]]],[[[15.28417,43.798429],[15.283932,43.799443],[15.284595,43.799051],[15.28417,43.798429]]],[[[15.295503,43.798219],[15.293364,43.799335],[15.293783,43.800871],[15.297163,43.798802],[15.295503,43.798219]]],[[[15.288352,43.800882],[15.287637,43.800379],[15.287616,43.800716],[15.288352,43.800882]]],[[[15.278687,43.799752],[15.276689,43.797588],[15.270239,43.800806],[15.265878,43.801778],[15.262415,43.800092],[15.260381,43.801885],[15.263953,43.80288],[15.263558,43.804248],[15.265279,43.804989],[15.267553,43.804839],[15.27076,43.801911],[15.274736,43.800803],[15.276473,43.801839],[15.274752,43.80409],[15.277257,43.802614],[15.278687,43.799752]]],[[[15.290106,43.802653],[15.290265,43.803806],[15.290565,43.803483],[15.290106,43.802653]]],[[[15.254222,43.80441],[15.252821,43.805976],[15.254675,43.807625],[15.255817,43.806381],[15.254222,43.80441]]],[[[15.272368,43.805578],[15.269673,43.807145],[15.268972,43.809928],[15.27093,43.809148],[15.270858,43.806962],[15.272368,43.805578]]],[[[15.278523,43.81189],[15.286232,43.806707],[15.283637,43.80712],[15.278523,43.81189]]],[[[15.255641,43.810051],[15.252442,43.809037],[15.250492,43.811894],[15.249165,43.81097],[15.246779,43.812826],[15.250881,43.813744],[15.259018,43.811277],[15.25776,43.808452],[15.255641,43.810051]]],[[[15.275563,43.813179],[15.274909,43.81379],[15.276849,43.81285],[15.275563,43.813179]]],[[[15.279843,43.819059],[15.281285,43.820005],[15.28206,43.818696],[15.281542,43.818352],[15.279843,43.819059]]],[[[15.256908,43.822668],[15.25507,43.823853],[15.254695,43.826631],[15.264035,43.822567],[15.265161,43.817185],[15.256417,43.819576],[15.254606,43.815644],[15.251674,43.815218],[15.248739,43.818068],[15.250437,43.820781],[15.246274,43.82083],[15.245783,43.819057],[15.242013,43.818852],[15.241785,43.823215],[15.237717,43.824854],[15.235635,43.8282],[15.229848,43.83262],[15.249174,43.826865],[15.251639,43.822226],[15.254989,43.820752],[15.256908,43.822668]]],[[[15.226865,43.8272],[15.23269,43.827122],[15.230595,43.825149],[15.231376,43.823819],[15.226865,43.8272]]],[[[15.249057,43.830648],[15.25346,43.82825],[15.254383,43.826901],[15.250811,43.828023],[15.249057,43.830648]]],[[[15.236108,43.836629],[15.235923,43.836603],[15.235947,43.836685],[15.236108,43.836629]]],[[[15.239614,43.838698],[15.241736,43.839508],[15.238817,43.83744],[15.239614,43.838698]]],[[[15.234987,43.846383],[15.235828,43.846449],[15.237646,43.845059],[15.237219,43.844544],[15.234987,43.846383]]],[[[15.237464,43.848161],[15.237285,43.850626],[15.239744,43.85067],[15.240001,43.848647],[15.237464,43.848161]]],[[[15.23717,43.852739],[15.237997,43.853121],[15.238132,43.852523],[15.23717,43.852739]]],[[[15.226388,43.859747],[15.233641,43.854323],[15.23425,43.85256],[15.232939,43.851212],[15.234147,43.847191],[15.224225,43.853488],[15.223492,43.855541],[15.221022,43.857081],[15.226388,43.859747]]],[[[15.286708,43.858961],[15.287063,43.857868],[15.285538,43.858627],[15.286708,43.858961]]],[[[15.275377,43.858792],[15.275741,43.859979],[15.269216,43.861465],[15.269532,43.862285],[15.272225,43.862151],[15.272344,43.864589],[15.277615,43.861104],[15.280301,43.861369],[15.279819,43.857999],[15.276795,43.857632],[15.275377,43.858792]]],[[[15.245152,43.875875],[15.244885,43.876089],[15.245104,43.876066],[15.245152,43.875875]]],[[[15.243244,43.877262],[15.241124,43.878801],[15.241879,43.879526],[15.243244,43.877262]]],[[[15.237246,43.882038],[15.238327,43.878093],[15.235903,43.877759],[15.236164,43.880417],[15.234583,43.881522],[15.237246,43.882038]]],[[[15.231189,43.881396],[15.230852,43.881502],[15.231229,43.88164],[15.231189,43.881396]]],[[[15.239441,43.887303],[15.239158,43.887535],[15.239408,43.887563],[15.239441,43.887303]]],[[[15.259116,43.886939],[15.257199,43.890345],[15.260203,43.886773],[15.259116,43.886939]]],[[[15.248827,43.887718],[15.246157,43.890577],[15.247624,43.890451],[15.248827,43.887718]]],[[[15.228507,43.889493],[15.228581,43.890879],[15.231852,43.891637],[15.234608,43.891103],[15.238161,43.888231],[15.233687,43.88742],[15.228507,43.889493]]],[[[15.250643,43.896141],[15.246683,43.900236],[15.247997,43.901995],[15.25292,43.901821],[15.256709,43.899114],[15.253809,43.89697],[15.254889,43.89513],[15.254384,43.892731],[15.252651,43.895597],[15.250643,43.896141]]],[[[15.262913,43.897609],[15.263161,43.897753],[15.263212,43.897571],[15.262913,43.897609]]],[[[15.273689,43.905151],[15.274177,43.906343],[15.275442,43.905233],[15.273689,43.905151]]],[[[15.293839,43.905747],[15.294405,43.906583],[15.295049,43.905623],[15.293839,43.905747]]],[[[15.250966,43.907068],[15.252318,43.906506],[15.252626,43.905861],[15.25084,43.90602],[15.250966,43.907068]]],[[[15.24498,43.907817],[15.243883,43.9083],[15.24492,43.908471],[15.24498,43.907817]]],[[[15.248254,43.908789],[15.248165,43.909242],[15.249756,43.90832],[15.248254,43.908789]]],[[[15.26451,43.90908],[15.265315,43.910364],[15.266363,43.907526],[15.265496,43.907714],[15.26451,43.90908]]],[[[15.261519,43.915763],[15.261175,43.91128],[15.256902,43.91445],[15.260166,43.916562],[15.261519,43.915763]]],[[[15.230248,43.915681],[15.228387,43.917571],[15.228531,43.918352],[15.231498,43.917139],[15.231905,43.91624],[15.230248,43.915681]]],[[[15.284308,43.921958],[15.280312,43.921375],[15.278968,43.922734],[15.281301,43.926077],[15.285013,43.925462],[15.284308,43.921958]]],[[[15.267729,43.92215],[15.261148,43.92126],[15.258872,43.924937],[15.256836,43.925462],[15.256898,43.926832],[15.258964,43.927735],[15.2674,43.922464],[15.271272,43.923558],[15.273991,43.92071],[15.27305,43.920058],[15.267729,43.92215]]],[[[15.285878,43.925422],[15.286198,43.926047],[15.28632,43.925869],[15.285878,43.925422]]],[[[15.27547,43.925909],[15.276077,43.925979],[15.276049,43.925535],[15.27547,43.925909]]],[[[15.286955,43.927945],[15.288349,43.927823],[15.289293,43.926872],[15.286393,43.926224],[15.286955,43.927945]]],[[[15.25209,43.932482],[15.253193,43.93284],[15.252864,43.931997],[15.25209,43.932482]]],[[[15.279651,43.937164],[15.272085,43.938535],[15.268098,43.939885],[15.26938,43.94102],[15.272819,43.940581],[15.279796,43.938317],[15.279651,43.937164]]],[[[15.279362,43.946434],[15.280141,43.946719],[15.280231,43.946032],[15.279362,43.946434]]],[[[15.289482,43.978545],[15.268545,43.995096],[15.264627,44.002038],[15.265596,44.003692],[15.267394,44.003697],[15.266869,44.005918],[15.256952,44.006134],[15.252464,44.010665],[15.251719,44.015069],[15.258199,44.013638],[15.26342,44.01537],[15.26104,44.018622],[15.26539,44.021106],[15.270022,44.017987],[15.27022,44.016626],[15.267897,44.015228],[15.271458,44.013561],[15.278192,44.014206],[15.279896,44.012989],[15.278859,44.012821],[15.278755,44.011093],[15.28208,44.012504],[15.289091,44.012356],[15.289727,44.011406],[15.287485,44.009424],[15.292388,44.006226],[15.295704,44.001477],[15.297265,44.001525],[15.296581,44.002394],[15.304503,44.000778],[15.324193,43.994278],[15.326194,43.992606],[15.324951,43.992625],[15.325507,43.991979],[15.326416,43.992526],[15.325513,43.991615],[15.3272,43.98952],[15.330595,43.987311],[15.342429,43.980108],[15.345733,43.980395],[15.348631,43.977989],[15.347537,43.978404],[15.347981,43.975723],[15.353127,43.973492],[15.352546,43.970329],[15.356568,43.969281],[15.357604,43.965799],[15.362749,43.965258],[15.363754,43.967019],[15.361858,43.967828],[15.363723,43.967441],[15.366052,43.969382],[15.371263,43.969301],[15.375434,43.967574],[15.380413,43.961973],[15.379268,43.95805],[15.380941,43.957104],[15.382779,43.958846],[15.385054,43.959],[15.38624,43.957314],[15.389263,43.956784],[15.38957,43.953773],[15.386366,43.95237],[15.385876,43.950713],[15.389892,43.937716],[15.393233,43.937628],[15.394396,43.933324],[15.396514,43.933833],[15.401942,43.930382],[15.40944,43.92845],[15.415261,43.923135],[15.418703,43.923566],[15.417461,43.923141],[15.418401,43.922],[15.419553,43.923275],[15.419332,43.921837],[15.425589,43.919483],[15.434031,43.909861],[15.436506,43.909954],[15.437255,43.90858],[15.440551,43.907874],[15.447154,43.903034],[15.447277,43.901748],[15.449579,43.901371],[15.451373,43.899324],[15.449836,43.89745],[15.451292,43.89664],[15.452732,43.898335],[15.456059,43.89658],[15.455907,43.895132],[15.453549,43.894404],[15.455084,43.889206],[15.450248,43.886951],[15.449392,43.889959],[15.445845,43.89084],[15.441503,43.895897],[15.433982,43.889344],[15.427508,43.889378],[15.416503,43.894812],[15.415296,43.897245],[15.412477,43.896625],[15.411448,43.898922],[15.403184,43.904343],[15.395928,43.904914],[15.395362,43.908342],[15.397252,43.909676],[15.390144,43.910142],[15.385233,43.914805],[15.378717,43.913468],[15.384403,43.909669],[15.385345,43.907412],[15.384329,43.906577],[15.37837,43.908144],[15.378158,43.910892],[15.375384,43.914655],[15.373209,43.913627],[15.370125,43.914579],[15.373455,43.911078],[15.373545,43.907174],[15.362685,43.909993],[15.361436,43.912449],[15.356297,43.915753],[15.355622,43.920152],[15.356969,43.922619],[15.35424,43.923257],[15.353849,43.925334],[15.357551,43.925873],[15.362406,43.922028],[15.362186,43.923265],[15.364674,43.924057],[15.360566,43.926364],[15.359754,43.928784],[15.356299,43.931316],[15.351094,43.932528],[15.350206,43.932196],[15.350719,43.929353],[15.349113,43.928026],[15.346775,43.930715],[15.349263,43.933384],[15.347697,43.935808],[15.345436,43.936323],[15.34557,43.934109],[15.339013,43.934502],[15.335045,43.937692],[15.335038,43.93924],[15.338664,43.942782],[15.33765,43.943688],[15.33466,43.942513],[15.330122,43.945579],[15.328877,43.943608],[15.327598,43.944468],[15.328261,43.947253],[15.326069,43.947918],[15.323928,43.946934],[15.322077,43.951967],[15.319914,43.950049],[15.317871,43.949968],[15.313331,43.953081],[15.30873,43.953891],[15.303038,43.960481],[15.304116,43.961924],[15.30022,43.965867],[15.299881,43.971082],[15.297162,43.97354],[15.292338,43.974342],[15.289482,43.978545]]],[[[15.240326,44.007175],[15.238585,44.00741],[15.238652,44.008372],[15.240892,44.008593],[15.240326,44.007175]]],[[[15.251188,44.014461],[15.251438,44.015034],[15.251082,44.014152],[15.251188,44.014461]]],[[[15.242992,44.023826],[15.242987,44.023871],[15.24302,44.02385],[15.242992,44.023826]]],[[[15.265011,44.025719],[15.263833,44.026922],[15.263964,44.027266],[15.26603,44.026898],[15.265011,44.025719]]],[[[15.263219,44.08767],[15.263275,44.087721],[15.263288,44.087676],[15.263219,44.08767]]],[[[15.26432,44.087785],[15.264242,44.087821],[15.264305,44.087832],[15.26432,44.087785]]],[[[15.237173,44.295659],[15.232573,44.297391],[15.232689,44.299882],[15.235398,44.299553],[15.237425,44.298089],[15.2365,44.296895],[15.238088,44.296983],[15.237173,44.295659]]],[[[15.229429,44.300454],[15.224653,44.301298],[15.224565,44.302675],[15.228291,44.305002],[15.229343,44.302659],[15.230961,44.302362],[15.229429,44.300454]]],[[[15.2878,44.324893],[15.288279,44.325013],[15.288542,44.324929],[15.2878,44.324893]]],[[[15.366337,43.752292],[15.368696,43.754678],[15.376075,43.757788],[15.378636,43.758125],[15.383313,43.756386],[15.380852,43.756315],[15.380777,43.755058],[15.378102,43.753674],[15.379339,43.750257],[15.373386,43.746345],[15.372726,43.742985],[15.370403,43.743995],[15.369203,43.746092],[15.369907,43.746833],[15.36642,43.746422],[15.363889,43.748288],[15.362856,43.7474],[15.358491,43.750268],[15.362736,43.753704],[15.362406,43.758378],[15.364642,43.760738],[15.366782,43.760998],[15.369823,43.758518],[15.366982,43.757151],[15.367001,43.754606],[15.36398,43.752984],[15.365941,43.750452],[15.366933,43.750793],[15.366337,43.752292]]],[[[15.353564,43.753904],[15.351706,43.755458],[15.355484,43.75369],[15.353564,43.753904]]],[[[15.349626,43.75511],[15.348952,43.755237],[15.349908,43.755435],[15.349626,43.75511]]],[[[15.351092,43.755358],[15.350578,43.755468],[15.351287,43.755538],[15.351092,43.755358]]],[[[15.342173,43.759537],[15.347919,43.757689],[15.347731,43.755738],[15.34222,43.757703],[15.338792,43.762791],[15.341589,43.761553],[15.342173,43.759537]]],[[[15.365122,43.764169],[15.36394,43.764971],[15.36646,43.763862],[15.365122,43.764169]]],[[[15.332406,43.772389],[15.343563,43.768055],[15.343422,43.766731],[15.345958,43.767444],[15.350737,43.765672],[15.361386,43.764943],[15.363648,43.762475],[15.356695,43.757906],[15.351119,43.758164],[15.330052,43.768163],[15.32687,43.772039],[15.327436,43.770221],[15.326464,43.769573],[15.321035,43.770124],[15.31278,43.774614],[15.32226,43.777886],[15.324686,43.775744],[15.32739,43.775669],[15.332406,43.772389]]],[[[15.351516,43.768665],[15.351494,43.76873],[15.351592,43.768677],[15.351516,43.768665]]],[[[15.356006,43.772429],[15.356031,43.771979],[15.354604,43.772199],[15.356006,43.772429]]],[[[15.347575,43.775456],[15.343423,43.777523],[15.345244,43.778651],[15.350506,43.77815],[15.3532,43.775628],[15.351074,43.773073],[15.349165,43.773263],[15.347575,43.775456]]],[[[15.297095,43.781222],[15.303328,43.779814],[15.305594,43.777979],[15.308595,43.778876],[15.308969,43.781884],[15.310732,43.782258],[15.309073,43.779154],[15.31109,43.777683],[15.309104,43.776367],[15.30197,43.777749],[15.296295,43.779819],[15.297095,43.781222]]],[[[15.333675,43.783912],[15.339451,43.782813],[15.341199,43.781576],[15.33723,43.7809],[15.333734,43.782506],[15.333675,43.783912]]],[[[15.299335,43.783902],[15.30017,43.783263],[15.299166,43.783048],[15.299335,43.783902]]],[[[15.300064,43.795649],[15.299044,43.794956],[15.298635,43.795415],[15.300064,43.795649]]],[[[15.371171,43.800186],[15.372024,43.800466],[15.372016,43.799709],[15.371171,43.800186]]],[[[15.374385,43.805616],[15.375418,43.805819],[15.376235,43.804465],[15.375495,43.804121],[15.374385,43.805616]]],[[[15.238295,43.869954],[15.247021,43.87285],[15.248441,43.871136],[15.246788,43.870759],[15.247864,43.870382],[15.250434,43.870545],[15.252846,43.868996],[15.253712,43.870795],[15.260007,43.868757],[15.262156,43.869598],[15.266475,43.86706],[15.267334,43.863319],[15.260138,43.866481],[15.260656,43.864167],[15.258783,43.860835],[15.251203,43.862455],[15.2651,43.85187],[15.276953,43.845552],[15.277389,43.844195],[15.299496,43.834157],[15.323389,43.818678],[15.328766,43.816632],[15.333194,43.812518],[15.333451,43.810464],[15.338938,43.809761],[15.339484,43.807194],[15.340356,43.808499],[15.342153,43.808032],[15.352817,43.798128],[15.359004,43.789553],[15.372508,43.780738],[15.384058,43.776279],[15.3854,43.775064],[15.38468,43.773141],[15.385544,43.772234],[15.394471,43.769563],[15.403069,43.764465],[15.405381,43.761732],[15.427912,43.753592],[15.43695,43.74693],[15.444033,43.745273],[15.446729,43.745922],[15.45428,43.740604],[15.460216,43.739543],[15.461822,43.738082],[15.46102,43.735279],[15.45875,43.73381],[15.452777,43.739646],[15.450244,43.740342],[15.451279,43.737648],[15.449455,43.737109],[15.440312,43.741381],[15.438809,43.743395],[15.440185,43.744101],[15.436997,43.746069],[15.414934,43.754561],[15.411891,43.756766],[15.409415,43.756793],[15.403318,43.761702],[15.395158,43.765714],[15.390649,43.767409],[15.389283,43.766519],[15.385831,43.767352],[15.382248,43.770541],[15.376582,43.771649],[15.358635,43.782065],[15.359392,43.780323],[15.356751,43.78131],[15.356008,43.779739],[15.351179,43.780634],[15.337838,43.789064],[15.333325,43.789705],[15.335083,43.786439],[15.330526,43.786793],[15.328341,43.789391],[15.314786,43.797972],[15.31402,43.800671],[15.309153,43.800933],[15.30718,43.804004],[15.30568,43.801042],[15.30344,43.800559],[15.30318,43.802942],[15.299738,43.805109],[15.299311,43.80682],[15.300494,43.809343],[15.305476,43.809366],[15.305628,43.810977],[15.303496,43.810599],[15.297881,43.812773],[15.296623,43.810797],[15.292884,43.811937],[15.291805,43.813299],[15.29383,43.816242],[15.293052,43.817126],[15.291125,43.818187],[15.288946,43.816383],[15.284803,43.81592],[15.284138,43.818007],[15.286169,43.819586],[15.284214,43.820364],[15.284272,43.821937],[15.277907,43.825373],[15.274038,43.82709],[15.274155,43.824274],[15.27123,43.822273],[15.264044,43.828058],[15.260433,43.829001],[15.257176,43.832929],[15.256789,43.835747],[15.254261,43.836515],[15.257026,43.837706],[15.255286,43.839382],[15.24878,43.839603],[15.247397,43.840486],[15.245578,43.845561],[15.243063,43.844572],[15.241114,43.845555],[15.241999,43.849923],[15.247723,43.849382],[15.23312,43.862108],[15.230728,43.861265],[15.229007,43.864841],[15.223895,43.866619],[15.22052,43.869835],[15.221333,43.87138],[15.224435,43.871947],[15.221352,43.873805],[15.221713,43.875437],[15.224713,43.874446],[15.235001,43.877215],[15.240848,43.87351],[15.238295,43.869954]]],[[[15.368323,43.808694],[15.367972,43.809178],[15.368899,43.808568],[15.368323,43.808694]]],[[[15.358342,43.808698],[15.360547,43.809765],[15.362182,43.812273],[15.36398,43.811521],[15.365491,43.808589],[15.359972,43.807634],[15.358342,43.808698]]],[[[15.375239,43.816635],[15.374051,43.818145],[15.374063,43.819105],[15.376202,43.817752],[15.375239,43.816635]]],[[[15.355156,43.817577],[15.35487,43.81835],[15.355834,43.817939],[15.355156,43.817577]]],[[[15.35126,43.820245],[15.351153,43.821323],[15.352224,43.820579],[15.35126,43.820245]]],[[[15.372527,43.825245],[15.367512,43.825546],[15.365581,43.831004],[15.371725,43.827709],[15.372527,43.825245]]],[[[15.370861,43.842311],[15.370441,43.842592],[15.371265,43.842479],[15.370861,43.842311]]],[[[15.369406,43.843358],[15.368877,43.843747],[15.369439,43.843669],[15.369406,43.843358]]],[[[15.272281,43.889415],[15.27929,43.886679],[15.278518,43.889433],[15.283611,43.8907],[15.293074,43.886972],[15.298234,43.884207],[15.284703,43.884709],[15.285835,43.88017],[15.290633,43.879724],[15.296792,43.874002],[15.296404,43.875945],[15.301942,43.878376],[15.303308,43.877401],[15.302059,43.874183],[15.304797,43.875879],[15.306252,43.874232],[15.315061,43.872005],[15.317026,43.872366],[15.315755,43.874826],[15.318671,43.875036],[15.318898,43.877175],[15.313869,43.882823],[15.315501,43.886261],[15.319464,43.884944],[15.320212,43.883491],[15.319028,43.879241],[15.323907,43.877263],[15.325836,43.874776],[15.3308,43.874447],[15.328791,43.872581],[15.323014,43.872218],[15.324859,43.869168],[15.32175,43.868172],[15.323878,43.865205],[15.326344,43.864159],[15.327062,43.865325],[15.330078,43.865337],[15.332272,43.862406],[15.336549,43.860147],[15.337177,43.858887],[15.334717,43.858086],[15.339538,43.853318],[15.338054,43.852479],[15.346215,43.849436],[15.347959,43.845854],[15.34869,43.84791],[15.350734,43.846845],[15.352115,43.841221],[15.351513,43.836819],[15.352739,43.835606],[15.354206,43.836368],[15.357234,43.835154],[15.35864,43.833464],[15.358298,43.831522],[15.362004,43.828964],[15.365406,43.824334],[15.373149,43.819933],[15.368824,43.820242],[15.366198,43.818429],[15.365112,43.821868],[15.360631,43.824405],[15.355501,43.832097],[15.34969,43.831427],[15.34849,43.834902],[15.346222,43.833805],[15.34379,43.836325],[15.342826,43.83955],[15.340527,43.840499],[15.337059,43.840183],[15.335922,43.838367],[15.336367,43.840915],[15.335108,43.842766],[15.326865,43.846514],[15.326603,43.848987],[15.322393,43.849286],[15.321661,43.850434],[15.319082,43.84906],[15.317265,43.84975],[15.316448,43.852364],[15.314258,43.852185],[15.314039,43.850148],[15.309355,43.852829],[15.308531,43.855319],[15.306458,43.854731],[15.305251,43.856146],[15.304835,43.858767],[15.302305,43.859301],[15.302025,43.861931],[15.299704,43.861454],[15.289718,43.866707],[15.288457,43.868646],[15.290072,43.869031],[15.289687,43.870323],[15.285389,43.871875],[15.27888,43.876793],[15.275248,43.875943],[15.272655,43.877978],[15.269484,43.878041],[15.265368,43.880053],[15.26566,43.87563],[15.259373,43.878773],[15.252476,43.884496],[15.258705,43.884527],[15.260788,43.883217],[15.262138,43.886708],[15.26164,43.888913],[15.266185,43.893587],[15.272183,43.893197],[15.272281,43.889415]]],[[[15.357931,43.862714],[15.357369,43.862979],[15.357879,43.863041],[15.357931,43.862714]]],[[[15.343055,43.864011],[15.342686,43.864691],[15.343213,43.864586],[15.343055,43.864011]]],[[[15.341121,43.868369],[15.338599,43.866958],[15.337728,43.867454],[15.339981,43.869357],[15.341121,43.868369]]],[[[15.352836,43.868187],[15.3529,43.869184],[15.353393,43.868739],[15.352836,43.868187]]],[[[15.336596,43.872233],[15.334392,43.868393],[15.331491,43.868465],[15.329706,43.870749],[15.333892,43.873304],[15.336596,43.872233]]],[[[15.354149,43.874528],[15.352326,43.874511],[15.352094,43.874997],[15.354149,43.874528]]],[[[15.350039,43.877136],[15.349513,43.877815],[15.350195,43.877643],[15.350039,43.877136]]],[[[15.336584,43.878905],[15.335314,43.877261],[15.3308,43.877024],[15.33548,43.879989],[15.336584,43.878905]]],[[[15.309022,43.885654],[15.308849,43.887137],[15.310313,43.884613],[15.309022,43.885654]]],[[[15.350943,43.88932],[15.352219,43.889651],[15.353019,43.888554],[15.352335,43.887926],[15.350943,43.88932]]],[[[15.305657,43.89512],[15.305822,43.895862],[15.306175,43.89555],[15.305657,43.89512]]],[[[15.302412,43.901125],[15.301894,43.901547],[15.302455,43.901576],[15.302412,43.901125]]],[[[15.341901,43.900266],[15.336275,43.90699],[15.33852,43.90685],[15.348668,43.899025],[15.349181,43.897497],[15.341901,43.900266]]],[[[15.325928,43.907221],[15.322119,43.914093],[15.330157,43.911322],[15.331155,43.909281],[15.32844,43.906449],[15.325928,43.907221]]],[[[15.297698,43.931021],[15.306501,43.927663],[15.308643,43.923862],[15.317122,43.919067],[15.317442,43.915991],[15.311438,43.913702],[15.310311,43.917641],[15.305789,43.921758],[15.296395,43.927877],[15.293316,43.927754],[15.285127,43.931912],[15.283847,43.935782],[15.284437,43.938146],[15.286563,43.939034],[15.289324,43.937881],[15.292529,43.932364],[15.294203,43.93407],[15.297698,43.931021]]],[[[15.366152,43.971289],[15.364066,43.970084],[15.362818,43.971665],[15.364921,43.972578],[15.366152,43.971289]]],[[[15.356722,43.977197],[15.356921,43.977424],[15.357122,43.977163],[15.356722,43.977197]]],[[[15.348824,44.317459],[15.350073,44.318394],[15.355102,44.315906],[15.353369,44.314613],[15.350932,44.317316],[15.348824,44.317459]]],[[[15.333596,44.317463],[15.338191,44.316775],[15.333317,44.316383],[15.333596,44.317463]]],[[[15.347436,44.318783],[15.347224,44.319321],[15.347711,44.319217],[15.347436,44.318783]]],[[[15.444019,43.692591],[15.443206,43.692731],[15.444315,43.692797],[15.444019,43.692591]]],[[[15.436144,43.696471],[15.437307,43.697695],[15.439474,43.695348],[15.436144,43.696471]]],[[[15.429594,43.701595],[15.429527,43.701793],[15.429923,43.701384],[15.429594,43.701595]]],[[[15.434088,43.716706],[15.436084,43.71825],[15.435468,43.72149],[15.437209,43.722056],[15.443276,43.718325],[15.440434,43.716135],[15.437794,43.717413],[15.436847,43.714287],[15.434088,43.716706]]],[[[15.428996,43.719748],[15.432152,43.71999],[15.433831,43.718566],[15.429376,43.718815],[15.428996,43.719748]]],[[[15.427823,43.721021],[15.427105,43.722115],[15.427974,43.721799],[15.427823,43.721021]]],[[[15.408178,43.721764],[15.408275,43.723355],[15.405824,43.723574],[15.404008,43.727031],[15.410358,43.724774],[15.416626,43.719183],[15.408178,43.721764]]],[[[15.433468,43.726136],[15.430678,43.7246],[15.428049,43.726305],[15.431869,43.727479],[15.431284,43.730427],[15.439507,43.727057],[15.436716,43.7246],[15.433468,43.726136]]],[[[15.422247,43.728018],[15.419773,43.725538],[15.416408,43.727115],[15.413244,43.726784],[15.40872,43.730062],[15.409027,43.731345],[15.415994,43.730075],[15.417543,43.732597],[15.419824,43.730655],[15.421971,43.731337],[15.426598,43.726668],[15.424082,43.725092],[15.422247,43.728018]]],[[[15.396267,43.727804],[15.398517,43.730159],[15.400475,43.72868],[15.396267,43.727804]]],[[[15.406364,43.73553],[15.406703,43.736555],[15.407032,43.736166],[15.406364,43.73553]]],[[[15.39442,43.736584],[15.394977,43.736912],[15.394962,43.736729],[15.39442,43.736584]]],[[[15.401847,43.739673],[15.40505,43.738483],[15.39864,43.735571],[15.400714,43.737627],[15.401847,43.739673]]],[[[15.382675,43.742417],[15.384194,43.738755],[15.381601,43.737464],[15.380174,43.740256],[15.382675,43.742417]]],[[[15.393442,43.742528],[15.391025,43.737538],[15.387317,43.735716],[15.385938,43.737996],[15.388709,43.739434],[15.389729,43.745489],[15.391231,43.745729],[15.396995,43.742207],[15.395561,43.741012],[15.393442,43.742528]]],[[[15.422346,43.745486],[15.4221,43.745108],[15.42054,43.74588],[15.422346,43.745486]]],[[[15.425305,43.745074],[15.424011,43.746096],[15.42495,43.747317],[15.426765,43.745923],[15.425305,43.745074]]],[[[15.386677,43.748578],[15.382459,43.743178],[15.380561,43.74414],[15.379897,43.746522],[15.382565,43.749564],[15.385919,43.751029],[15.386677,43.748578]]],[[[15.407026,43.754098],[15.405504,43.754407],[15.404597,43.755345],[15.406337,43.754754],[15.407026,43.754098]]],[[[15.376692,43.806991],[15.377637,43.80664],[15.377581,43.805767],[15.376698,43.805875],[15.376692,43.806991]]],[[[15.382091,43.828431],[15.380429,43.828398],[15.380174,43.829085],[15.380534,43.82922],[15.382091,43.828431]]],[[[15.44686,43.859666],[15.442676,43.861685],[15.441227,43.86095],[15.437167,43.863315],[15.437093,43.864679],[15.431941,43.865459],[15.427777,43.870177],[15.430603,43.871529],[15.440852,43.867257],[15.445713,43.862847],[15.447392,43.860656],[15.44686,43.859666]]],[[[15.449659,43.869583],[15.454822,43.868976],[15.45421,43.865809],[15.451568,43.866181],[15.451788,43.868139],[15.449659,43.869583]]],[[[15.447735,43.870335],[15.446596,43.870243],[15.446888,43.870788],[15.447735,43.870335]]],[[[15.438837,43.876394],[15.43841,43.875324],[15.437814,43.876007],[15.438837,43.876394]]],[[[15.447012,43.877116],[15.447378,43.876596],[15.446836,43.876864],[15.447012,43.877116]]],[[[15.429394,43.880871],[15.426367,43.876356],[15.424561,43.875592],[15.421128,43.879782],[15.422213,43.882019],[15.418224,43.88191],[15.4166,43.884635],[15.426297,43.887564],[15.433035,43.883615],[15.432885,43.881767],[15.429394,43.880871]]],[[[15.410722,43.883792],[15.40476,43.882226],[15.397363,43.886258],[15.394344,43.89142],[15.395013,43.893598],[15.399422,43.890364],[15.39958,43.88884],[15.410442,43.884613],[15.410722,43.883792]]],[[[15.413509,43.888407],[15.413134,43.888802],[15.413489,43.888753],[15.413509,43.888407]]],[[[15.40968,43.891005],[15.41241,43.890181],[15.41281,43.889411],[15.409665,43.890104],[15.40968,43.891005]]],[[[15.406091,43.900169],[15.406686,43.900722],[15.40674,43.900221],[15.406091,43.900169]]],[[[15.386228,43.905236],[15.386512,43.906035],[15.386667,43.905182],[15.386228,43.905236]]],[[[15.431734,43.934469],[15.431363,43.931858],[15.428837,43.931888],[15.428873,43.933555],[15.431734,43.934469]]],[[[15.428593,43.938388],[15.428676,43.937297],[15.426552,43.936436],[15.424167,43.936926],[15.428593,43.938388]]],[[[15.412277,43.93896],[15.412038,43.937897],[15.41094,43.938499],[15.412277,43.93896]]],[[[15.402056,43.942406],[15.406529,43.941737],[15.408147,43.940027],[15.405519,43.939753],[15.402056,43.942406]]],[[[15.399582,43.946048],[15.400795,43.944432],[15.401744,43.944312],[15.400987,43.943728],[15.398329,43.94527],[15.399582,43.946048]]],[[[15.413849,43.948185],[15.413379,43.947495],[15.413301,43.948017],[15.413849,43.948185]]],[[[15.396774,43.947897],[15.394249,43.947637],[15.392476,43.948976],[15.391381,43.952078],[15.393597,43.95144],[15.396774,43.947897]]],[[[15.398373,43.961439],[15.405157,43.959502],[15.406799,43.954868],[15.411991,43.954742],[15.411076,43.951512],[15.407894,43.950834],[15.404849,43.953129],[15.400915,43.952449],[15.398823,43.956143],[15.394571,43.956817],[15.398373,43.961439]]],[[[15.391655,43.966912],[15.391982,43.968019],[15.396102,43.967895],[15.398179,43.964969],[15.395776,43.964011],[15.391655,43.966912]]],[[[15.390072,43.976151],[15.388367,43.976003],[15.388149,43.976958],[15.389799,43.977328],[15.390072,43.976151]]],[[[15.380158,43.979116],[15.385541,43.980467],[15.386518,43.979925],[15.383951,43.976614],[15.380158,43.979116]]],[[[15.378166,43.980418],[15.378587,43.980852],[15.378645,43.980341],[15.378166,43.980418]]],[[[15.381338,43.981742],[15.379712,43.982024],[15.381268,43.982651],[15.381338,43.981742]]],[[[15.381736,43.982842],[15.381783,43.983345],[15.382029,43.983171],[15.381736,43.982842]]],[[[15.499114,43.673923],[15.499312,43.67491],[15.499929,43.674502],[15.499114,43.673923]]],[[[15.494655,43.675898],[15.495741,43.67709],[15.495784,43.675466],[15.494655,43.675898]]],[[[15.518224,43.676603],[15.517994,43.677527],[15.519547,43.676167],[15.518224,43.676603]]],[[[15.511919,43.678034],[15.512527,43.6771],[15.511248,43.677654],[15.511919,43.678034]]],[[[15.483631,43.68596],[15.485891,43.684049],[15.485486,43.681512],[15.482945,43.682873],[15.483631,43.68596]]],[[[15.473729,43.692903],[15.470764,43.696611],[15.468184,43.696271],[15.468068,43.694664],[15.466479,43.695436],[15.46751,43.699067],[15.469392,43.6995],[15.477582,43.693373],[15.473221,43.688802],[15.473729,43.692903]]],[[[15.484696,43.701238],[15.490869,43.700597],[15.496915,43.698231],[15.499626,43.694921],[15.502142,43.695055],[15.504247,43.693534],[15.509362,43.69393],[15.515169,43.691698],[15.519619,43.689633],[15.520164,43.68688],[15.510743,43.688239],[15.503182,43.691202],[15.501641,43.690528],[15.499078,43.694274],[15.494507,43.693649],[15.490828,43.697105],[15.486788,43.697577],[15.484338,43.696461],[15.484522,43.698937],[15.483296,43.700293],[15.476584,43.70184],[15.473041,43.704159],[15.471854,43.708517],[15.469437,43.709099],[15.46889,43.711335],[15.475797,43.708708],[15.477394,43.706611],[15.477197,43.704731],[15.484696,43.701238]]],[[[15.526844,43.700535],[15.524361,43.69782],[15.520549,43.700136],[15.525907,43.700913],[15.526844,43.700535]]],[[[15.518944,43.701588],[15.52041,43.700785],[15.51867,43.701315],[15.518944,43.701588]]],[[[15.459813,43.705835],[15.463019,43.704263],[15.461313,43.702086],[15.457704,43.704438],[15.459813,43.705835]]],[[[15.462115,43.705979],[15.462158,43.706575],[15.462415,43.706131],[15.462115,43.705979]]],[[[15.538269,43.707986],[15.535047,43.705729],[15.533013,43.706961],[15.53639,43.709186],[15.538269,43.707986]]],[[[15.462885,43.706851],[15.463441,43.709346],[15.46514,43.707258],[15.462885,43.706851]]],[[[15.458627,43.70914],[15.459,43.709267],[15.45901,43.708913],[15.458627,43.70914]]],[[[15.45343,43.710158],[15.453306,43.708543],[15.451717,43.70909],[15.45343,43.710158]]],[[[15.497197,43.709716],[15.499016,43.710329],[15.498922,43.709861],[15.497197,43.709716]]],[[[15.462336,43.7104],[15.462107,43.710816],[15.462355,43.710741],[15.462336,43.7104]]],[[[15.450111,43.715648],[15.454957,43.711984],[15.450668,43.713843],[15.450111,43.715648]]],[[[15.461925,43.714425],[15.450094,43.721395],[15.448074,43.7256],[15.443358,43.729311],[15.445894,43.729229],[15.447743,43.726851],[15.453448,43.725972],[15.461794,43.721189],[15.46296,43.717986],[15.461925,43.714425]]],[[[15.487092,43.723671],[15.486267,43.72421],[15.488957,43.723345],[15.487092,43.723671]]],[[[15.479098,43.724027],[15.476,43.72699],[15.47665,43.724244],[15.473332,43.721856],[15.47516,43.720165],[15.471635,43.720475],[15.46993,43.721539],[15.471951,43.722262],[15.472771,43.724756],[15.469999,43.727028],[15.467964,43.731497],[15.472781,43.732651],[15.472879,43.734445],[15.47895,43.732482],[15.481702,43.730227],[15.48171,43.725013],[15.483345,43.723972],[15.483225,43.722664],[15.479098,43.724027]]],[[[15.513562,43.823684],[15.513834,43.822792],[15.513217,43.82301],[15.513562,43.823684]]],[[[15.509433,43.824408],[15.508962,43.824554],[15.509361,43.824678],[15.509433,43.824408]]],[[[15.502495,43.828845],[15.50203,43.826403],[15.49968,43.828216],[15.502495,43.828845]]],[[[15.53804,43.828506],[15.538607,43.82936],[15.539786,43.829055],[15.539476,43.827932],[15.53804,43.828506]]],[[[15.524925,43.826187],[15.522795,43.828542],[15.521126,43.827273],[15.516336,43.828055],[15.510691,43.83233],[15.507433,43.830365],[15.505707,43.831517],[15.512497,43.83493],[15.522934,43.830769],[15.523293,43.828984],[15.524918,43.828748],[15.524925,43.826187]]],[[[15.505989,43.839454],[15.507569,43.837234],[15.506363,43.836042],[15.504259,43.83806],[15.505989,43.839454]]],[[[15.518104,43.840186],[15.518442,43.838814],[15.517239,43.839513],[15.518104,43.840186]]],[[[15.497942,43.840584],[15.497261,43.842493],[15.498941,43.842753],[15.499465,43.840855],[15.497942,43.840584]]],[[[15.511729,43.842809],[15.512808,43.84248],[15.513776,43.841338],[15.511715,43.841231],[15.511729,43.842809]]],[[[15.495299,43.843423],[15.496061,43.843763],[15.495861,43.84323],[15.495299,43.843423]]],[[[15.501961,43.84364],[15.501649,43.843994],[15.502013,43.843914],[15.501961,43.84364]]],[[[15.486445,43.847394],[15.485666,43.84535],[15.483158,43.844446],[15.483742,43.847598],[15.486445,43.847394]]],[[[15.454766,43.852544],[15.460038,43.852444],[15.462246,43.849937],[15.45907,43.849584],[15.455714,43.851099],[15.454766,43.852544]]],[[[15.502562,43.859467],[15.502613,43.856835],[15.503573,43.857752],[15.507229,43.854971],[15.51019,43.855016],[15.511008,43.853326],[15.513494,43.853179],[15.514422,43.851016],[15.517027,43.851013],[15.517441,43.849086],[15.514519,43.847756],[15.510621,43.849599],[15.510692,43.847419],[15.507826,43.845614],[15.499031,43.846597],[15.492718,43.850688],[15.488435,43.85541],[15.485874,43.860565],[15.492147,43.859802],[15.497262,43.855981],[15.499316,43.856824],[15.496232,43.859141],[15.496217,43.860536],[15.501092,43.861412],[15.502562,43.859467]]],[[[15.502404,43.862098],[15.501221,43.86397],[15.501374,43.864379],[15.503064,43.864037],[15.503642,43.862557],[15.502404,43.862098]]],[[[15.49178,43.867618],[15.491334,43.867707],[15.491697,43.867915],[15.49178,43.867618]]],[[[15.483825,43.86843],[15.487435,43.869489],[15.488751,43.868912],[15.486373,43.867038],[15.483825,43.86843]]],[[[15.457117,43.868303],[15.457328,43.869714],[15.459371,43.867889],[15.457117,43.868303]]],[[[15.468541,43.885718],[15.468984,43.884939],[15.46856,43.8848],[15.468541,43.885718]]],[[[15.523544,43.89086],[15.521916,43.892435],[15.522169,43.892901],[15.524521,43.891647],[15.523544,43.89086]]],[[[15.518314,43.893601],[15.519019,43.894301],[15.519786,43.89383],[15.519405,43.893111],[15.518314,43.893601]]],[[[15.501783,43.902547],[15.502295,43.903512],[15.504349,43.903564],[15.503725,43.901115],[15.501783,43.902547]]],[[[15.508827,43.903774],[15.508198,43.903032],[15.507216,43.903814],[15.508827,43.903774]]],[[[15.499458,43.904972],[15.498865,43.904174],[15.49834,43.904314],[15.499458,43.904972]]],[[[15.469237,43.91207],[15.468251,43.912441],[15.469272,43.912475],[15.469237,43.91207]]],[[[15.473812,44.208774],[15.47333,44.208773],[15.473557,44.209016],[15.473812,44.208774]]],[[[15.485543,44.208838],[15.48513,44.209127],[15.485652,44.209046],[15.485543,44.208838]]],[[[15.557467,43.686942],[15.555444,43.689226],[15.559053,43.687036],[15.557467,43.686942]]],[[[15.547376,43.692714],[15.545653,43.692532],[15.545591,43.693119],[15.546561,43.693337],[15.547376,43.692714]]],[[[15.603478,44.153089],[15.603636,44.153303],[15.603625,44.152825],[15.603478,44.153089]]],[[[15.557867,44.192453],[15.558011,44.192379],[15.557293,44.19245],[15.557867,44.192453]]],[[[15.569448,44.20766],[15.569426,44.20793],[15.570022,44.207663],[15.569448,44.20766]]]]},"properties":{"id":11,"slug":"zadarska-nadbiskupija","name":"Zadarska Nadbiskupija","kind":"nadbiskupija","seat":"Zadar","oib":"12406417624","area_km2":2993.3,"population":157143,"settlement_count":198,"parish_count":116,"church_count":138,"method":"naselja (DGU) → biskupija sjedeće/najbliže župe, spojeno"}},{"type":"Feature","id":1,"geometry":{"type":"MultiPolygon","coordinates":[[[[14.044656,45.222309],[14.042792,45.220956],[14.042849,45.219147],[14.040889,45.219051],[14.038017,45.220444],[14.036411,45.225046],[14.032711,45.227003],[14.028422,45.226505],[14.028267,45.229151],[14.022236,45.229798],[14.020327,45.231936],[14.025314,45.23409],[14.030219,45.234544],[14.034957,45.239666],[14.045703,45.240982],[14.046427,45.239166],[14.049414,45.237852],[14.054499,45.230347],[14.047058,45.227564],[14.044656,45.222309]]],[[[15.264744,45.364205],[15.252662,45.365451],[15.253495,45.382366],[15.254696,45.384607],[15.248944,45.387152],[15.247282,45.385542],[15.243938,45.386049],[15.235823,45.388683],[15.231814,45.388683],[15.227454,45.390767],[15.218734,45.388979],[15.214542,45.391525],[15.223385,45.393981],[15.229798,45.400788],[15.223714,45.403599],[15.219727,45.399851],[15.218313,45.400127],[15.217373,45.402493],[15.215629,45.401689],[15.213547,45.403105],[15.214936,45.403886],[15.21257,45.406269],[15.213636,45.407553],[15.21042,45.411658],[15.201581,45.416488],[15.203908,45.418879],[15.203203,45.423219],[15.206832,45.425476],[15.219553,45.425482],[15.226062,45.426867],[15.22834,45.43081],[15.228412,45.436596],[15.244015,45.453428],[15.264565,45.461301],[15.270544,45.46504],[15.277457,45.465875],[15.29676,45.459263],[15.319307,45.456083],[15.32852,45.452635],[15.3386,45.456902],[15.346367,45.456922],[15.349047,45.463821],[15.35521,45.469165],[15.355931,45.472392],[15.359157,45.476517],[15.375965,45.484186],[15.385793,45.486699],[15.385875,45.488529],[15.38446,45.489594],[15.380482,45.49018],[15.372884,45.494085],[15.370475,45.497711],[15.363194,45.494671],[15.352823,45.50194],[15.331834,45.510782],[15.327966,45.514112],[15.325809,45.520179],[15.315559,45.522393],[15.313367,45.526342],[15.313858,45.531975],[15.306031,45.532264],[15.302616,45.535025],[15.30108,45.536862],[15.301338,45.542583],[15.298854,45.547767],[15.299637,45.55627],[15.298168,45.564799],[15.300138,45.576696],[15.29858,45.584692],[15.292804,45.590225],[15.284834,45.595094],[15.276958,45.604337],[15.282386,45.608149],[15.293252,45.612593],[15.305061,45.612499],[15.30827,45.614008],[15.306194,45.618863],[15.301616,45.62322],[15.302599,45.626775],[15.301595,45.629486],[15.304803,45.631729],[15.32882,45.63514],[15.340029,45.633151],[15.351726,45.637468],[15.352351,45.638664],[15.351246,45.640236],[15.343199,45.64167],[15.341878,45.643832],[15.343012,45.645631],[15.352268,45.646729],[15.365187,45.64423],[15.370865,45.645978],[15.372139,45.644964],[15.371693,45.642797],[15.373166,45.641822],[15.382522,45.640791],[15.385617,45.638376],[15.390042,45.637512],[15.399179,45.641897],[15.401376,45.645388],[15.406536,45.647777],[15.406551,45.649015],[15.406047,45.650234],[15.399365,45.650797],[15.395284,45.653622],[15.394634,45.661087],[15.391006,45.663308],[15.391398,45.667351],[15.389543,45.667307],[15.386973,45.670334],[15.384656,45.670979],[15.383594,45.674777],[15.376916,45.676848],[15.375517,45.680736],[15.368705,45.685429],[15.369966,45.690431],[15.37202,45.691436],[15.369245,45.693297],[15.367812,45.691156],[15.368813,45.690139],[15.366627,45.68879],[15.366538,45.686831],[15.363493,45.683795],[15.362473,45.681032],[15.363151,45.678107],[15.359907,45.675637],[15.359838,45.677464],[15.357286,45.676923],[15.358439,45.675359],[15.354109,45.676592],[15.355559,45.673344],[15.351255,45.671126],[15.351338,45.669272],[15.348121,45.671193],[15.349534,45.675912],[15.348022,45.677932],[15.350074,45.67866],[15.349647,45.68058],[15.35142,45.68284],[15.350022,45.683353],[15.355246,45.68655],[15.360204,45.684892],[15.361285,45.689537],[15.364629,45.693002],[15.363601,45.694509],[15.364644,45.697173],[15.363304,45.698708],[15.361493,45.699053],[15.359625,45.69715],[15.357348,45.698797],[15.358544,45.701453],[15.357298,45.702621],[15.359781,45.707686],[15.359805,45.710676],[15.357024,45.713972],[15.349628,45.714296],[15.345139,45.712245],[15.343136,45.714678],[15.339754,45.714563],[15.336037,45.710572],[15.337452,45.708972],[15.334973,45.708461],[15.335408,45.705259],[15.332645,45.701965],[15.318395,45.694908],[15.320635,45.688792],[15.320042,45.687085],[15.323526,45.683412],[15.325983,45.676743],[15.32588,45.675284],[15.322525,45.673812],[15.318169,45.674447],[15.317551,45.678352],[15.311028,45.684172],[15.310835,45.686211],[15.308478,45.685855],[15.308257,45.687322],[15.305696,45.688793],[15.308826,45.690162],[15.309279,45.695303],[15.310934,45.697599],[15.308625,45.69865],[15.307721,45.697107],[15.305851,45.697183],[15.304962,45.698791],[15.302331,45.698993],[15.301735,45.697406],[15.299135,45.69718],[15.300336,45.69305],[15.298975,45.694317],[15.299832,45.692571],[15.297733,45.693683],[15.300854,45.691315],[15.296335,45.689773],[15.299414,45.688639],[15.300449,45.686895],[15.302395,45.687679],[15.29967,45.685893],[15.292983,45.691332],[15.288141,45.692437],[15.287024,45.696447],[15.287413,45.698897],[15.289122,45.69968],[15.288051,45.705191],[15.283966,45.709841],[15.281116,45.710687],[15.273518,45.706246],[15.269599,45.707257],[15.270213,45.705607],[15.267609,45.704089],[15.266453,45.699166],[15.263424,45.698111],[15.264548,45.697117],[15.263206,45.696617],[15.265078,45.696828],[15.265996,45.694252],[15.267955,45.694204],[15.266733,45.693683],[15.265635,45.694092],[15.264965,45.696147],[15.262965,45.696421],[15.260892,45.697454],[15.262683,45.699212],[15.261813,45.700043],[15.260003,45.698605],[15.25801,45.699799],[15.255882,45.708962],[15.250786,45.711596],[15.251449,45.715357],[15.248812,45.716527],[15.24872,45.718365],[15.244961,45.717949],[15.243062,45.720813],[15.238295,45.72085],[15.239361,45.723488],[15.244008,45.724275],[15.246809,45.723087],[15.246931,45.724368],[15.25289,45.727171],[15.26078,45.726325],[15.275491,45.737284],[15.274466,45.740146],[15.278082,45.739491],[15.278279,45.742555],[15.295211,45.748345],[15.296467,45.750467],[15.295726,45.751738],[15.300248,45.754979],[15.307569,45.755011],[15.316203,45.759798],[15.325846,45.760712],[15.35015,45.771287],[15.351538,45.772835],[15.359637,45.773649],[15.361787,45.776773],[15.370263,45.776429],[15.374704,45.780631],[15.382209,45.779179],[15.390442,45.786921],[15.397918,45.790067],[15.398649,45.791411],[15.405268,45.792331],[15.408184,45.790989],[15.411984,45.794669],[15.418194,45.794609],[15.422422,45.796315],[15.42717,45.794838],[15.434192,45.795405],[15.436087,45.794153],[15.444995,45.795948],[15.449581,45.794829],[15.457911,45.795472],[15.462631,45.793865],[15.469741,45.795441],[15.476124,45.798276],[15.471763,45.802483],[15.470368,45.807711],[15.471515,45.811747],[15.46835,45.813971],[15.466391,45.81876],[15.471749,45.817657],[15.477326,45.818796],[15.47922,45.820071],[15.477955,45.823156],[15.479466,45.827723],[15.493337,45.832176],[15.49682,45.829428],[15.503573,45.82875],[15.502057,45.822107],[15.508131,45.822336],[15.511259,45.820991],[15.515088,45.82307],[15.520819,45.82102],[15.52233,45.822947],[15.528165,45.824062],[15.532548,45.82826],[15.536204,45.829546],[15.535397,45.832199],[15.539425,45.836551],[15.537528,45.84417],[15.538553,45.84785],[15.542756,45.846152],[15.550255,45.845455],[15.552013,45.840031],[15.557136,45.837316],[15.559329,45.83432],[15.562246,45.839207],[15.56246,45.843455],[15.569996,45.84937],[15.571755,45.853569],[15.572926,45.853284],[15.581337,45.847816],[15.591921,45.846526],[15.594019,45.844843],[15.608904,45.84056],[15.609732,45.839006],[15.614062,45.837242],[15.612792,45.835184],[15.616586,45.835683],[15.617642,45.834122],[15.619629,45.833969],[15.62085,45.833789],[15.621499,45.832961],[15.624012,45.832867],[15.62625,45.831487],[15.629111,45.832774],[15.633669,45.829971],[15.632983,45.828793],[15.6343,45.825088],[15.637354,45.824488],[15.642108,45.820379],[15.647603,45.825002],[15.650815,45.830819],[15.661193,45.837115],[15.665267,45.841293],[15.673859,45.840601],[15.678844,45.841571],[15.680338,45.842985],[15.684841,45.843162],[15.689955,45.842249],[15.69495,45.844327],[15.694236,45.84777],[15.696253,45.849328],[15.698881,45.849014],[15.700115,45.846215],[15.703534,45.84491],[15.707383,45.845895],[15.704935,45.850514],[15.691641,45.861268],[15.684922,45.862587],[15.678066,45.868873],[15.682655,45.870384],[15.68033,45.871616],[15.682838,45.873693],[15.680038,45.8751],[15.679591,45.877533],[15.681572,45.876325],[15.681779,45.877886],[15.683852,45.876916],[15.684552,45.877895],[15.682146,45.879188],[15.681135,45.882465],[15.683701,45.881099],[15.686608,45.881751],[15.685999,45.879993],[15.687439,45.880875],[15.689125,45.880114],[15.689851,45.880806],[15.688499,45.883698],[15.690386,45.883145],[15.692011,45.885497],[15.688074,45.884921],[15.687257,45.88765],[15.686263,45.887056],[15.687138,45.88569],[15.685846,45.885725],[15.683905,45.888512],[15.679997,45.890599],[15.680414,45.891392],[15.683459,45.889902],[15.684123,45.892156],[15.682445,45.892845],[15.683074,45.896353],[15.680689,45.896302],[15.682051,45.901623],[15.680083,45.901169],[15.679092,45.904477],[15.683821,45.906248],[15.684758,45.908412],[15.690873,45.910619],[15.692334,45.911992],[15.690249,45.913352],[15.692955,45.913],[15.694356,45.914724],[15.700514,45.915856],[15.700662,45.91708],[15.698983,45.917448],[15.69962,45.919639],[15.702959,45.921176],[15.705498,45.919641],[15.707243,45.92161],[15.706478,45.922428],[15.707706,45.922907],[15.705922,45.923938],[15.707267,45.925667],[15.703518,45.927013],[15.705323,45.927759],[15.706458,45.926856],[15.706151,45.928417],[15.707458,45.929201],[15.705919,45.928928],[15.705097,45.930448],[15.707641,45.931752],[15.709046,45.930878],[15.708853,45.932408],[15.710201,45.932867],[15.707704,45.933398],[15.707962,45.935207],[15.709613,45.935147],[15.708291,45.935845],[15.709263,45.936593],[15.707665,45.938763],[15.709647,45.939253],[15.710178,45.938168],[15.711798,45.939449],[15.708323,45.943425],[15.709462,45.944736],[15.708346,45.947],[15.709416,45.947833],[15.707957,45.948632],[15.710661,45.949747],[15.709277,45.951145],[15.710043,45.962042],[15.705543,45.978345],[15.703943,45.97913],[15.705338,45.979787],[15.703835,45.981832],[15.705175,45.983487],[15.70152,45.985306],[15.703796,45.985174],[15.70446,45.985753],[15.703344,45.986627],[15.705201,45.987063],[15.701931,45.987228],[15.699999,45.988946],[15.701922,45.989835],[15.706793,45.989102],[15.706621,45.990431],[15.704209,45.990493],[15.699588,45.995033],[15.702182,45.996023],[15.705159,45.993109],[15.706269,45.993948],[15.703532,45.996496],[15.699955,45.996866],[15.702282,45.997547],[15.700261,45.999144],[15.701971,46.000871],[15.70511,45.998992],[15.704579,46.000555],[15.706284,45.99996],[15.705901,46.001774],[15.707879,46.003545],[15.712122,46.003988],[15.711677,46.005906],[15.713042,46.007325],[15.711425,46.009263],[15.715548,46.009421],[15.714319,46.010861],[15.710186,46.011821],[15.712256,46.012928],[15.711855,46.014436],[15.709763,46.013169],[15.706755,46.013484],[15.705821,46.015271],[15.707944,46.017185],[15.713148,46.01701],[15.711308,46.017626],[15.711594,46.019003],[15.714616,46.018451],[15.716058,46.019976],[15.713471,46.019763],[15.715109,46.021291],[15.712821,46.023103],[15.715104,46.027326],[15.720073,46.027771],[15.718537,46.029076],[15.71691,46.028387],[15.71647,46.031916],[15.717914,46.032859],[15.715805,46.035032],[15.718556,46.037859],[15.719859,46.037065],[15.72372,46.038653],[15.7226,46.038999],[15.724124,46.042183],[15.729828,46.041178],[15.730567,46.040053],[15.73107,46.043596],[15.732495,46.04462],[15.72986,46.045284],[15.72881,46.046071],[15.730077,46.04704],[15.727492,46.048299],[15.723135,46.048123],[15.724758,46.050084],[15.723395,46.050118],[15.723509,46.051732],[15.721541,46.053793],[15.715135,46.057826],[15.714914,46.059582],[15.710195,46.058362],[15.698575,46.062129],[15.690819,46.062694],[15.689829,46.063438],[15.691226,46.063447],[15.691266,46.06469],[15.687387,46.064329],[15.688198,46.065943],[15.686268,46.066911],[15.690382,46.067371],[15.69096,46.068108],[15.690662,46.068815],[15.68845,46.067761],[15.686442,46.069679],[15.686443,46.067646],[15.682935,46.066899],[15.682205,46.067821],[15.684567,46.068718],[15.682996,46.069964],[15.681143,46.068261],[15.680255,46.071386],[15.677666,46.07015],[15.676392,46.071359],[15.67402,46.070529],[15.670248,46.072212],[15.673104,46.073434],[15.670483,46.073855],[15.666791,46.073378],[15.662191,46.070277],[15.65755,46.071718],[15.658918,46.080302],[15.656336,46.080893],[15.654796,46.084414],[15.652643,46.082554],[15.648551,46.082966],[15.648113,46.083945],[15.649357,46.083383],[15.65032,46.084625],[15.648677,46.08476],[15.648502,46.087131],[15.642317,46.08795],[15.643318,46.087084],[15.641058,46.084127],[15.63577,46.083235],[15.634517,46.085217],[15.633636,46.083484],[15.632208,46.083767],[15.630488,46.085829],[15.627221,46.085934],[15.625233,46.088388],[15.621018,46.089364],[15.621652,46.090618],[15.618846,46.091654],[15.622753,46.09367],[15.625252,46.0997],[15.615563,46.099179],[15.615879,46.101039],[15.613785,46.100364],[15.612514,46.102973],[15.614194,46.107047],[15.610192,46.106368],[15.610681,46.107631],[15.604678,46.112203],[15.606474,46.113082],[15.605145,46.115997],[15.609012,46.117631],[15.608229,46.119155],[15.610043,46.121322],[15.607004,46.123311],[15.609275,46.122489],[15.610573,46.123395],[15.61132,46.126841],[15.609277,46.127016],[15.612254,46.129681],[15.611401,46.131049],[15.613914,46.131744],[15.613035,46.132715],[15.613807,46.133314],[15.611235,46.133563],[15.611575,46.136574],[15.61025,46.137682],[15.60674,46.13741],[15.606558,46.138617],[15.609158,46.138327],[15.608403,46.139578],[15.6038,46.13941],[15.604035,46.141064],[15.597409,46.143441],[15.598064,46.144463],[15.595596,46.1464],[15.600935,46.149683],[15.614211,46.153176],[15.610822,46.158028],[15.603565,46.160714],[15.60452,46.162924],[15.609344,46.165378],[15.607444,46.16698],[15.613308,46.169615],[15.614279,46.171464],[15.620639,46.171564],[15.633145,46.17669],[15.631689,46.178061],[15.634196,46.177939],[15.638331,46.183187],[15.635946,46.185754],[15.639751,46.186067],[15.640283,46.187063],[15.640718,46.185915],[15.643359,46.186084],[15.642653,46.186825],[15.644891,46.186739],[15.645946,46.189671],[15.64892,46.191223],[15.647547,46.194608],[15.648931,46.195279],[15.646248,46.198689],[15.647483,46.201509],[15.646428,46.202531],[15.648077,46.202644],[15.648187,46.204549],[15.645718,46.205109],[15.64489,46.206964],[15.643224,46.207294],[15.643054,46.206035],[15.641101,46.207375],[15.642903,46.209534],[15.641669,46.210003],[15.642563,46.211887],[15.645825,46.212598],[15.647194,46.217165],[15.649781,46.216267],[15.650369,46.217517],[15.652785,46.217234],[15.653783,46.219175],[15.659045,46.218532],[15.660031,46.220357],[15.663597,46.219789],[15.662962,46.221302],[15.667193,46.223008],[15.669951,46.22272],[15.672786,46.226256],[15.682224,46.226828],[15.690476,46.223771],[15.701672,46.222366],[15.709489,46.223363],[15.716357,46.221984],[15.721567,46.222776],[15.722166,46.221818],[15.724128,46.222073],[15.724134,46.223168],[15.728352,46.222874],[15.729358,46.220668],[15.725961,46.218948],[15.729895,46.216117],[15.735923,46.218304],[15.736156,46.22035],[15.741113,46.221669],[15.753113,46.219907],[15.754912,46.216976],[15.750384,46.212155],[15.751999,46.210172],[15.750926,46.209009],[15.759434,46.2072],[15.768064,46.208818],[15.785628,46.216186],[15.788892,46.219761],[15.788604,46.222731],[15.789757,46.224588],[15.794089,46.227766],[15.793687,46.236423],[15.798889,46.237173],[15.79962,46.238479],[15.799044,46.240389],[15.801497,46.242644],[15.797531,46.247868],[15.797242,46.251242],[15.792403,46.255243],[15.791423,46.25923],[15.814074,46.262046],[15.813275,46.255288],[15.816102,46.25393],[15.816808,46.250543],[15.818315,46.249434],[15.824866,46.255276],[15.828464,46.256199],[15.831493,46.254655],[15.831654,46.252545],[15.833776,46.253627],[15.836855,46.253208],[15.846647,46.248128],[15.848024,46.248761],[15.84886,46.247358],[15.851692,46.248263],[15.852385,46.241575],[15.854731,46.239242],[15.8549,46.23489],[15.857554,46.234206],[15.855661,46.231233],[15.858405,46.226889],[15.856859,46.222184],[15.858496,46.221277],[15.860197,46.222518],[15.866036,46.218643],[15.871624,46.210543],[15.866692,46.207597],[15.866401,46.206046],[15.883233,46.204072],[15.885024,46.202475],[15.884799,46.196638],[15.8835,46.196377],[15.885979,46.19419],[15.884868,46.192666],[15.882515,46.194887],[15.876273,46.193375],[15.873405,46.19395],[15.873339,46.195335],[15.870721,46.196469],[15.86763,46.196304],[15.863814,46.191931],[15.863859,46.190207],[15.857977,46.187636],[15.867628,46.187325],[15.866583,46.186007],[15.87876,46.186659],[15.887126,46.184932],[15.893499,46.186076],[15.905297,46.193007],[15.917044,46.197566],[15.937956,46.194578],[15.949092,46.189812],[15.955437,46.19005],[15.966381,46.18655],[15.965493,46.184523],[15.967155,46.181051],[15.966145,46.179515],[15.971439,46.178839],[15.971718,46.175979],[15.981299,46.176523],[15.983148,46.17547],[15.987613,46.179096],[15.99055,46.179217],[15.995023,46.185321],[16.004432,46.187664],[16.008752,46.186336],[16.011004,46.186886],[16.010882,46.184978],[16.015799,46.175447],[16.028454,46.176466],[16.029992,46.175002],[16.032919,46.176727],[16.034537,46.175536],[16.039521,46.176197],[16.041865,46.172021],[16.044493,46.176064],[16.054618,46.17506],[16.055501,46.181572],[16.058041,46.184372],[16.058347,46.188001],[16.060701,46.190699],[16.076727,46.190244],[16.085431,46.193566],[16.088073,46.196048],[16.095553,46.194474],[16.102454,46.196799],[16.108445,46.19027],[16.108356,46.186437],[16.106497,46.18442],[16.111715,46.181806],[16.112967,46.179896],[16.118925,46.179864],[16.126133,46.182176],[16.128074,46.180905],[16.137551,46.18109],[16.146469,46.17886],[16.149992,46.182251],[16.153625,46.188732],[16.164139,46.190852],[16.162845,46.193349],[16.16474,46.201067],[16.181858,46.203837],[16.185016,46.205483],[16.188691,46.210372],[16.195095,46.210653],[16.197222,46.21205],[16.203511,46.207918],[16.206143,46.202763],[16.205103,46.201277],[16.206046,46.199736],[16.196387,46.1971],[16.197366,46.1924],[16.201539,46.190304],[16.213956,46.18828],[16.22445,46.190514],[16.235695,46.190372],[16.24374,46.187187],[16.248389,46.190383],[16.250076,46.186347],[16.248422,46.183539],[16.236716,46.180762],[16.229169,46.172497],[16.232074,46.172053],[16.234781,46.173391],[16.23857,46.169223],[16.239806,46.164422],[16.252665,46.15442],[16.252979,46.15077],[16.246259,46.14953],[16.243742,46.147702],[16.244401,46.14535],[16.229883,46.141221],[16.216694,46.131557],[16.209773,46.128871],[16.208203,46.135947],[16.208116,46.134786],[16.204269,46.133743],[16.19852,46.133754],[16.189978,46.136076],[16.19339,46.132911],[16.191347,46.132741],[16.192141,46.129887],[16.186907,46.127397],[16.184195,46.128616],[16.177118,46.126197],[16.175122,46.127911],[16.172678,46.128055],[16.173461,46.114906],[16.177999,46.110949],[16.167363,46.108948],[16.16777,46.107859],[16.166436,46.106913],[16.164444,46.107516],[16.1648,46.105143],[16.167033,46.103705],[16.164277,46.100087],[16.165951,46.099402],[16.171782,46.087877],[16.176916,46.085351],[16.182538,46.08618],[16.181337,46.084687],[16.184629,46.085154],[16.188043,46.074898],[16.189786,46.077576],[16.198693,46.073029],[16.200104,46.074455],[16.201858,46.074175],[16.204722,46.078039],[16.205623,46.081636],[16.208353,46.081627],[16.208236,46.08734],[16.22101,46.084006],[16.219401,46.078943],[16.216434,46.077951],[16.222167,46.074739],[16.222537,46.073005],[16.221406,46.071919],[16.223777,46.07145],[16.222869,46.070497],[16.224971,46.068892],[16.223837,46.067564],[16.226924,46.067806],[16.226688,46.064849],[16.23077,46.064259],[16.232695,46.061318],[16.227235,46.061011],[16.22412,46.059143],[16.220993,46.055287],[16.222225,46.053034],[16.216384,46.051963],[16.213206,46.049054],[16.212119,46.045571],[16.207749,46.043643],[16.208667,46.03904],[16.207477,46.036878],[16.214224,46.032734],[16.214983,46.029468],[16.221947,46.027353],[16.221267,46.021336],[16.218781,46.019836],[16.21706,46.023816],[16.21512,46.024574],[16.210933,46.021214],[16.205733,46.022967],[16.196722,46.020249],[16.188585,46.020935],[16.187664,46.019193],[16.181595,46.020709],[16.179695,46.020104],[16.178514,46.021894],[16.176823,46.020471],[16.179313,46.01191],[16.184821,46.010084],[16.186336,46.006688],[16.191476,46.002929],[16.201802,45.99946],[16.204993,45.99553],[16.203091,45.994573],[16.190048,45.99654],[16.187663,45.99858],[16.183187,45.998779],[16.178914,46.000588],[16.17372,46.000341],[16.161652,45.99544],[16.157201,45.995009],[16.161463,45.992091],[16.161526,45.989609],[16.164591,45.989765],[16.16907,45.987242],[16.171211,45.987307],[16.176595,45.982718],[16.182515,45.983296],[16.186525,45.982309],[16.192252,45.977357],[16.198465,45.974977],[16.199146,45.974333],[16.197165,45.972356],[16.207405,45.968017],[16.217473,45.966233],[16.215245,45.963856],[16.216922,45.961532],[16.213683,45.960637],[16.216677,45.95843],[16.215278,45.958464],[16.217895,45.956424],[16.220475,45.949802],[16.208479,45.943086],[16.216316,45.936298],[16.218657,45.938205],[16.225049,45.937938],[16.232905,45.935014],[16.233641,45.938133],[16.232003,45.938182],[16.231572,45.941666],[16.233832,45.941838],[16.23637,45.940192],[16.239212,45.940642],[16.238885,45.943089],[16.240562,45.944163],[16.252103,45.947142],[16.257356,45.942556],[16.25795,45.94005],[16.268812,45.941268],[16.267336,45.939977],[16.269392,45.938908],[16.268116,45.937969],[16.269123,45.936745],[16.270948,45.935593],[16.271987,45.936232],[16.273075,45.9351],[16.272354,45.934477],[16.274782,45.933126],[16.275441,45.934259],[16.276471,45.933259],[16.276599,45.934615],[16.277564,45.93413],[16.278327,45.932663],[16.277228,45.931721],[16.278525,45.931192],[16.276828,45.927711],[16.277918,45.927674],[16.276135,45.926735],[16.279686,45.925465],[16.278957,45.924445],[16.281553,45.924374],[16.280788,45.919256],[16.284244,45.916907],[16.281654,45.915452],[16.282969,45.913737],[16.279559,45.909408],[16.281103,45.907656],[16.283352,45.907366],[16.282659,45.904926],[16.284151,45.904785],[16.28238,45.903067],[16.284672,45.902561],[16.282688,45.900773],[16.283786,45.898906],[16.282061,45.898128],[16.2832,45.896752],[16.282287,45.896234],[16.284477,45.896398],[16.28253,45.894411],[16.284238,45.89285],[16.283741,45.891838],[16.285393,45.892147],[16.284699,45.890839],[16.286256,45.89091],[16.285009,45.890018],[16.287576,45.890618],[16.288005,45.889112],[16.293898,45.888862],[16.29154,45.89147],[16.298199,45.891108],[16.298912,45.891682],[16.297608,45.892688],[16.302531,45.894733],[16.30816,45.894349],[16.309072,45.890952],[16.314568,45.88978],[16.316357,45.885975],[16.320041,45.885151],[16.321505,45.885184],[16.321434,45.886888],[16.322894,45.886671],[16.324262,45.888493],[16.330659,45.887498],[16.3327,45.890967],[16.331624,45.891349],[16.332569,45.893162],[16.34134,45.889036],[16.340894,45.887156],[16.343329,45.886528],[16.342101,45.883725],[16.344759,45.883325],[16.344015,45.879157],[16.345037,45.878291],[16.33887,45.877542],[16.340232,45.873116],[16.339032,45.872221],[16.339617,45.867558],[16.340846,45.865819],[16.342805,45.865824],[16.34125,45.864853],[16.348456,45.864883],[16.353006,45.861831],[16.367832,45.858547],[16.36806,45.85937],[16.373475,45.858425],[16.372358,45.853541],[16.373285,45.848857],[16.370332,45.845502],[16.371555,45.844067],[16.371012,45.842586],[16.366774,45.839001],[16.361167,45.82926],[16.358602,45.827987],[16.359908,45.823563],[16.369181,45.820938],[16.379526,45.811262],[16.386982,45.809598],[16.389145,45.807379],[16.400784,45.803424],[16.397103,45.836613],[16.407052,45.838106],[16.409137,45.840288],[16.414878,45.842629],[16.414184,45.843693],[16.419348,45.842555],[16.418929,45.841314],[16.420663,45.840468],[16.419169,45.839918],[16.420534,45.834888],[16.422541,45.836122],[16.426695,45.832884],[16.430387,45.831748],[16.432585,45.832709],[16.432922,45.830551],[16.435304,45.828813],[16.440741,45.832622],[16.445332,45.830369],[16.448234,45.83038],[16.448749,45.827055],[16.4505,45.827589],[16.457694,45.824568],[16.454998,45.821889],[16.447502,45.820083],[16.448808,45.819274],[16.448218,45.818552],[16.433984,45.814043],[16.435318,45.812968],[16.427752,45.813136],[16.432164,45.802873],[16.4316,45.801042],[16.426929,45.791333],[16.423219,45.791549],[16.421881,45.788739],[16.41644,45.786433],[16.42069,45.781096],[16.422669,45.780371],[16.418153,45.773376],[16.421619,45.773177],[16.419994,45.770893],[16.417415,45.770913],[16.418828,45.765835],[16.4205,45.765848],[16.421031,45.763749],[16.418821,45.763987],[16.418365,45.76273],[16.420224,45.761711],[16.419711,45.759035],[16.41495,45.758953],[16.41728,45.756961],[16.412133,45.755781],[16.412076,45.758641],[16.407945,45.761013],[16.404513,45.758802],[16.394033,45.759233],[16.392769,45.768623],[16.375138,45.767833],[16.37699,45.753201],[16.375858,45.74878],[16.370138,45.745841],[16.356674,45.754557],[16.3531,45.752782],[16.351602,45.753493],[16.350922,45.752168],[16.352452,45.74967],[16.347244,45.74778],[16.339456,45.742547],[16.32855,45.744279],[16.324455,45.7438],[16.316285,45.732012],[16.312183,45.730459],[16.302483,45.722459],[16.294062,45.722713],[16.29128,45.721728],[16.293508,45.717088],[16.285075,45.714136],[16.277313,45.7131],[16.27396,45.710503],[16.265263,45.719109],[16.232664,45.702484],[16.228449,45.702729],[16.226833,45.70021],[16.222486,45.698848],[16.220069,45.698918],[16.209387,45.708459],[16.200732,45.702904],[16.199162,45.703614],[16.195435,45.699209],[16.202867,45.69601],[16.201357,45.694295],[16.198869,45.695352],[16.196033,45.692212],[16.198731,45.689248],[16.193273,45.682125],[16.195224,45.680569],[16.194311,45.678194],[16.195954,45.676956],[16.199043,45.667083],[16.179182,45.668335],[16.176393,45.669813],[16.175146,45.67146],[16.177093,45.67356],[16.173848,45.680861],[16.169633,45.683579],[16.168633,45.686769],[16.166548,45.688554],[16.163865,45.688973],[16.164357,45.687606],[16.161763,45.687329],[16.162538,45.686071],[16.160142,45.6838],[16.155918,45.682508],[16.154357,45.683573],[16.153608,45.680463],[16.149476,45.681723],[16.145467,45.68025],[16.138531,45.680096],[16.13632,45.681631],[16.132403,45.678981],[16.131176,45.679738],[16.129092,45.677127],[16.126985,45.677304],[16.125576,45.674976],[16.149815,45.669479],[16.187176,45.648137],[16.184386,45.6465],[16.1847,45.643128],[16.179011,45.64134],[16.178861,45.63927],[16.17998,45.638796],[16.178129,45.637502],[16.164738,45.639161],[16.15487,45.637417],[16.151184,45.636168],[16.149958,45.634269],[16.147106,45.633852],[16.134254,45.635685],[16.127953,45.632567],[16.126269,45.62861],[16.127016,45.628211],[16.125562,45.627696],[16.126106,45.626317],[16.122508,45.62611],[16.120335,45.624447],[16.118064,45.625128],[16.113277,45.62162],[16.112695,45.618826],[16.106735,45.619383],[16.105085,45.618164],[16.102998,45.619583],[16.099768,45.624504],[16.098308,45.623671],[16.096984,45.625422],[16.096642,45.63106],[16.093342,45.630668],[16.093545,45.629231],[16.091888,45.629989],[16.09219,45.629102],[16.089395,45.628941],[16.088953,45.629912],[16.086411,45.628835],[16.085786,45.629777],[16.085559,45.628744],[16.082049,45.629575],[16.08143,45.628712],[16.07997,45.629868],[16.080304,45.631148],[16.078261,45.631502],[16.077712,45.630198],[16.076322,45.631936],[16.075269,45.631395],[16.075455,45.633375],[16.071579,45.634098],[16.069062,45.637414],[16.063546,45.637776],[16.062906,45.640204],[16.057538,45.641205],[16.054127,45.640651],[16.053849,45.639561],[16.051871,45.640569],[16.047336,45.63692],[16.042143,45.639624],[16.042792,45.641531],[16.040605,45.644111],[16.039265,45.652817],[16.035229,45.658122],[16.034504,45.663901],[16.031854,45.66941],[16.032754,45.674294],[16.035645,45.67828],[16.036581,45.677441],[16.03672,45.680871],[16.039009,45.68246],[16.036401,45.686821],[16.037272,45.689697],[16.036203,45.69569],[16.033534,45.694495],[16.033119,45.692448],[16.035033,45.689972],[16.033531,45.689978],[16.031177,45.687245],[16.029497,45.688239],[16.025737,45.682561],[16.023837,45.681896],[16.023091,45.679039],[16.019495,45.679814],[16.019378,45.68212],[16.017763,45.681998],[16.019305,45.682528],[16.019141,45.683895],[16.016087,45.683877],[16.016839,45.686324],[16.012878,45.684662],[16.010092,45.678277],[16.013511,45.668776],[16.012926,45.666704],[16.015042,45.663266],[16.013728,45.661057],[16.015667,45.655487],[16.013362,45.651555],[16.013899,45.648671],[16.010438,45.645029],[16.004194,45.644412],[16.001641,45.642282],[16.001247,45.6403],[15.993562,45.63583],[15.99272,45.634135],[15.98969,45.636064],[15.988093,45.640048],[15.992047,45.645296],[15.990118,45.652614],[15.993996,45.66731],[15.990066,45.666157],[15.988461,45.663722],[15.983743,45.66531],[15.98063,45.664374],[15.9804,45.661557],[15.976301,45.659798],[15.975044,45.656341],[15.975522,45.65218],[15.967954,45.651144],[15.960242,45.646857],[15.958299,45.652128],[15.959207,45.65331],[15.955764,45.653084],[15.954451,45.650897],[15.950867,45.65201],[15.946253,45.651224],[15.941257,45.656341],[15.940068,45.656066],[15.938205,45.660083],[15.939973,45.660464],[15.940951,45.662534],[15.93883,45.664277],[15.940434,45.665975],[15.939846,45.666881],[15.943592,45.669256],[15.943186,45.671651],[15.934005,45.675404],[15.93475,45.676223],[15.931256,45.677585],[15.932437,45.678848],[15.931101,45.680547],[15.930165,45.680594],[15.928224,45.676632],[15.920561,45.67473],[15.921562,45.673691],[15.920179,45.672804],[15.917862,45.673039],[15.916398,45.674898],[15.912113,45.672518],[15.911788,45.673369],[15.909002,45.672198],[15.904878,45.673433],[15.903175,45.671945],[15.898412,45.67152],[15.898279,45.669089],[15.888641,45.669954],[15.886435,45.667095],[15.889329,45.663162],[15.885852,45.658287],[15.883005,45.658869],[15.881213,45.655674],[15.87752,45.653657],[15.873074,45.656835],[15.86624,45.65621],[15.864343,45.651735],[15.866514,45.6487],[15.865571,45.646],[15.868584,45.639783],[15.867211,45.632894],[15.865712,45.633745],[15.857601,45.630348],[15.860442,45.624025],[15.856144,45.619854],[15.85524,45.61713],[15.848181,45.613216],[15.847111,45.611115],[15.843811,45.610106],[15.841963,45.607865],[15.83673,45.608384],[15.835709,45.607329],[15.833902,45.608307],[15.828199,45.605029],[15.829249,45.602748],[15.828355,45.600447],[15.825733,45.598837],[15.827538,45.598467],[15.825149,45.598064],[15.824892,45.593512],[15.819783,45.591852],[15.818682,45.59366],[15.815416,45.592065],[15.813046,45.59344],[15.808135,45.589304],[15.7996,45.59024],[15.790462,45.587366],[15.784723,45.588126],[15.780858,45.586728],[15.778958,45.583735],[15.775822,45.583181],[15.774786,45.591969],[15.770987,45.589383],[15.772412,45.589352],[15.772465,45.587723],[15.770023,45.586874],[15.770253,45.585429],[15.766664,45.584101],[15.762779,45.584543],[15.763355,45.583326],[15.761205,45.581331],[15.762093,45.580616],[15.758102,45.580259],[15.761142,45.578408],[15.755869,45.573686],[15.752063,45.57515],[15.749872,45.602846],[15.747904,45.602912],[15.743031,45.595839],[15.741117,45.595079],[15.7401,45.590835],[15.735363,45.590115],[15.735187,45.588605],[15.73266,45.58838],[15.731925,45.586634],[15.735779,45.58271],[15.735411,45.580609],[15.740293,45.577695],[15.739497,45.576031],[15.736546,45.575291],[15.736188,45.573869],[15.737668,45.573675],[15.737915,45.572154],[15.73533,45.573048],[15.735282,45.569621],[15.729463,45.568941],[15.732692,45.56596],[15.735182,45.565697],[15.734293,45.56405],[15.735182,45.563158],[15.726942,45.564487],[15.725657,45.563232],[15.723392,45.563482],[15.723884,45.565476],[15.719116,45.565766],[15.71899,45.564617],[15.717102,45.564241],[15.717956,45.563685],[15.716767,45.562909],[15.717274,45.560041],[15.711735,45.559369],[15.709796,45.556628],[15.707783,45.55601],[15.709671,45.553852],[15.706677,45.552745],[15.706601,45.551023],[15.703034,45.551874],[15.700679,45.551079],[15.700465,45.548984],[15.697482,45.548057],[15.697214,45.545816],[15.699588,45.545178],[15.69953,45.543205],[15.701344,45.541618],[15.704756,45.541022],[15.710341,45.542268],[15.711083,45.539445],[15.71559,45.536839],[15.715278,45.535692],[15.710997,45.534168],[15.709863,45.525875],[15.710638,45.524184],[15.709484,45.523204],[15.71195,45.520638],[15.712651,45.517637],[15.711994,45.515442],[15.709436,45.514036],[15.709928,45.511961],[15.708573,45.511738],[15.707922,45.509695],[15.71433,45.505131],[15.717075,45.504502],[15.721747,45.508837],[15.721875,45.504063],[15.719071,45.501852],[15.721425,45.495921],[15.733248,45.495322],[15.733153,45.492613],[15.735365,45.490047],[15.741542,45.487501],[15.743346,45.481599],[15.747338,45.481276],[15.756945,45.475553],[15.767064,45.472368],[15.770582,45.473671],[15.77096,45.477505],[15.769108,45.477841],[15.769882,45.47982],[15.773502,45.482231],[15.776869,45.478283],[15.778211,45.479597],[15.775829,45.481108],[15.777601,45.48289],[15.780464,45.47995],[15.787428,45.479606],[15.795721,45.474508],[15.802,45.477876],[15.814268,45.479625],[15.814399,45.481409],[15.814932,45.479963],[15.823674,45.479559],[15.82599,45.485916],[15.829061,45.489301],[15.828529,45.488122],[15.829907,45.487148],[15.828848,45.481775],[15.831601,45.469787],[15.830884,45.461906],[15.829595,45.460987],[15.835597,45.460191],[15.849079,45.463735],[15.849802,45.461482],[15.854198,45.458355],[15.853037,45.456631],[15.84791,45.454216],[15.847011,45.449677],[15.845005,45.448955],[15.836433,45.431643],[15.834837,45.431359],[15.832421,45.433195],[15.826761,45.431996],[15.817728,45.436762],[15.813787,45.435483],[15.810621,45.438106],[15.806368,45.437796],[15.803732,45.437078],[15.806698,45.431326],[15.805203,45.428806],[15.800287,45.427557],[15.79035,45.4296],[15.784758,45.424955],[15.780554,45.425543],[15.770713,45.420212],[15.769151,45.41651],[15.771653,45.413735],[15.770846,45.410653],[15.763516,45.406805],[15.761578,45.404315],[15.762336,45.403298],[15.764624,45.403879],[15.769868,45.402437],[15.763508,45.39643],[15.759157,45.395566],[15.764211,45.393049],[15.761456,45.389008],[15.756653,45.38667],[15.756107,45.383399],[15.753273,45.382177],[15.7523,45.384473],[15.747253,45.384678],[15.739399,45.377393],[15.729935,45.383916],[15.727879,45.383158],[15.723888,45.380397],[15.718676,45.379175],[15.718223,45.375074],[15.711925,45.375041],[15.709995,45.373815],[15.715492,45.368023],[15.714581,45.366007],[15.701001,45.368086],[15.68966,45.365243],[15.689377,45.368368],[15.691055,45.369997],[15.690178,45.371447],[15.684323,45.368535],[15.682291,45.371883],[15.681014,45.371412],[15.678166,45.373389],[15.677527,45.375987],[15.670649,45.37255],[15.665442,45.372557],[15.665639,45.370503],[15.663472,45.370082],[15.663124,45.368804],[15.664577,45.365836],[15.663036,45.367469],[15.661442,45.36638],[15.658178,45.368528],[15.657367,45.367443],[15.656272,45.369243],[15.652126,45.369253],[15.650764,45.373201],[15.651491,45.374233],[15.650089,45.374691],[15.65107,45.375636],[15.647201,45.376654],[15.639155,45.374047],[15.63614,45.374231],[15.636757,45.375124],[15.633027,45.374531],[15.633666,45.371267],[15.631879,45.370958],[15.632575,45.370015],[15.630976,45.368775],[15.632434,45.368884],[15.630764,45.366114],[15.633847,45.365136],[15.633839,45.362614],[15.628309,45.360254],[15.629477,45.359284],[15.627903,45.356521],[15.621256,45.358944],[15.617393,45.358446],[15.615534,45.356964],[15.617051,45.356046],[15.613489,45.356424],[15.614407,45.358962],[15.608666,45.358751],[15.60881,45.361028],[15.603412,45.364403],[15.602407,45.363331],[15.599366,45.364134],[15.59854,45.365528],[15.588119,45.364826],[15.588105,45.361737],[15.591215,45.360652],[15.593389,45.353746],[15.587772,45.351971],[15.580301,45.352747],[15.577796,45.350774],[15.577665,45.348235],[15.57461,45.34726],[15.579568,45.339195],[15.582134,45.337885],[15.591398,45.338399],[15.591628,45.336339],[15.596117,45.331408],[15.594036,45.329932],[15.598289,45.319629],[15.592656,45.317297],[15.586418,45.311462],[15.59087,45.30778],[15.589253,45.304405],[15.58149,45.30365],[15.580464,45.306346],[15.568003,45.308095],[15.566782,45.309396],[15.567681,45.31112],[15.563458,45.312049],[15.558825,45.309581],[15.559625,45.308709],[15.558567,45.308089],[15.553072,45.308087],[15.548727,45.304852],[15.543931,45.303564],[15.543362,45.302328],[15.545138,45.301342],[15.55023,45.302233],[15.549916,45.29798],[15.545531,45.297393],[15.540154,45.293702],[15.532375,45.290847],[15.530932,45.294352],[15.519748,45.303124],[15.506798,45.303387],[15.498486,45.30641],[15.500728,45.311532],[15.503203,45.313935],[15.518031,45.320202],[15.518842,45.32583],[15.515486,45.328415],[15.516344,45.330967],[15.511875,45.330716],[15.508527,45.332865],[15.507383,45.330676],[15.499866,45.329758],[15.494443,45.325969],[15.492664,45.327313],[15.49166,45.325558],[15.489834,45.327267],[15.483428,45.327803],[15.484422,45.329005],[15.482645,45.33367],[15.475755,45.337244],[15.473168,45.343478],[15.475971,45.347042],[15.477779,45.346493],[15.478454,45.349431],[15.480062,45.350073],[15.478754,45.351818],[15.481952,45.35415],[15.486952,45.355367],[15.478691,45.359206],[15.476916,45.362865],[15.472013,45.363638],[15.467223,45.361905],[15.466092,45.35956],[15.464241,45.359208],[15.465299,45.36166],[15.464445,45.362959],[15.459442,45.366206],[15.460697,45.367279],[15.454382,45.371938],[15.446648,45.368787],[15.441543,45.36812],[15.441166,45.365395],[15.444636,45.362606],[15.439817,45.361469],[15.431768,45.367091],[15.436064,45.36961],[15.434807,45.371476],[15.432906,45.370425],[15.421544,45.375158],[15.415642,45.375409],[15.418001,45.376882],[15.42108,45.376845],[15.423797,45.37909],[15.428654,45.386365],[15.428523,45.390912],[15.43606,45.394546],[15.436823,45.400569],[15.439955,45.399975],[15.443349,45.403173],[15.446174,45.402858],[15.45001,45.404898],[15.453682,45.403428],[15.457687,45.403986],[15.45768,45.406943],[15.453284,45.408993],[15.452364,45.411137],[15.448994,45.411938],[15.442803,45.417414],[15.441763,45.418808],[15.442808,45.420242],[15.44122,45.422368],[15.442145,45.422682],[15.441326,45.424212],[15.448926,45.425384],[15.452417,45.427794],[15.455278,45.427668],[15.455293,45.428813],[15.453719,45.428611],[15.455312,45.435711],[15.448411,45.437957],[15.446928,45.43696],[15.443908,45.437843],[15.436542,45.436693],[15.43013,45.437568],[15.431842,45.439213],[15.432249,45.44193],[15.434014,45.442797],[15.434217,45.444989],[15.431118,45.447839],[15.435255,45.450555],[15.424314,45.453298],[15.424096,45.455678],[15.420648,45.455261],[15.41619,45.45672],[15.411474,45.455501],[15.403885,45.445461],[15.402029,45.440402],[15.402048,45.434574],[15.394963,45.429589],[15.393881,45.427614],[15.379111,45.435257],[15.377171,45.441116],[15.373856,45.445214],[15.371624,45.446124],[15.361036,45.442315],[15.362402,45.441123],[15.361115,45.438438],[15.358918,45.441566],[15.356616,45.441918],[15.356412,45.439256],[15.354548,45.437336],[15.351016,45.438145],[15.346542,45.434954],[15.342254,45.434428],[15.343086,45.430284],[15.340782,45.424064],[15.342956,45.422362],[15.342828,45.419659],[15.338384,45.416233],[15.340684,45.412389],[15.348254,45.408038],[15.348365,45.404954],[15.342113,45.402787],[15.340201,45.40086],[15.341146,45.399275],[15.340078,45.39743],[15.337461,45.394998],[15.336145,45.396239],[15.333014,45.393854],[15.329055,45.396002],[15.325169,45.392094],[15.326532,45.391048],[15.325487,45.3892],[15.324211,45.389659],[15.32208,45.387242],[15.320052,45.38793],[15.31761,45.386465],[15.316985,45.381185],[15.319083,45.380777],[15.317828,45.378089],[15.319428,45.3774],[15.318231,45.37482],[15.31646,45.376765],[15.313506,45.376379],[15.313039,45.375217],[15.308452,45.376984],[15.306799,45.370045],[15.30026,45.3718],[15.29664,45.368845],[15.292653,45.369814],[15.292794,45.370913],[15.291262,45.371468],[15.285145,45.369028],[15.279962,45.371905],[15.278082,45.374509],[15.27669,45.371811],[15.273755,45.370378],[15.271507,45.364948],[15.270245,45.36625],[15.264744,45.364205]],[[15.617648,45.83402],[15.618945,45.833986],[15.618945,45.833986],[15.617648,45.83402]],[[15.619632,45.833915],[15.619645,45.833621],[15.619632,45.833915],[15.619632,45.833915]],[[15.623522,45.832709],[15.62443,45.832284],[15.62443,45.832284],[15.623522,45.832709]],[[15.625703,45.831688],[15.62621,45.831451],[15.625703,45.831688],[15.625703,45.831688]],[[16.00879,45.930084],[16.020472,45.931202],[16.029149,45.934079],[16.029663,45.937421],[16.038358,45.939496],[16.045144,45.939271],[16.050945,45.936654],[16.051865,45.93744],[16.052094,45.943318],[16.051073,45.945143],[16.052672,45.946652],[16.052226,45.951037],[16.056491,45.955029],[16.05901,45.955171],[16.060347,45.953255],[16.060387,45.958693],[16.061938,45.962321],[16.060608,45.964597],[16.055905,45.967521],[16.053292,45.971787],[16.048846,45.969154],[16.045017,45.964058],[16.031806,45.967673],[16.028857,45.970735],[16.025878,45.97008],[16.022553,45.971949],[16.017359,45.971772],[16.01217,45.96902],[16.011662,45.972473],[16.008943,45.974055],[16.010344,45.975771],[16.005173,45.976037],[16.003746,45.977288],[15.999695,45.976672],[15.997812,45.975135],[15.989521,45.974793],[15.985063,45.972591],[15.984487,45.967656],[15.981409,45.965608],[15.982184,45.960771],[15.984169,45.960665],[15.983237,45.958304],[15.986183,45.954186],[15.984059,45.949197],[15.987883,45.949009],[15.99381,45.945867],[16.00119,45.944936],[16.001526,45.941686],[15.999857,45.940077],[16.003689,45.936463],[16.006247,45.928767],[16.00879,45.930084]]],[[[15.301471,45.689695],[15.303791,45.68982],[15.306255,45.691114],[15.303616,45.689285],[15.301471,45.689695]]],[[[15.300276,45.692501],[15.302855,45.695144],[15.303539,45.693588],[15.304188,45.696326],[15.305692,45.693402],[15.300276,45.692501]]]]},"properties":{"id":1,"slug":"zagrebacka-nadbiskupija","name":"Zagrebačka Nadbiskupija","kind":"nadbiskupija","seat":"Zagreb","oib":"86311439718","area_km2":4481.0,"population":1186540,"settlement_count":1196,"parish_count":206,"church_count":331,"method":"naselja (DGU) → biskupija sjedeće/najbliže župe, spojeno"}},{"type":"Feature","id":2,"geometry":{"type":"Polygon","coordinates":[[[17.935839,45.080991],[17.92157,45.074307],[17.899736,45.0588],[17.881868,45.051909],[17.878048,45.062646],[17.86632,45.061158],[17.862853,45.065673],[17.853572,45.06478],[17.855011,45.069679],[17.851891,45.070733],[17.852862,45.07222],[17.851963,45.072385],[17.851016,45.080597],[17.855853,45.08144],[17.853979,45.090042],[17.862046,45.092849],[17.863145,45.094439],[17.861609,45.095448],[17.864529,45.097129],[17.863458,45.098132],[17.865209,45.100045],[17.862477,45.101149],[17.862624,45.103011],[17.86041,45.104701],[17.867218,45.109167],[17.865358,45.11015],[17.864951,45.113462],[17.860493,45.11317],[17.853488,45.124511],[17.846915,45.123547],[17.846268,45.125891],[17.830953,45.125595],[17.830036,45.132843],[17.825501,45.133664],[17.822042,45.132702],[17.819168,45.143452],[17.841073,45.14305],[17.843543,45.146357],[17.845403,45.146744],[17.871394,45.138455],[17.868588,45.154873],[17.86773,45.155964],[17.864826,45.155993],[17.864892,45.157984],[17.866441,45.157969],[17.866415,45.165934],[17.869378,45.166471],[17.868394,45.168703],[17.870415,45.170733],[17.871304,45.178254],[17.873299,45.178203],[17.872597,45.180622],[17.869067,45.182151],[17.87431,45.18262],[17.875898,45.184142],[17.87684,45.188129],[17.863197,45.187919],[17.85684,45.18916],[17.858092,45.188047],[17.854959,45.188312],[17.849529,45.19056],[17.845127,45.194684],[17.843295,45.194772],[17.835654,45.200101],[17.832657,45.200182],[17.831792,45.202191],[17.82928,45.201317],[17.830897,45.203171],[17.826647,45.206932],[17.818897,45.206829],[17.823749,45.209701],[17.822451,45.211214],[17.824339,45.209848],[17.826681,45.21247],[17.825589,45.215888],[17.827121,45.217475],[17.830237,45.212577],[17.829927,45.213949],[17.833495,45.215014],[17.832974,45.217151],[17.83627,45.219112],[17.836886,45.221971],[17.839788,45.223284],[17.839981,45.226981],[17.838224,45.229253],[17.842315,45.230789],[17.83938,45.235825],[17.835378,45.236287],[17.835979,45.239398],[17.834598,45.244212],[17.835433,45.245794],[17.833107,45.24852],[17.832939,45.251025],[17.830311,45.25259],[17.833057,45.25388],[17.836167,45.25027],[17.840186,45.249784],[17.842408,45.250687],[17.843036,45.252626],[17.852181,45.254211],[17.855951,45.256266],[17.864775,45.263356],[17.870665,45.260934],[17.87349,45.258004],[17.87457,45.259767],[17.874457,45.266099],[17.883853,45.275918],[17.883894,45.281634],[17.885792,45.284524],[17.914927,45.288415],[17.924876,45.287183],[17.932833,45.288653],[17.942596,45.288416],[17.96279,45.285825],[17.970354,45.287149],[17.988475,45.284745],[18.028509,45.278897],[18.039335,45.275949],[18.052078,45.270567],[18.062004,45.269406],[18.072255,45.265696],[18.076631,45.269319],[18.077356,45.272262],[18.080542,45.274391],[18.083261,45.279089],[18.08754,45.281682],[18.089983,45.281211],[18.092028,45.282586],[18.094128,45.285073],[18.093783,45.286357],[18.097354,45.289642],[18.099398,45.295049],[18.107142,45.297863],[18.113711,45.29755],[18.113177,45.303467],[18.114592,45.305189],[18.112513,45.307318],[18.111222,45.311667],[18.114281,45.317099],[18.1129,45.321968],[18.122187,45.328015],[18.12779,45.329322],[18.130852,45.334781],[18.132436,45.340907],[18.129226,45.343413],[18.140652,45.345514],[18.145445,45.343411],[18.153647,45.34709],[18.159589,45.345435],[18.167097,45.346953],[18.173246,45.346332],[18.195515,45.350382],[18.198579,45.354102],[18.196471,45.360845],[18.196528,45.366253],[18.200916,45.368846],[18.200954,45.372428],[18.202741,45.375862],[18.198688,45.377768],[18.201182,45.382659],[18.200353,45.386448],[18.203187,45.389656],[18.197972,45.39214],[18.203298,45.395622],[18.2057,45.399559],[18.213358,45.401164],[18.217424,45.412333],[18.221215,45.417828],[18.223868,45.416631],[18.227017,45.418154],[18.232085,45.416947],[18.234683,45.417967],[18.240268,45.414628],[18.243745,45.416323],[18.244798,45.41396],[18.248537,45.413594],[18.2487,45.412257],[18.263138,45.412569],[18.262393,45.414514],[18.266544,45.419358],[18.267579,45.425325],[18.2648,45.429474],[18.254848,45.432285],[18.25186,45.436296],[18.262985,45.438622],[18.2641,45.444287],[18.266029,45.446966],[18.274944,45.450646],[18.273912,45.458782],[18.280453,45.47283],[18.281072,45.478503],[18.2865,45.487203],[18.286595,45.491521],[18.254516,45.497762],[18.256695,45.503215],[18.239969,45.506288],[18.237167,45.49957],[18.205112,45.504757],[18.207205,45.515914],[18.200978,45.518304],[18.193947,45.515574],[18.192972,45.514154],[18.176481,45.519235],[18.179307,45.5238],[18.172015,45.526253],[18.171257,45.528448],[18.178558,45.535786],[18.189158,45.53756],[18.186708,45.549668],[18.19103,45.551317],[18.192189,45.556433],[18.187804,45.560378],[18.193294,45.560953],[18.203652,45.557537],[18.208645,45.558149],[18.215045,45.56951],[18.214826,45.573949],[18.216236,45.577605],[18.213115,45.579576],[18.216278,45.581814],[18.211393,45.588448],[18.200237,45.594656],[18.192805,45.595819],[18.181688,45.602167],[18.174348,45.602104],[18.17404,45.603323],[18.177852,45.608127],[18.173353,45.610962],[18.170221,45.610146],[18.169334,45.616432],[18.164638,45.61676],[18.162683,45.614392],[18.155423,45.611641],[18.146467,45.611363],[18.142006,45.612703],[18.148204,45.626356],[18.147402,45.628934],[18.150068,45.630603],[18.149463,45.633009],[18.152895,45.633083],[18.154707,45.658595],[18.160538,45.665472],[18.15681,45.6735],[18.142946,45.679149],[18.139405,45.675021],[18.123419,45.680578],[18.119289,45.674795],[18.108605,45.678737],[18.104231,45.674055],[18.099023,45.678695],[18.09416,45.676203],[18.09392,45.667871],[18.013333,45.668682],[18.001671,45.681693],[18.007785,45.68378],[17.999287,45.71889],[17.999866,45.720468],[17.992449,45.722621],[17.989925,45.721754],[17.98408,45.723139],[17.979935,45.722631],[17.980321,45.736853],[17.987643,45.736773],[17.987777,45.743309],[17.993328,45.743238],[17.99355,45.751114],[17.999947,45.751021],[18.000064,45.756113],[18.001656,45.756535],[17.994064,45.767599],[18.010251,45.771714],[18.014296,45.769517],[18.024517,45.769611],[18.024937,45.775905],[18.026558,45.777403],[18.037624,45.774657],[18.055569,45.772693],[18.075803,45.765835],[18.086397,45.764531],[18.098956,45.766858],[18.105594,45.770103],[18.11333,45.777614],[18.119085,45.786533],[18.122767,45.788932],[18.134539,45.787445],[18.141918,45.788494],[18.149747,45.787419],[18.156317,45.784391],[18.162536,45.778405],[18.169438,45.775869],[18.173174,45.776982],[18.184784,45.786],[18.1919,45.787369],[18.205051,45.781322],[18.229531,45.779133],[18.233247,45.776383],[18.236671,45.76829],[18.243512,45.761064],[18.249357,45.761957],[18.26072,45.76099],[18.275913,45.755488],[18.290958,45.760556],[18.296652,45.76082],[18.304171,45.757637],[18.333249,45.753952],[18.33676,45.75129],[18.338786,45.747021],[18.34484,45.749911],[18.346529,45.755353],[18.354745,45.764304],[18.356733,45.763995],[18.356296,45.766697],[18.365715,45.765733],[18.366637,45.766673],[18.364245,45.77294],[18.378912,45.765258],[18.379684,45.7638],[18.386455,45.764565],[18.391843,45.76158],[18.392066,45.757458],[18.394382,45.757283],[18.397067,45.753197],[18.400203,45.755046],[18.399512,45.750612],[18.396908,45.749605],[18.397877,45.744624],[18.400743,45.744125],[18.401036,45.742757],[18.407563,45.739515],[18.410222,45.738741],[18.414894,45.74053],[18.423522,45.740061],[18.4275,45.741491],[18.434125,45.738868],[18.446798,45.737112],[18.448007,45.742419],[18.450216,45.745708],[18.448026,45.748735],[18.44899,45.75801],[18.445064,45.760392],[18.456253,45.769521],[18.463846,45.76617],[18.480675,45.766349],[18.482112,45.765481],[18.482153,45.775444],[18.484247,45.77853],[18.485829,45.787205],[18.487952,45.788863],[18.489016,45.793366],[18.49062,45.794659],[18.499719,45.794997],[18.505132,45.791911],[18.504801,45.788004],[18.510275,45.784705],[18.518052,45.785053],[18.522068,45.782398],[18.521126,45.787682],[18.532192,45.793407],[18.538769,45.79322],[18.543829,45.795268],[18.547883,45.793655],[18.555068,45.794347],[18.559279,45.803644],[18.574918,45.800309],[18.572795,45.813652],[18.584924,45.81672],[18.595228,45.821369],[18.603446,45.827905],[18.600719,45.833699],[18.623252,45.839475],[18.614814,45.852939],[18.623271,45.853936],[18.625485,45.858891],[18.627464,45.872975],[18.630209,45.874245],[18.631423,45.876441],[18.637565,45.86784],[18.654962,45.874119],[18.6417,45.884409],[18.641012,45.888782],[18.646035,45.892265],[18.64833,45.892079],[18.654522,45.895411],[18.661072,45.895321],[18.662146,45.896318],[18.66199,45.899392],[18.665022,45.899434],[18.662173,45.900872],[18.660013,45.904698],[18.659535,45.916889],[18.662745,45.916711],[18.669643,45.910679],[18.675949,45.914817],[18.704799,45.91805],[18.710073,45.9123],[18.71726,45.907303],[18.738,45.90071],[18.75007,45.900351],[18.750477,45.898024],[18.75694,45.896736],[18.760522,45.893067],[18.760247,45.888603],[18.768793,45.889082],[18.77351,45.88777],[18.778351,45.885612],[18.785302,45.880093],[18.791017,45.878162],[18.808939,45.879465],[18.812591,45.890765],[18.811535,45.897738],[18.807254,45.903191],[18.821641,45.91464],[18.827562,45.904784],[18.868215,45.911242],[18.865155,45.916884],[18.864628,45.920743],[18.869714,45.916842],[18.874286,45.915747],[18.879144,45.916432],[18.88815,45.92184],[18.899827,45.91963],[18.904797,45.916433],[18.905341,45.914351],[18.902707,45.910096],[18.898289,45.907704],[18.874636,45.900343],[18.870328,45.895733],[18.870881,45.892811],[18.876427,45.885202],[18.881902,45.88183],[18.899599,45.874891],[18.903262,45.869871],[18.903164,45.86746],[18.89356,45.8608],[18.88716,45.859055],[18.869953,45.859519],[18.859555,45.861946],[18.85947,45.863157],[18.855213,45.859082],[18.857462,45.84415],[18.855437,45.831197],[18.853328,45.825925],[18.846536,45.815755],[18.849153,45.813956],[18.849318,45.809262],[18.851946,45.807576],[18.856832,45.808162],[18.862125,45.806137],[18.876083,45.807278],[18.881269,45.816169],[18.880874,45.819686],[18.885352,45.82346],[18.893573,45.826269],[18.905781,45.823928],[18.914879,45.81991],[18.923042,45.80586],[18.919404,45.793949],[18.920153,45.790199],[18.91646,45.784904],[18.913866,45.78367],[18.903999,45.780519],[18.893,45.780612],[18.892084,45.778937],[18.88028,45.784775],[18.870233,45.784045],[18.852737,45.774588],[18.851741,45.771625],[18.852673,45.769032],[18.858766,45.763413],[18.863404,45.761238],[18.886217,45.755012],[18.904285,45.746482],[18.912375,45.744632],[18.919581,45.745492],[18.926134,45.747859],[18.936821,45.755056],[18.947591,45.760058],[18.947563,45.762069],[18.9536,45.765484],[18.958333,45.767318],[18.965631,45.76647],[18.971518,45.762152],[18.972263,45.759945],[18.9706,45.751562],[18.973446,45.750118],[18.972857,45.748918],[18.977131,45.746896],[18.97874,45.741909],[18.976568,45.736908],[18.971446,45.73174],[18.958388,45.724172],[18.944914,45.723765],[18.934714,45.727697],[18.926199,45.728565],[18.912888,45.72486],[18.909814,45.721878],[18.908524,45.717518],[18.91188,45.711863],[18.928677,45.7155],[18.93439,45.714531],[18.941826,45.715242],[18.951891,45.717262],[18.964985,45.721818],[18.970486,45.721536],[18.974332,45.719679],[18.977605,45.713947],[18.976747,45.707282],[18.973659,45.699014],[18.967408,45.694839],[18.960857,45.694396],[18.955371,45.695812],[18.953255,45.696835],[18.950378,45.701513],[18.944083,45.704435],[18.934346,45.703635],[18.93048,45.706388],[18.924789,45.704594],[18.921625,45.705224],[18.918857,45.708177],[18.91322,45.707737],[18.91586,45.703539],[18.929302,45.690047],[18.927738,45.688906],[18.929803,45.686207],[18.93241,45.686677],[18.933394,45.688162],[18.946773,45.686027],[18.950632,45.685344],[18.955934,45.681871],[18.959271,45.676849],[18.958022,45.669439],[18.971391,45.664652],[18.974558,45.660405],[18.975786,45.656293],[18.973888,45.652516],[18.967486,45.648881],[18.957144,45.647342],[18.946804,45.643685],[18.937493,45.644761],[18.933853,45.643603],[18.932829,45.638942],[18.936574,45.631268],[18.945174,45.634208],[18.951913,45.627026],[18.952194,45.625337],[18.944246,45.621995],[18.938848,45.621244],[18.93117,45.622602],[18.924908,45.62585],[18.915943,45.621501],[18.9143,45.619045],[18.913968,45.614286],[18.928008,45.614275],[18.931829,45.616879],[18.937922,45.617286],[18.940097,45.619515],[18.943907,45.620685],[18.945207,45.619219],[18.943005,45.613762],[18.946125,45.607224],[18.945547,45.605043],[18.94136,45.60133],[18.93066,45.597914],[18.912815,45.600952],[18.903831,45.592847],[18.899826,45.585528],[18.897341,45.579727],[18.897894,45.572328],[18.902981,45.568509],[18.913208,45.567236],[18.91424,45.56858],[18.926562,45.566275],[18.931674,45.563481],[18.933397,45.558101],[18.932161,45.555487],[18.92829,45.551885],[18.923382,45.549792],[18.927339,45.543328],[18.946087,45.534321],[18.960667,45.534442],[18.985154,45.537478],[18.99507,45.543389],[19.004176,45.556787],[19.016432,45.557581],[19.024123,45.555177],[19.026551,45.55268],[19.030348,45.538294],[19.034117,45.534386],[19.063543,45.531761],[19.072523,45.529258],[19.096722,45.518572],[19.099126,45.516377],[19.101537,45.50981],[19.101093,45.504135],[19.095902,45.496353],[19.091944,45.49248],[19.082748,45.487899],[19.043669,45.485145],[19.028875,45.488388],[19.013577,45.495705],[19.005923,45.497167],[18.99947,45.493309],[18.991698,45.479644],[18.991837,45.46401],[18.988623,45.454696],[18.989147,45.449464],[18.994114,45.44182],[19.005174,45.4347],[19.016798,45.429685],[19.025119,45.42359],[19.028923,45.4198],[19.030525,45.412785],[19.02847,45.408052],[19.021491,45.402214],[19.015435,45.400749],[18.998288,45.400442],[18.98406,45.398539],[18.975765,45.394077],[18.971337,45.389961],[18.969777,45.385927],[18.970737,45.378441],[18.974399,45.373594],[18.985174,45.366752],[19.005226,45.357164],[19.010163,45.35877],[19.024529,45.351487],[19.048433,45.348491],[19.052646,45.34601],[19.053612,45.343081],[19.078414,45.340637],[19.092662,45.334791],[19.097486,45.327206],[19.098345,45.320388],[19.097347,45.313476],[19.10358,45.299945],[19.113774,45.293061],[19.141949,45.281239],[19.168284,45.274097],[19.180037,45.268455],[19.199077,45.264288],[19.202186,45.266152],[19.223796,45.264878],[19.244166,45.271566],[19.251153,45.278606],[19.254807,45.280255],[19.260792,45.281389],[19.267562,45.280534],[19.273924,45.276358],[19.275124,45.271233],[19.260037,45.2531],[19.259219,45.246045],[19.26066,45.242654],[19.288901,45.236427],[19.303642,45.235983],[19.338812,45.232023],[19.357595,45.231341],[19.420655,45.233423],[19.422617,45.224916],[19.427284,45.217724],[19.447356,45.195943],[19.441922,45.19343],[19.435428,45.193149],[19.434881,45.190162],[19.433026,45.188713],[19.428024,45.187563],[19.429256,45.183455],[19.435707,45.172888],[19.425397,45.167753],[19.418607,45.165685],[19.403434,45.170174],[19.401538,45.169595],[19.387412,45.173208],[19.384023,45.171769],[19.372613,45.1717],[19.372188,45.170356],[19.36732,45.171802],[19.363591,45.175294],[19.362791,45.173344],[19.358928,45.172783],[19.359928,45.170188],[19.354367,45.169087],[19.354674,45.16467],[19.349384,45.164759],[19.347095,45.171568],[19.347886,45.172224],[19.329971,45.177063],[19.332427,45.181973],[19.328439,45.185382],[19.321795,45.198657],[19.321403,45.204643],[19.319594,45.207697],[19.287691,45.205031],[19.28281,45.207167],[19.285444,45.197824],[19.289005,45.195377],[19.287732,45.19354],[19.281308,45.193166],[19.294188,45.178675],[19.293671,45.1752],[19.296423,45.171183],[19.291228,45.172602],[19.287408,45.17059],[19.277293,45.171686],[19.2725,45.175955],[19.249967,45.172798],[19.24746,45.177826],[19.23774,45.175357],[19.22754,45.184625],[19.213988,45.187918],[19.191096,45.201199],[19.185661,45.201929],[19.179044,45.200379],[19.176558,45.202588],[19.171408,45.200106],[19.169458,45.19776],[19.166081,45.189759],[19.18516,45.184099],[19.194581,45.178957],[19.187006,45.165949],[19.141918,45.129741],[19.120065,45.133758],[19.114481,45.13753],[19.086462,45.14539],[19.087666,45.138293],[19.081196,45.134245],[19.081406,45.13195],[19.077845,45.127715],[19.07632,45.114827],[19.084497,45.111295],[19.082116,45.10999],[19.083828,45.107273],[19.087944,45.106988],[19.093355,45.101525],[19.092582,45.100475],[19.09439,45.097714],[19.091615,45.092989],[19.09269,45.09087],[19.100173,45.082949],[19.105043,45.081222],[19.106003,45.079221],[19.095253,45.058555],[19.098489,45.05791],[19.101389,45.055878],[19.101374,45.053921],[19.104273,45.053315],[19.104,45.05226],[19.105792,45.051605],[19.101622,45.046427],[19.102034,45.044805],[19.099782,45.041848],[19.094187,45.037552],[19.095588,45.033621],[19.098844,45.032871],[19.097942,45.030012],[19.099248,45.028097],[19.097406,45.025925],[19.097376,45.022516],[19.099507,45.014416],[19.10256,45.010759],[19.096109,45.005341],[19.092628,44.994746],[19.086105,44.993509],[19.079595,44.986786],[19.061255,44.982721],[19.054352,44.97985],[19.051902,44.977179],[19.074632,44.971431],[19.082957,44.974303],[19.08717,44.97428],[19.092389,44.971135],[19.109471,44.96987],[19.113463,44.970762],[19.115398,44.973866],[19.118731,44.975887],[19.127848,44.977765],[19.135019,44.980862],[19.138464,44.980735],[19.148138,44.975392],[19.14718,44.972923],[19.147119,44.957427],[19.154141,44.958016],[19.153999,44.955448],[19.156353,44.953191],[19.143628,44.947382],[19.143148,44.946114],[19.14459,44.945544],[19.142952,44.943563],[19.143752,44.941084],[19.136312,44.939158],[19.125216,44.938753],[19.115,44.933564],[19.111533,44.932449],[19.106795,44.933413],[19.100835,44.929605],[19.08733,44.925386],[19.087617,44.923828],[19.084953,44.923166],[19.084185,44.919654],[19.088185,44.91817],[19.087468,44.916366],[19.084529,44.916722],[19.080547,44.913417],[19.087078,44.910456],[19.081804,44.906105],[19.07545,44.905678],[19.068033,44.901089],[19.044968,44.911891],[19.033384,44.922228],[19.014114,44.920834],[18.997649,44.915275],[18.998057,44.913359],[18.996269,44.911319],[18.989014,44.905883],[18.991202,44.903308],[18.992787,44.893863],[18.999638,44.885384],[19.003319,44.884866],[19.02207,44.855354],[19.007523,44.855318],[18.981166,44.850078],[18.937073,44.849721],[18.912093,44.851709],[18.8627,44.852659],[18.849772,44.854546],[18.836337,44.863085],[18.824925,44.874843],[18.819264,44.878421],[18.804584,44.882625],[18.791012,44.888531],[18.764821,44.904581],[18.762633,44.908111],[18.762957,44.910755],[18.771637,44.917328],[18.772613,44.920254],[18.75795,44.928065],[18.753776,44.932162],[18.751144,44.936689],[18.750919,44.939522],[18.753778,44.942879],[18.75901,44.944689],[18.762261,44.944055],[18.778128,44.935938],[18.786654,44.934349],[18.79757,44.935352],[18.804813,44.939933],[18.80532,44.943013],[18.803217,44.946919],[18.79073,44.95517],[18.787428,44.960468],[18.784406,44.973037],[18.785158,44.976107],[18.79526,44.986418],[18.796551,44.990166],[18.795544,44.993001],[18.791335,44.995407],[18.779411,44.996152],[18.76041,44.999681],[18.752747,44.998125],[18.747571,44.994767],[18.738966,44.992058],[18.73307,44.992295],[18.728756,44.994793],[18.727279,44.997688],[18.736837,45.010326],[18.737972,45.016509],[18.735904,45.018482],[18.723282,45.023855],[18.716494,45.036415],[18.710241,45.038271],[18.700066,45.037934],[18.693765,45.039543],[18.674602,45.054534],[18.667726,45.061777],[18.668438,45.06538],[18.671881,45.067867],[18.683749,45.071932],[18.687428,45.077925],[18.685065,45.084201],[18.68023,45.091056],[18.674538,45.094291],[18.671259,45.094995],[18.664611,45.092962],[18.658719,45.087145],[18.654508,45.079123],[18.654057,45.074943],[18.659539,45.067257],[18.660853,45.062696],[18.658192,45.057043],[18.654656,45.056031],[18.639716,45.061994],[18.614851,45.061757],[18.608899,45.063141],[18.606536,45.065185],[18.60652,45.069724],[18.609348,45.072559],[18.619799,45.077842],[18.631334,45.08151],[18.634489,45.083967],[18.636216,45.087005],[18.636156,45.090159],[18.628213,45.095876],[18.623,45.095524],[18.620655,45.092064],[18.618716,45.083922],[18.61085,45.080191],[18.596827,45.083157],[18.585586,45.092057],[18.577054,45.09457],[18.569431,45.095062],[18.567714,45.093615],[18.568471,45.09001],[18.579898,45.081714],[18.582446,45.077753],[18.580703,45.071149],[18.576845,45.067379],[18.573813,45.066494],[18.571226,45.068293],[18.569569,45.076439],[18.564052,45.082476],[18.547822,45.092745],[18.543419,45.094016],[18.536761,45.093369],[18.52995,45.088698],[18.5306,45.085906],[18.547015,45.079583],[18.550763,45.07606],[18.550922,45.073112],[18.548059,45.070079],[18.538289,45.064505],[18.536309,45.061474],[18.537057,45.048399],[18.535378,45.044845],[18.532969,45.043769],[18.529776,45.045504],[18.530276,45.055434],[18.52918,45.058165],[18.526347,45.060497],[18.521274,45.060848],[18.508975,45.057294],[18.493296,45.061624],[18.481254,45.061389],[18.474206,45.06342],[18.468071,45.067799],[18.462186,45.074145],[18.447729,45.081041],[18.442703,45.084747],[18.440744,45.08808],[18.439229,45.095248],[18.436104,45.100149],[18.429452,45.105584],[18.421277,45.109055],[18.406825,45.110685],[18.387271,45.107304],[18.370954,45.106638],[18.32164,45.101383],[18.316253,45.103664],[18.309882,45.113344],[18.306915,45.115356],[18.301112,45.115612],[18.290407,45.113372],[18.279858,45.115839],[18.27827,45.119057],[18.278789,45.127134],[18.277316,45.132009],[18.271143,45.136895],[18.262762,45.13903],[18.251903,45.139165],[18.235571,45.135925],[18.21837,45.128646],[18.211146,45.123793],[18.208344,45.117418],[18.210046,45.109995],[18.218637,45.102908],[18.221497,45.098624],[18.220084,45.095321],[18.213411,45.088427],[18.20239,45.080752],[18.185602,45.076644],[18.169258,45.077513],[18.162137,45.079293],[18.149443,45.085075],[18.142336,45.085816],[18.120008,45.080232],[18.106993,45.085153],[18.098752,45.095006],[18.092978,45.099479],[18.075513,45.104716],[18.071192,45.107443],[18.073005,45.11095],[18.082994,45.115538],[18.085574,45.11885],[18.072914,45.139332],[18.062673,45.143256],[18.04884,45.141673],[18.043324,45.138044],[18.040583,45.127258],[18.036492,45.125546],[18.033668,45.126448],[18.029694,45.131063],[18.020936,45.147863],[18.018432,45.14992],[18.009431,45.151741],[17.994186,45.148651],[17.986225,45.144446],[17.97702,45.135245],[17.975048,45.12442],[17.971794,45.11962],[17.964889,45.113972],[17.9575,45.111821],[17.938167,45.110764],[17.93272,45.107612],[17.93072,45.104661],[17.929951,45.098081],[17.937552,45.083452],[17.935839,45.080991]]]},"properties":{"id":2,"slug":"dakovacko-osjecka-nadbiskupija","name":"Đakovačko-osječka Nadbiskupija","kind":"nadbiskupija","seat":"Đakovo","oib":"41044104941","area_km2":6821.1,"population":461406,"settlement_count":369,"parish_count":153,"church_count":243,"method":"naselja (DGU) → biskupija sjedeće/najbliže župe, spojeno","osm_agreement":97.9}},{"type":"Feature","id":10,"geometry":{"type":"MultiPolygon","coordinates":[[[[15.614053,43.622783],[15.614483,43.621917],[15.612626,43.622912],[15.614053,43.622783]]],[[[15.608211,43.623382],[15.608932,43.624498],[15.610045,43.623349],[15.608211,43.623382]]],[[[15.575994,43.62486],[15.574853,43.624475],[15.573696,43.624942],[15.574457,43.625678],[15.575994,43.62486]]],[[[15.607686,43.631865],[15.607056,43.632071],[15.607715,43.632288],[15.607686,43.631865]]],[[[15.599939,43.632883],[15.600424,43.633087],[15.600501,43.632736],[15.599939,43.632883]]],[[[15.675982,43.6332],[15.675377,43.633482],[15.676161,43.633769],[15.675982,43.6332]]],[[[15.603205,43.635192],[15.604732,43.632661],[15.602604,43.633137],[15.603205,43.635192]]],[[[15.616526,43.672106],[15.623822,43.668911],[15.622267,43.67195],[15.631134,43.672089],[15.632133,43.670236],[15.637276,43.671774],[15.645357,43.66634],[15.651873,43.665151],[15.658584,43.660391],[15.656313,43.665157],[15.661135,43.665795],[15.667823,43.662883],[15.669804,43.659883],[15.669849,43.657934],[15.665763,43.656062],[15.670325,43.654943],[15.672589,43.657076],[15.674688,43.656495],[15.677648,43.653523],[15.677595,43.65243],[15.675677,43.65198],[15.686016,43.646914],[15.684963,43.64356],[15.689631,43.645123],[15.701107,43.643264],[15.704458,43.640407],[15.711774,43.639532],[15.719503,43.63516],[15.727043,43.633465],[15.730869,43.629675],[15.727879,43.628173],[15.716769,43.631648],[15.714056,43.634117],[15.710378,43.63349],[15.713074,43.629871],[15.710685,43.628807],[15.707498,43.631353],[15.709589,43.633757],[15.701575,43.638268],[15.700534,43.638228],[15.704069,43.634232],[15.699246,43.631736],[15.694204,43.634084],[15.692719,43.637474],[15.690263,43.636105],[15.687369,43.63787],[15.6865,43.636661],[15.680293,43.636643],[15.691747,43.630639],[15.692686,43.628361],[15.683265,43.632165],[15.681446,43.630787],[15.679836,43.633028],[15.6696,43.635918],[15.664953,43.639853],[15.660288,43.641066],[15.660313,43.639229],[15.658194,43.639174],[15.654411,43.643489],[15.651601,43.643],[15.651264,43.645319],[15.645853,43.646169],[15.645964,43.64921],[15.641914,43.649062],[15.635135,43.65692],[15.634818,43.659412],[15.630945,43.658679],[15.626565,43.66242],[15.627158,43.663699],[15.619487,43.665716],[15.624143,43.661571],[15.625148,43.659633],[15.624193,43.658614],[15.620225,43.661354],[15.61238,43.662867],[15.610097,43.66591],[15.608111,43.664756],[15.605477,43.666096],[15.607798,43.668686],[15.604133,43.669368],[15.602535,43.671521],[15.605628,43.671621],[15.606452,43.673785],[15.601146,43.676692],[15.600792,43.678374],[15.606008,43.677348],[15.610703,43.674491],[15.612785,43.674941],[15.612657,43.67258],[15.616526,43.672106]]],[[[15.558718,43.657347],[15.5574,43.657593],[15.556586,43.659054],[15.557765,43.658812],[15.558718,43.657347]]],[[[15.593081,43.669275],[15.59286,43.669764],[15.593239,43.669575],[15.593081,43.669275]]],[[[15.615034,43.678556],[15.61449,43.679436],[15.61519,43.679386],[15.615034,43.678556]]],[[[15.585443,43.681331],[15.58622,43.682401],[15.587686,43.68136],[15.585443,43.681331]]],[[[15.650206,43.69976],[15.658632,43.698437],[15.666267,43.691527],[15.670665,43.691231],[15.67446,43.693966],[15.676466,43.693892],[15.678763,43.691309],[15.677675,43.689359],[15.690323,43.68533],[15.693199,43.678351],[15.681357,43.679639],[15.677605,43.67872],[15.675972,43.680496],[15.676777,43.682363],[15.671151,43.683495],[15.665932,43.687251],[15.665525,43.689766],[15.662827,43.689102],[15.657857,43.692958],[15.652511,43.694378],[15.650793,43.698471],[15.643883,43.700575],[15.637195,43.709469],[15.641198,43.710177],[15.643302,43.707862],[15.647511,43.706385],[15.650206,43.69976]]],[[[15.667722,43.700231],[15.671738,43.699671],[15.671905,43.698215],[15.669055,43.697122],[15.667722,43.700231]]],[[[15.662885,43.704478],[15.664939,43.703772],[15.665535,43.700756],[15.662449,43.698645],[15.660357,43.699737],[15.659928,43.70305],[15.662885,43.704478]]],[[[15.634141,43.713264],[15.634347,43.713399],[15.63459,43.713156],[15.634141,43.713264]]],[[[15.608044,43.715622],[15.608068,43.715936],[15.608358,43.715671],[15.608044,43.715622]]],[[[15.602292,43.719764],[15.606391,43.716811],[15.603331,43.716992],[15.60101,43.718716],[15.602292,43.719764]]],[[[15.590371,43.724023],[15.594423,43.725992],[15.598891,43.723053],[15.597507,43.720782],[15.595158,43.719825],[15.590075,43.722022],[15.590371,43.724023]]],[[[15.618058,43.721812],[15.614243,43.725783],[15.620019,43.721595],[15.618058,43.721812]]],[[[15.610251,43.72729],[15.611059,43.728102],[15.611942,43.727856],[15.611844,43.727076],[15.610251,43.72729]]],[[[15.580297,43.733925],[15.579517,43.735216],[15.580627,43.736746],[15.58336,43.735733],[15.584529,43.733624],[15.580297,43.733925]]],[[[15.673579,43.755212],[15.678253,43.758775],[15.679028,43.756866],[15.675618,43.754587],[15.673579,43.755212]]],[[[15.633869,43.76009],[15.634414,43.759888],[15.634055,43.75972],[15.633869,43.76009]]],[[[15.629646,43.759628],[15.629462,43.761431],[15.631013,43.760975],[15.630685,43.759886],[15.629646,43.759628]]],[[[15.675645,43.760624],[15.674,43.760933],[15.673522,43.762078],[15.675017,43.762214],[15.675645,43.760624]]],[[[15.625166,43.762476],[15.624969,43.760547],[15.624159,43.760298],[15.622956,43.762132],[15.625166,43.762476]]],[[[15.679403,43.769276],[15.68188,43.76822],[15.679175,43.767814],[15.679403,43.769276]]],[[[15.666711,43.776337],[15.664536,43.775203],[15.662962,43.775895],[15.664399,43.776953],[15.666711,43.776337]]],[[[15.676648,43.776579],[15.67408,43.777505],[15.676859,43.781864],[15.677283,43.779117],[15.675558,43.777786],[15.676648,43.776579]]],[[[15.627383,43.793942],[15.639283,43.799386],[15.642673,43.798582],[15.644133,43.795864],[15.648599,43.793879],[15.647883,43.792048],[15.649401,43.789007],[15.652601,43.786969],[15.648119,43.784633],[15.642278,43.785648],[15.642039,43.784754],[15.644309,43.784289],[15.644894,43.782821],[15.647337,43.784033],[15.654603,43.778216],[15.659015,43.77831],[15.657458,43.775065],[15.664441,43.771981],[15.667771,43.767023],[15.667057,43.764352],[15.661263,43.766934],[15.659119,43.764378],[15.653625,43.764502],[15.651649,43.765171],[15.649474,43.768969],[15.64675,43.766588],[15.64085,43.770231],[15.638332,43.76926],[15.632538,43.772456],[15.632476,43.775287],[15.630537,43.776601],[15.630377,43.77456],[15.62829,43.773562],[15.625651,43.773701],[15.6254,43.775534],[15.622937,43.776858],[15.621207,43.775396],[15.624619,43.782683],[15.617557,43.784409],[15.617833,43.787589],[15.61541,43.787745],[15.612006,43.79531],[15.609729,43.797002],[15.606021,43.79494],[15.606805,43.792978],[15.60395,43.79222],[15.602463,43.794334],[15.602884,43.796019],[15.598575,43.795829],[15.597666,43.797852],[15.594018,43.798634],[15.593098,43.802854],[15.588871,43.802546],[15.590302,43.807135],[15.586171,43.805587],[15.58569,43.807848],[15.579033,43.812416],[15.578408,43.814408],[15.57946,43.816756],[15.573413,43.817344],[15.57461,43.82126],[15.573768,43.822658],[15.569514,43.821491],[15.570968,43.823034],[15.57356,43.822908],[15.573602,43.824363],[15.56918,43.827049],[15.564489,43.828073],[15.564854,43.831944],[15.567451,43.833619],[15.57529,43.834463],[15.574449,43.830678],[15.579516,43.829934],[15.580988,43.826862],[15.583173,43.82626],[15.582373,43.82545],[15.584647,43.822052],[15.589304,43.821691],[15.591428,43.822528],[15.590367,43.82324],[15.592666,43.823649],[15.592087,43.824451],[15.593722,43.824322],[15.59104,43.825261],[15.59344,43.825785],[15.592152,43.827362],[15.591928,43.826217],[15.59076,43.826764],[15.591202,43.825869],[15.590383,43.82714],[15.592095,43.82743],[15.591539,43.828114],[15.590105,43.827365],[15.591739,43.830838],[15.597357,43.835066],[15.598395,43.831568],[15.596989,43.824522],[15.600406,43.826077],[15.599707,43.826954],[15.601003,43.826714],[15.599937,43.827221],[15.601562,43.827016],[15.600285,43.827619],[15.60159,43.827033],[15.60056,43.827941],[15.602899,43.827744],[15.600616,43.829028],[15.606769,43.826148],[15.60544,43.822357],[15.603287,43.821933],[15.605587,43.819336],[15.605954,43.813812],[15.609432,43.80877],[15.614199,43.806901],[15.613015,43.805396],[15.617066,43.806996],[15.622877,43.804394],[15.624162,43.802792],[15.624336,43.799017],[15.629363,43.800233],[15.629668,43.799021],[15.626749,43.796378],[15.627383,43.793942]]],[[[15.653633,43.784259],[15.653169,43.783257],[15.652326,43.783856],[15.653633,43.784259]]],[[[15.666513,43.785152],[15.66391,43.785289],[15.663324,43.786925],[15.666513,43.785152]]],[[[15.610092,43.78845],[15.610306,43.789997],[15.610879,43.790084],[15.610092,43.78845]]],[[[15.661914,43.78832],[15.657426,43.788601],[15.656718,43.791091],[15.661109,43.789604],[15.661914,43.78832]]],[[[15.699104,43.768796],[15.695318,43.76475],[15.693707,43.765818],[15.696286,43.770013],[15.694054,43.772982],[15.687853,43.776358],[15.68629,43.774682],[15.684077,43.77493],[15.684256,43.776554],[15.68665,43.77764],[15.683682,43.781167],[15.683735,43.784152],[15.679031,43.784241],[15.677966,43.78592],[15.6737,43.786888],[15.671606,43.788649],[15.673791,43.790729],[15.670975,43.791402],[15.659985,43.799688],[15.65735,43.799672],[15.657389,43.797171],[15.655554,43.796645],[15.650829,43.797778],[15.649564,43.80131],[15.646195,43.79862],[15.638309,43.800621],[15.615539,43.815253],[15.617337,43.819725],[15.614558,43.822916],[15.618015,43.823012],[15.623502,43.816853],[15.627527,43.816059],[15.62975,43.810242],[15.634181,43.81146],[15.634935,43.814994],[15.637744,43.817712],[15.641609,43.817244],[15.643028,43.814375],[15.65217,43.816344],[15.652893,43.814185],[15.662555,43.81063],[15.667287,43.80719],[15.67478,43.807222],[15.679469,43.801597],[15.680227,43.797282],[15.681593,43.797194],[15.680938,43.797675],[15.682772,43.799183],[15.682701,43.803379],[15.680153,43.804901],[15.676629,43.812478],[15.68017,43.815862],[15.683424,43.816745],[15.680802,43.816598],[15.676925,43.814812],[15.667838,43.815099],[15.666101,43.816792],[15.66318,43.816235],[15.661769,43.817519],[15.66263,43.819972],[15.657535,43.820417],[15.657411,43.822215],[15.655075,43.823562],[15.655427,43.825111],[15.652329,43.825075],[15.649223,43.828063],[15.646185,43.828236],[15.645621,43.83039],[15.642971,43.831045],[15.639522,43.834256],[15.633979,43.833545],[15.631306,43.836389],[15.6273,43.838161],[15.627845,43.840339],[15.624829,43.843756],[15.622319,43.843232],[15.621022,43.844891],[15.620344,43.843158],[15.617104,43.843353],[15.616437,43.84503],[15.614353,43.843904],[15.612666,43.846324],[15.611491,43.844698],[15.602999,43.844758],[15.5961,43.848063],[15.588973,43.848483],[15.586631,43.850883],[15.586903,43.852614],[15.583556,43.852176],[15.58445,43.854655],[15.581225,43.857481],[15.577014,43.85882],[15.574192,43.858189],[15.577816,43.863673],[15.575243,43.86708],[15.572554,43.86685],[15.574128,43.864388],[15.568805,43.862128],[15.567599,43.859176],[15.564992,43.859279],[15.567985,43.863788],[15.56182,43.85963],[15.558554,43.860321],[15.559171,43.86211],[15.563741,43.86531],[15.559068,43.866557],[15.558953,43.868041],[15.557568,43.868466],[15.558307,43.87115],[15.569826,43.87988],[15.574449,43.885671],[15.583163,43.882665],[15.586333,43.879412],[15.587895,43.879632],[15.588323,43.878164],[15.592702,43.875819],[15.593221,43.873034],[15.599064,43.869006],[15.601867,43.86486],[15.631575,43.848738],[15.637192,43.848425],[15.631163,43.852757],[15.631231,43.854962],[15.627278,43.854241],[15.624405,43.858503],[15.625612,43.860029],[15.628408,43.859661],[15.631565,43.855693],[15.634716,43.858239],[15.6431,43.859114],[15.642299,43.860961],[15.644102,43.861697],[15.638875,43.86333],[15.63767,43.866946],[15.630275,43.872424],[15.625377,43.872847],[15.624583,43.87547],[15.618785,43.876699],[15.61703,43.880255],[15.607432,43.88478],[15.612012,43.889616],[15.623307,43.897368],[15.627392,43.90266],[15.63302,43.905991],[15.635732,43.904662],[15.641599,43.907275],[15.64381,43.906813],[15.651412,43.910928],[15.654373,43.909624],[15.654743,43.911566],[15.648209,43.919785],[15.650426,43.920988],[15.652333,43.926791],[15.656128,43.927651],[15.664002,43.933794],[15.659626,43.938532],[15.660692,43.939039],[15.658475,43.941951],[15.677981,43.951403],[15.680309,43.945764],[15.694108,43.96469],[15.698021,43.966781],[15.693635,43.967942],[15.688097,43.97181],[15.689283,43.974116],[15.687423,43.976063],[15.68887,43.978286],[15.684208,43.982616],[15.694907,43.989338],[15.708935,43.994814],[15.723805,44.012839],[15.726986,44.014997],[15.728608,44.019046],[15.733794,44.022838],[15.751266,44.012698],[15.763385,44.010493],[15.767202,44.014455],[15.771062,44.012989],[15.773451,44.009669],[15.782428,44.004793],[15.781254,43.998023],[15.777242,43.995332],[15.785145,43.987727],[15.792843,43.982525],[15.812941,43.984652],[15.816903,43.983552],[15.819823,43.985619],[15.81817,43.986882],[15.819679,43.988726],[15.824254,43.98962],[15.832341,43.993868],[15.838756,43.991003],[15.845113,43.985242],[15.850778,43.983341],[15.851641,43.980053],[15.850381,43.978007],[15.850785,43.97541],[15.857626,43.973182],[15.868699,43.965064],[15.861991,43.957609],[15.863326,43.956789],[15.857393,43.953941],[15.887063,43.935398],[15.898866,43.923824],[15.90177,43.918962],[15.904184,43.917631],[15.931553,43.929298],[15.936902,43.929552],[15.940785,43.931787],[15.944758,43.941969],[15.94752,43.943087],[15.956315,43.940579],[15.958473,43.940992],[15.961431,43.944217],[15.961377,43.940867],[15.962388,43.940075],[15.968171,43.941992],[15.977697,43.941157],[15.982711,43.939019],[15.98498,43.936534],[15.989537,43.935005],[15.984392,43.926297],[15.996095,43.921326],[16.013077,43.917251],[16.012078,43.915397],[16.014317,43.915113],[16.015129,43.916271],[16.016403,43.915272],[16.024243,43.927617],[16.024139,43.93009],[16.020922,43.931641],[16.026586,43.937534],[16.026963,43.947613],[16.028251,43.950549],[16.023748,43.959864],[16.026299,43.964161],[16.017088,43.970062],[16.016401,43.972405],[16.023308,43.974671],[16.02855,43.97931],[16.027396,43.982526],[16.016627,43.990302],[16.017246,43.998832],[16.018628,44.002886],[16.028474,44.004796],[16.027944,44.008226],[16.024338,44.014206],[16.02549,44.015365],[16.031532,44.014754],[16.037095,44.011605],[16.037914,44.009371],[16.041669,44.01125],[16.043184,44.010699],[16.043595,44.021057],[16.030393,44.040235],[16.024902,44.044516],[16.029054,44.048219],[16.036787,44.047989],[16.042006,44.051369],[16.04284,44.054087],[16.048221,44.055062],[16.058057,44.061469],[16.065912,44.062141],[16.076006,44.072287],[16.075267,44.069794],[16.08346,44.062173],[16.088111,44.053811],[16.096442,44.056222],[16.097102,44.05781],[16.10556,44.063608],[16.103554,44.065477],[16.104373,44.066719],[16.111022,44.068511],[16.115043,44.067559],[16.118263,44.06891],[16.142228,44.089692],[16.141434,44.086736],[16.143048,44.085399],[16.144293,44.087212],[16.146149,44.086379],[16.150173,44.092629],[16.148272,44.099214],[16.143983,44.101],[16.137772,44.10111],[16.13756,44.102569],[16.140323,44.106477],[16.139166,44.107417],[16.140149,44.109481],[16.134926,44.113335],[16.141526,44.118228],[16.148417,44.121274],[16.143976,44.125682],[16.144908,44.12713],[16.143408,44.127665],[16.144645,44.134902],[16.149531,44.135761],[16.152345,44.134429],[16.157707,44.134594],[16.161247,44.132174],[16.17725,44.128379],[16.181374,44.123628],[16.185573,44.122053],[16.189609,44.117624],[16.196998,44.124088],[16.202626,44.126879],[16.202182,44.130082],[16.207605,44.129974],[16.207432,44.128914],[16.210296,44.132072],[16.223056,44.13739],[16.219774,44.143131],[16.225732,44.14742],[16.223709,44.15018],[16.225279,44.151124],[16.223413,44.154049],[16.224845,44.156715],[16.231316,44.15939],[16.227922,44.160804],[16.226355,44.163724],[16.230039,44.174333],[16.22987,44.17675],[16.22761,44.178506],[16.22495,44.186068],[16.226948,44.18629],[16.226847,44.188293],[16.225483,44.190823],[16.224133,44.190642],[16.21408,44.19733],[16.214733,44.204405],[16.220528,44.208133],[16.221313,44.210455],[16.226263,44.209568],[16.226874,44.206272],[16.232125,44.201554],[16.234792,44.200513],[16.236026,44.202002],[16.237554,44.201249],[16.240109,44.197258],[16.242763,44.196487],[16.243538,44.194162],[16.251171,44.189348],[16.256293,44.18325],[16.261736,44.179569],[16.263117,44.176524],[16.270739,44.173778],[16.272242,44.170773],[16.289802,44.162354],[16.291472,44.157614],[16.294492,44.15413],[16.306159,44.147771],[16.309701,44.143207],[16.308286,44.126683],[16.312441,44.124853],[16.313634,44.120777],[16.31848,44.114481],[16.333939,44.11257],[16.359274,44.101965],[16.363219,44.098208],[16.361567,44.09491],[16.369542,44.08212],[16.376634,44.081655],[16.377375,44.080146],[16.383818,44.083506],[16.388522,44.080489],[16.40177,44.07959],[16.427678,44.083166],[16.442179,44.066899],[16.435842,44.054968],[16.438951,44.037535],[16.436649,44.03069],[16.440457,44.028976],[16.447938,44.028252],[16.467634,44.029889],[16.482105,44.029464],[16.502237,44.024368],[16.515703,44.004221],[16.536767,43.986329],[16.544354,43.974179],[16.486238,43.972783],[16.45626,43.962202],[16.452198,43.958307],[16.450191,43.952599],[16.439375,43.946245],[16.438276,43.947292],[16.43838,43.945428],[16.43634,43.94773],[16.431905,43.946393],[16.429182,43.947692],[16.429411,43.948845],[16.426224,43.949566],[16.422399,43.949202],[16.421383,43.945542],[16.418495,43.944806],[16.416674,43.947765],[16.413869,43.948024],[16.409619,43.942758],[16.400088,43.935762],[16.400157,43.933492],[16.398376,43.931811],[16.400721,43.92796],[16.409535,43.92545],[16.412746,43.923066],[16.412159,43.920874],[16.407349,43.91674],[16.396615,43.918717],[16.386308,43.914746],[16.372037,43.915796],[16.369729,43.917571],[16.367343,43.916602],[16.354591,43.924451],[16.353144,43.93415],[16.353501,43.943277],[16.323035,43.94194],[16.317521,43.940134],[16.304972,43.930266],[16.299362,43.932504],[16.27129,43.916775],[16.279212,43.910962],[16.286445,43.898378],[16.294781,43.895441],[16.31785,43.892204],[16.3199,43.890871],[16.321882,43.891139],[16.327004,43.895362],[16.335952,43.895504],[16.337067,43.891649],[16.33606,43.890493],[16.341223,43.880016],[16.34327,43.878153],[16.352338,43.877545],[16.353908,43.875299],[16.370081,43.870449],[16.391357,43.856384],[16.40389,43.850432],[16.398332,43.849962],[16.403257,43.84576],[16.409196,43.842984],[16.429523,43.825695],[16.439153,43.813656],[16.448163,43.804802],[16.457675,43.798662],[16.494514,43.786822],[16.501127,43.782081],[16.503421,43.771656],[16.516174,43.756275],[16.516886,43.749847],[16.518738,43.744366],[16.520624,43.742669],[16.519959,43.739262],[16.5184,43.738508],[16.517276,43.731974],[16.515386,43.730229],[16.512913,43.731063],[16.494793,43.72845],[16.48327,43.725517],[16.473319,43.721508],[16.474128,43.719871],[16.471509,43.720168],[16.465175,43.715586],[16.451615,43.713976],[16.439366,43.714058],[16.423698,43.716104],[16.409864,43.715351],[16.411208,43.708489],[16.416758,43.70516],[16.416067,43.703465],[16.404038,43.697762],[16.39743,43.692093],[16.391626,43.691665],[16.391175,43.686396],[16.395011,43.685311],[16.396749,43.685987],[16.416367,43.679805],[16.43562,43.67162],[16.446755,43.663468],[16.44826,43.645356],[16.451419,43.643946],[16.451743,43.642557],[16.454077,43.642641],[16.450939,43.640266],[16.449865,43.635016],[16.446627,43.631418],[16.436032,43.625451],[16.431128,43.618862],[16.431565,43.615983],[16.423717,43.6033],[16.414702,43.603741],[16.407606,43.606811],[16.375175,43.609494],[16.366537,43.613713],[16.351906,43.610963],[16.344881,43.611383],[16.328192,43.618386],[16.299517,43.626818],[16.283776,43.633296],[16.282159,43.625957],[16.279113,43.621263],[16.274654,43.618129],[16.272228,43.614192],[16.262824,43.608993],[16.267184,43.60297],[16.26257,43.598505],[16.288035,43.587609],[16.276867,43.579384],[16.276947,43.576158],[16.272319,43.567568],[16.260831,43.555697],[16.253135,43.555378],[16.24648,43.558737],[16.24275,43.558607],[16.236175,43.563343],[16.223061,43.569794],[16.215111,43.578129],[16.208163,43.574608],[16.197755,43.57404],[16.202003,43.56395],[16.190419,43.565777],[16.186755,43.561694],[16.186053,43.557586],[16.173531,43.555081],[16.173779,43.546405],[16.182669,43.536273],[16.179843,43.53341],[16.178905,43.529021],[16.179851,43.520736],[16.17073,43.517603],[16.169213,43.512589],[16.160517,43.512301],[16.155372,43.515991],[16.144423,43.514922],[16.141802,43.517467],[16.136811,43.516946],[16.131222,43.520274],[16.127671,43.515947],[16.120827,43.516213],[16.118808,43.51755],[16.116857,43.516374],[16.115829,43.513028],[16.1101,43.513965],[16.113433,43.511824],[16.12056,43.510127],[16.124934,43.509641],[16.130243,43.510952],[16.132207,43.507433],[16.136385,43.507173],[16.134026,43.503149],[16.135402,43.500152],[16.121137,43.502185],[16.117015,43.501562],[16.108355,43.504644],[16.075814,43.508239],[16.072502,43.511683],[16.068146,43.51231],[16.055003,43.508479],[16.044906,43.508732],[16.043351,43.507346],[16.038014,43.508466],[16.034541,43.506775],[16.030484,43.507863],[16.018042,43.507068],[16.016206,43.500694],[16.01209,43.502374],[16.014522,43.497624],[16.013253,43.49604],[16.011602,43.494933],[16.00462,43.494661],[16.00667,43.492023],[16.00034,43.486833],[15.99639,43.487236],[15.996586,43.489836],[15.994253,43.48991],[15.993743,43.492138],[15.996586,43.495558],[15.998677,43.495075],[15.999009,43.497722],[16.001485,43.499234],[15.998913,43.499171],[15.997634,43.501016],[15.993363,43.500259],[15.993038,43.498759],[15.990274,43.500431],[15.989398,43.499333],[15.987318,43.49979],[15.985147,43.504945],[15.986767,43.506515],[15.98529,43.50668],[15.98306,43.503432],[15.984004,43.498787],[15.980191,43.499591],[15.980432,43.497642],[15.978151,43.497244],[15.978086,43.495307],[15.969967,43.494041],[15.971576,43.499372],[15.974453,43.500228],[15.973237,43.505931],[15.970934,43.505287],[15.969922,43.502898],[15.962952,43.500763],[15.962432,43.498637],[15.960447,43.503143],[15.958667,43.502765],[15.954971,43.5053],[15.950819,43.50625],[15.952473,43.50867],[15.955637,43.507484],[15.960673,43.508657],[15.962179,43.507561],[15.964371,43.509079],[15.959122,43.51321],[15.955145,43.513206],[15.951099,43.516099],[15.952386,43.518213],[15.959926,43.51524],[15.968378,43.513934],[15.974761,43.509316],[15.973423,43.513018],[15.980311,43.513047],[15.986661,43.51761],[15.990412,43.518083],[15.982509,43.524191],[15.983268,43.526387],[15.980986,43.530005],[15.980666,43.534422],[15.981596,43.536757],[15.983041,43.537179],[15.99468,43.538177],[15.988935,43.538681],[15.988321,43.540097],[15.987977,43.538816],[15.986184,43.538683],[15.978495,43.541392],[15.971418,43.539749],[15.975122,43.537817],[15.975353,43.534098],[15.968545,43.532237],[15.968193,43.530048],[15.971516,43.529073],[15.972744,43.52578],[15.975561,43.525342],[15.973755,43.524339],[15.972976,43.520449],[15.968792,43.520215],[15.967554,43.521483],[15.969064,43.525809],[15.967551,43.532149],[15.963175,43.534041],[15.961788,43.533655],[15.960387,43.532056],[15.960533,43.531373],[15.961452,43.530679],[15.962389,43.531301],[15.961968,43.530235],[15.962986,43.530761],[15.962378,43.52974],[15.963485,43.530163],[15.962401,43.529696],[15.963759,43.529617],[15.962817,43.528499],[15.964033,43.528608],[15.962901,43.528074],[15.964123,43.528189],[15.962972,43.527657],[15.964221,43.527754],[15.963104,43.5272],[15.964325,43.527312],[15.963155,43.527166],[15.962652,43.523091],[15.961162,43.522114],[15.960292,43.526857],[15.959096,43.527383],[15.957455,43.525392],[15.953775,43.527179],[15.953859,43.530316],[15.957118,43.53163],[15.956505,43.533497],[15.95927,43.536076],[15.95835,43.537643],[15.960763,43.540274],[15.952329,43.540322],[15.942137,43.545479],[15.942045,43.546606],[15.939497,43.54579],[15.938515,43.547508],[15.937122,43.545454],[15.934436,43.544825],[15.929291,43.551198],[15.926905,43.551025],[15.924042,43.555875],[15.925123,43.558513],[15.927237,43.559401],[15.93337,43.55973],[15.93339,43.560985],[15.935879,43.559838],[15.937635,43.560972],[15.941226,43.559969],[15.942001,43.558324],[15.946044,43.558381],[15.94174,43.561356],[15.941681,43.562548],[15.939388,43.563014],[15.940194,43.564428],[15.938193,43.56398],[15.939429,43.568496],[15.943542,43.569879],[15.940987,43.571471],[15.936672,43.569376],[15.937153,43.56699],[15.933545,43.564146],[15.930879,43.564679],[15.930412,43.566473],[15.92773,43.565832],[15.9178,43.570448],[15.916594,43.575034],[15.928252,43.576834],[15.928986,43.578665],[15.932113,43.580021],[15.930646,43.583356],[15.933202,43.58642],[15.928767,43.584523],[15.923385,43.586215],[15.922567,43.585234],[15.923567,43.58501],[15.921203,43.58377],[15.918896,43.584367],[15.919564,43.586095],[15.922645,43.586526],[15.923381,43.587938],[15.918473,43.589683],[15.917123,43.591802],[15.919528,43.592319],[15.92261,43.589763],[15.926201,43.597041],[15.924528,43.597451],[15.925091,43.598573],[15.920868,43.599869],[15.919916,43.601348],[15.921495,43.602858],[15.919048,43.604438],[15.919142,43.606889],[15.925806,43.608374],[15.923858,43.611148],[15.927113,43.612481],[15.91964,43.615922],[15.916816,43.620779],[15.918511,43.623439],[15.922429,43.623611],[15.916957,43.62653],[15.912339,43.627359],[15.918073,43.630176],[15.91694,43.632122],[15.92026,43.633312],[15.928077,43.632544],[15.930343,43.630006],[15.945048,43.631813],[15.9601,43.630286],[15.966584,43.631085],[15.972881,43.629968],[15.974534,43.630488],[15.963221,43.634876],[15.961063,43.633892],[15.958293,43.635469],[15.957414,43.637582],[15.955956,43.635212],[15.951347,43.636639],[15.947542,43.63576],[15.943891,43.637208],[15.940807,43.639639],[15.941844,43.640883],[15.936895,43.643751],[15.931261,43.641805],[15.929471,43.643041],[15.925348,43.643029],[15.916253,43.641222],[15.912984,43.643077],[15.905626,43.643939],[15.902372,43.648389],[15.90784,43.645903],[15.919239,43.650381],[15.921045,43.647621],[15.922742,43.647216],[15.931284,43.649651],[15.927712,43.651502],[15.925618,43.654366],[15.92666,43.654648],[15.929437,43.65381],[15.932666,43.650147],[15.935808,43.649968],[15.936015,43.648749],[15.938627,43.647983],[15.940459,43.643798],[15.943171,43.645059],[15.946191,43.640594],[15.950714,43.640148],[15.947041,43.645502],[15.950628,43.65264],[15.945617,43.65374],[15.943543,43.656667],[15.948201,43.659582],[15.939728,43.659703],[15.939548,43.661177],[15.940921,43.660955],[15.941075,43.661454],[15.93777,43.663355],[15.939392,43.663758],[15.939184,43.665945],[15.931783,43.667895],[15.928751,43.670219],[15.928518,43.672211],[15.933444,43.672921],[15.939851,43.669824],[15.944435,43.670315],[15.947089,43.673549],[15.947134,43.676712],[15.948664,43.678187],[15.955901,43.679466],[15.955863,43.68135],[15.958819,43.681174],[15.956156,43.681499],[15.958758,43.682871],[15.957425,43.685981],[15.944779,43.693193],[15.942172,43.693334],[15.939353,43.691832],[15.940259,43.68877],[15.946368,43.680159],[15.943642,43.676732],[15.944007,43.67387],[15.938741,43.672048],[15.936231,43.673649],[15.935988,43.675325],[15.933755,43.674638],[15.932157,43.676193],[15.929793,43.674873],[15.929412,43.675992],[15.925994,43.671871],[15.914568,43.6795],[15.915005,43.681186],[15.910149,43.684261],[15.909479,43.685885],[15.910737,43.686602],[15.909058,43.688925],[15.906546,43.688404],[15.90281,43.692872],[15.89891,43.692858],[15.899984,43.69386],[15.897508,43.695016],[15.896549,43.697754],[15.89419,43.699551],[15.891182,43.699665],[15.89221,43.69749],[15.890706,43.694453],[15.88858,43.695455],[15.887488,43.693412],[15.882683,43.694075],[15.875868,43.698828],[15.878536,43.700669],[15.876568,43.701241],[15.875948,43.69926],[15.874211,43.69994],[15.870403,43.702565],[15.871033,43.704869],[15.869212,43.703504],[15.86673,43.705381],[15.867897,43.706913],[15.866609,43.705687],[15.864227,43.706894],[15.855593,43.715494],[15.856233,43.716795],[15.85723,43.716288],[15.85725,43.717912],[15.855697,43.718034],[15.854886,43.718975],[15.854136,43.722105],[15.857207,43.718098],[15.860146,43.719444],[15.858356,43.722411],[15.85907,43.724178],[15.861064,43.723159],[15.862504,43.724671],[15.867478,43.724636],[15.871047,43.727119],[15.879538,43.72652],[15.881273,43.72846],[15.887721,43.726479],[15.888003,43.724823],[15.886555,43.724769],[15.888825,43.722631],[15.889453,43.719674],[15.89123,43.719182],[15.890501,43.718206],[15.892784,43.718412],[15.899536,43.713331],[15.905698,43.716047],[15.903373,43.716581],[15.904979,43.717363],[15.900853,43.719337],[15.899897,43.718452],[15.900823,43.71946],[15.899878,43.719911],[15.89755,43.719765],[15.89415,43.723381],[15.897505,43.722996],[15.904933,43.719094],[15.906064,43.719693],[15.905112,43.720415],[15.906083,43.719913],[15.899555,43.724249],[15.901749,43.724903],[15.897995,43.727896],[15.899693,43.728292],[15.895391,43.728975],[15.894324,43.729658],[15.894962,43.730468],[15.888528,43.73515],[15.887484,43.738209],[15.888806,43.740168],[15.88662,43.741397],[15.883499,43.741112],[15.881778,43.743178],[15.882321,43.744381],[15.876764,43.746041],[15.872382,43.749811],[15.861384,43.755611],[15.855507,43.759911],[15.855873,43.760829],[15.850699,43.762423],[15.851375,43.765369],[15.848348,43.769044],[15.84898,43.770334],[15.843205,43.774106],[15.844055,43.775291],[15.848145,43.774796],[15.849656,43.777548],[15.847675,43.780556],[15.853735,43.783012],[15.850785,43.789772],[15.859689,43.787342],[15.863875,43.787632],[15.869176,43.790739],[15.875717,43.79077],[15.877496,43.789502],[15.877079,43.787443],[15.878392,43.786399],[15.88282,43.78548],[15.88193,43.78998],[15.885944,43.789987],[15.889362,43.788337],[15.889613,43.792936],[15.891084,43.79353],[15.902249,43.788618],[15.90115,43.789951],[15.902253,43.790641],[15.899647,43.790446],[15.896283,43.792125],[15.893781,43.796956],[15.892675,43.79614],[15.886529,43.798187],[15.88606,43.801256],[15.883461,43.80303],[15.882117,43.806282],[15.885217,43.807647],[15.890757,43.804235],[15.892591,43.80434],[15.89358,43.802077],[15.896017,43.804941],[15.898996,43.806059],[15.901846,43.805303],[15.904657,43.80637],[15.908354,43.804789],[15.91071,43.806284],[15.914387,43.806288],[15.918534,43.808795],[15.920483,43.807882],[15.921069,43.808587],[15.919495,43.809789],[15.921235,43.813674],[15.923278,43.81241],[15.924022,43.813824],[15.926294,43.813122],[15.926576,43.814561],[15.929757,43.813913],[15.929982,43.815785],[15.934912,43.817697],[15.934379,43.818971],[15.925122,43.815879],[15.918991,43.818811],[15.921099,43.816233],[15.917929,43.81406],[15.917866,43.810347],[15.909034,43.807381],[15.899999,43.808881],[15.893824,43.808256],[15.893911,43.810327],[15.890478,43.810272],[15.890941,43.812241],[15.888458,43.811598],[15.887326,43.814278],[15.891162,43.818472],[15.888333,43.817931],[15.886323,43.820065],[15.885661,43.818886],[15.88719,43.816853],[15.8812,43.815396],[15.881,43.820652],[15.879569,43.823371],[15.87053,43.829271],[15.861762,43.833192],[15.860482,43.835236],[15.858158,43.835984],[15.854202,43.834147],[15.851292,43.830798],[15.853146,43.830419],[15.853617,43.828295],[15.848044,43.828516],[15.847521,43.827265],[15.849126,43.825329],[15.845501,43.823757],[15.849023,43.821217],[15.847412,43.820173],[15.855694,43.815308],[15.859009,43.810774],[15.85803,43.809881],[15.852582,43.811928],[15.850916,43.813889],[15.849029,43.81361],[15.856255,43.80869],[15.854802,43.806783],[15.8561,43.807278],[15.860008,43.804137],[15.859409,43.802113],[15.856171,43.802631],[15.859001,43.79798],[15.862078,43.79585],[15.861682,43.790564],[15.859652,43.790092],[15.854438,43.792288],[15.85525,43.791056],[15.84988,43.791661],[15.847369,43.788847],[15.850004,43.783758],[15.843532,43.781963],[15.844932,43.778381],[15.843503,43.777272],[15.837119,43.777706],[15.823446,43.786402],[15.823135,43.785138],[15.830245,43.778355],[15.833168,43.77749],[15.844907,43.768232],[15.848347,43.759847],[15.850266,43.757904],[15.855349,43.755755],[15.864339,43.748263],[15.868976,43.746109],[15.872364,43.740853],[15.87625,43.738486],[15.877034,43.736087],[15.875895,43.734226],[15.879855,43.729327],[15.877667,43.728384],[15.870233,43.729597],[15.869276,43.728143],[15.865614,43.728844],[15.86056,43.727337],[15.857065,43.728591],[15.856163,43.732159],[15.855099,43.728275],[15.855751,43.724938],[15.853497,43.724313],[15.851323,43.726597],[15.846563,43.727438],[15.848552,43.725305],[15.847267,43.72398],[15.848924,43.724335],[15.850275,43.721461],[15.836537,43.727944],[15.827999,43.729731],[15.822222,43.733921],[15.821311,43.733414],[15.821407,43.734488],[15.820021,43.734137],[15.811108,43.739449],[15.807734,43.739296],[15.805084,43.744004],[15.802201,43.744133],[15.800902,43.745611],[15.798952,43.744037],[15.79264,43.750224],[15.788436,43.75089],[15.787148,43.753498],[15.785808,43.753071],[15.782902,43.755634],[15.782504,43.757803],[15.781617,43.757387],[15.782377,43.758193],[15.777899,43.756075],[15.780012,43.75748],[15.778053,43.757572],[15.7788,43.758545],[15.777697,43.757865],[15.778332,43.758908],[15.776387,43.757731],[15.777549,43.757334],[15.7761,43.756796],[15.777439,43.756424],[15.774375,43.756199],[15.775258,43.754958],[15.776333,43.75548],[15.775272,43.754847],[15.774001,43.755581],[15.772299,43.751883],[15.769691,43.75229],[15.768916,43.754263],[15.758134,43.75164],[15.750785,43.752679],[15.749261,43.751212],[15.747557,43.750552],[15.749856,43.75235],[15.746221,43.752177],[15.74843,43.752869],[15.746925,43.753033],[15.748093,43.7535],[15.746351,43.753844],[15.747163,43.754659],[15.746058,43.75424],[15.747047,43.754823],[15.745378,43.755653],[15.743682,43.753637],[15.741852,43.753845],[15.74043,43.75557],[15.740942,43.757484],[15.736811,43.759633],[15.72706,43.759251],[15.726549,43.762136],[15.731198,43.762096],[15.728702,43.763434],[15.729632,43.764655],[15.719408,43.762464],[15.699104,43.768796]],[[15.975211,43.630107],[15.97491,43.630559],[15.974169,43.630003],[15.975211,43.630107]]],[[[15.565163,43.81212],[15.564419,43.81225],[15.565135,43.812422],[15.565163,43.81212]]],[[[15.562502,43.827247],[15.560167,43.824956],[15.558282,43.825726],[15.560819,43.827664],[15.562502,43.827247]]],[[[15.631946,43.828801],[15.632632,43.829733],[15.633988,43.829671],[15.633695,43.82917],[15.631946,43.828801]]],[[[15.58615,43.831907],[15.585008,43.829403],[15.583369,43.830213],[15.584015,43.831981],[15.58615,43.831907]]],[[[15.579567,43.83597],[15.583652,43.836572],[15.584267,43.834373],[15.580331,43.831836],[15.578088,43.832661],[15.579567,43.83597]]],[[[15.588072,43.833661],[15.586073,43.835201],[15.590168,43.836854],[15.590397,43.834891],[15.588072,43.833661]]],[[[15.554305,43.837169],[15.555384,43.837381],[15.556898,43.836881],[15.555775,43.836191],[15.554305,43.837169]]],[[[15.578068,43.837833],[15.577061,43.840681],[15.57178,43.839377],[15.572802,43.841066],[15.578709,43.842499],[15.582198,43.840993],[15.579728,43.837679],[15.578068,43.837833]]],[[[15.606478,43.843807],[15.606698,43.844205],[15.606642,43.843774],[15.606478,43.843807]]],[[[15.570549,43.842367],[15.566725,43.839867],[15.56185,43.842479],[15.560991,43.844266],[15.561801,43.845878],[15.568356,43.848401],[15.567424,43.84677],[15.570296,43.84614],[15.571255,43.844369],[15.574023,43.844618],[15.573034,43.842274],[15.570549,43.842367]]],[[[15.558632,43.84751],[15.559858,43.848927],[15.560448,43.849073],[15.559103,43.845433],[15.558632,43.84751]]],[[[15.551714,43.84781],[15.552001,43.849293],[15.553591,43.848791],[15.553477,43.84821],[15.551714,43.84781]]],[[[15.555551,43.849001],[15.555077,43.848348],[15.554577,43.848501],[15.555551,43.849001]]],[[[15.557872,43.853487],[15.553276,43.851998],[15.555261,43.854878],[15.562444,43.855996],[15.564091,43.855418],[15.565911,43.851955],[15.56054,43.850167],[15.557872,43.853487]]],[[[15.551921,43.852734],[15.546447,43.849093],[15.541261,43.852274],[15.539477,43.858449],[15.535966,43.858227],[15.532484,43.861043],[15.532868,43.86364],[15.537616,43.864795],[15.540979,43.860411],[15.550369,43.859158],[15.551921,43.852734]]],[[[15.526471,43.866543],[15.528809,43.866261],[15.528564,43.865362],[15.527605,43.865025],[15.526471,43.866543]]],[[[15.532768,43.867017],[15.531236,43.867385],[15.533199,43.867539],[15.532768,43.867017]]],[[[15.714772,43.620623],[15.713836,43.620907],[15.713162,43.622383],[15.714772,43.620623]]],[[[15.729831,43.62606],[15.729482,43.626373],[15.72969,43.626395],[15.729831,43.62606]]],[[[15.678285,43.626386],[15.680039,43.627661],[15.682839,43.625631],[15.682553,43.624844],[15.681201,43.626364],[15.678285,43.626386]]],[[[15.740555,43.629409],[15.744616,43.627004],[15.744942,43.625161],[15.738052,43.625904],[15.735922,43.6284],[15.740555,43.629409]]],[[[15.712691,43.645745],[15.713925,43.64668],[15.714502,43.645436],[15.713419,43.644775],[15.712691,43.645745]]],[[[15.737671,43.645671],[15.738605,43.646856],[15.739545,43.646182],[15.73888,43.645405],[15.737671,43.645671]]],[[[15.685074,43.657241],[15.685371,43.656282],[15.683797,43.656462],[15.685074,43.657241]]],[[[15.737187,43.658579],[15.73756,43.660324],[15.741755,43.661273],[15.744315,43.660475],[15.743724,43.659348],[15.739796,43.659957],[15.737187,43.658579]]],[[[15.747408,43.660908],[15.747018,43.660758],[15.746929,43.661052],[15.747408,43.660908]]],[[[15.732712,43.661927],[15.7321,43.66234],[15.732688,43.662512],[15.732712,43.661927]]],[[[15.788494,43.663229],[15.787162,43.664805],[15.788601,43.663865],[15.788494,43.663229]]],[[[15.760314,43.665994],[15.75892,43.668091],[15.755388,43.668813],[15.753713,43.671119],[15.756606,43.671939],[15.761624,43.67055],[15.764069,43.666238],[15.760314,43.665994]]],[[[15.743847,43.668633],[15.733279,43.670498],[15.733386,43.672752],[15.737972,43.673764],[15.742929,43.672033],[15.745774,43.669485],[15.743847,43.668633]]],[[[15.702029,43.673425],[15.70133,43.670727],[15.699734,43.670772],[15.699611,43.674064],[15.702029,43.673425]]],[[[15.694241,43.673914],[15.69379,43.67285],[15.689087,43.671263],[15.690875,43.673782],[15.694241,43.673914]]],[[[15.730762,43.675607],[15.73062,43.67511],[15.730161,43.675449],[15.730762,43.675607]]],[[[15.794391,43.679148],[15.797927,43.677737],[15.797516,43.673936],[15.793043,43.674741],[15.794391,43.679148]]],[[[15.789538,43.676772],[15.789499,43.673235],[15.787422,43.672035],[15.786922,43.675111],[15.782827,43.679597],[15.782542,43.685516],[15.783548,43.686091],[15.788922,43.683413],[15.787884,43.678558],[15.789538,43.676772]]],[[[15.762551,43.680787],[15.762421,43.681286],[15.762865,43.681161],[15.762551,43.680787]]],[[[15.736602,43.683559],[15.735245,43.68153],[15.733512,43.681805],[15.734278,43.684043],[15.736602,43.683559]]],[[[15.746482,43.701517],[15.750408,43.699788],[15.751963,43.696491],[15.754395,43.698357],[15.75895,43.696065],[15.759141,43.694741],[15.762278,43.696182],[15.761606,43.693967],[15.767536,43.690197],[15.768731,43.692422],[15.772427,43.691384],[15.773965,43.688081],[15.777218,43.685413],[15.772197,43.680161],[15.768433,43.682892],[15.766868,43.686163],[15.763253,43.687454],[15.759038,43.68707],[15.757069,43.684321],[15.754524,43.684561],[15.749499,43.690981],[15.74594,43.691431],[15.744473,43.68957],[15.743676,43.69341],[15.739151,43.697935],[15.738588,43.702346],[15.739904,43.70455],[15.74379,43.705568],[15.743599,43.708615],[15.746129,43.707139],[15.744527,43.705206],[15.746482,43.701517]]],[[[15.689088,43.715514],[15.688739,43.717939],[15.692666,43.716968],[15.692934,43.714557],[15.689449,43.713414],[15.694343,43.709424],[15.696677,43.704342],[15.698336,43.707283],[15.707464,43.702417],[15.708669,43.69994],[15.704136,43.698876],[15.71289,43.695313],[15.715271,43.690424],[15.717198,43.689307],[15.71916,43.691192],[15.724294,43.691132],[15.726773,43.692741],[15.728574,43.69117],[15.729116,43.687692],[15.722557,43.686461],[15.724016,43.682834],[15.723465,43.680387],[15.71664,43.680396],[15.722397,43.669987],[15.715842,43.675428],[15.710836,43.677531],[15.709378,43.679637],[15.705351,43.68002],[15.702009,43.682007],[15.698968,43.680446],[15.697086,43.681425],[15.695121,43.687321],[15.696698,43.688431],[15.701179,43.68806],[15.709926,43.684359],[15.711303,43.684392],[15.711265,43.685634],[15.709083,43.688374],[15.698704,43.69179],[15.681013,43.70268],[15.679968,43.704065],[15.680683,43.704807],[15.687532,43.704569],[15.680808,43.710678],[15.680986,43.715438],[15.675914,43.713956],[15.670563,43.718783],[15.675779,43.719273],[15.689088,43.715514]]],[[[15.713573,43.695331],[15.715856,43.696161],[15.716072,43.695491],[15.713573,43.695331]]],[[[15.727123,43.705151],[15.730147,43.702697],[15.730246,43.701787],[15.725985,43.702102],[15.724297,43.703395],[15.727123,43.705151]]],[[[15.714371,43.706201],[15.712663,43.706485],[15.714292,43.706616],[15.714371,43.706201]]],[[[15.780138,43.707663],[15.778459,43.707469],[15.778729,43.707893],[15.780138,43.707663]]],[[[15.712065,43.710678],[15.710864,43.710789],[15.711292,43.711662],[15.712065,43.710678]]],[[[15.769977,43.722876],[15.775921,43.721775],[15.777617,43.719768],[15.776183,43.718269],[15.780003,43.716119],[15.77969,43.715007],[15.775934,43.714184],[15.76859,43.718405],[15.769141,43.715588],[15.774152,43.710688],[15.775396,43.706889],[15.774627,43.706054],[15.771033,43.707132],[15.763797,43.713632],[15.763438,43.717744],[15.760476,43.718518],[15.75742,43.721608],[15.754957,43.721375],[15.750747,43.725452],[15.75061,43.729505],[15.755359,43.733675],[15.757098,43.733452],[15.759863,43.729048],[15.767258,43.726699],[15.769977,43.722876]]],[[[15.691042,43.72371],[15.68952,43.721716],[15.687595,43.724174],[15.689225,43.724729],[15.691042,43.72371]]],[[[15.805029,43.721714],[15.799513,43.723075],[15.799813,43.724236],[15.795193,43.725152],[15.799832,43.720619],[15.796842,43.718312],[15.791171,43.722076],[15.787364,43.727752],[15.789685,43.729267],[15.786161,43.732124],[15.787071,43.732017],[15.786002,43.733851],[15.7873,43.734253],[15.784643,43.734556],[15.78024,43.738965],[15.782505,43.743363],[15.786165,43.743486],[15.788818,43.740671],[15.789746,43.736371],[15.797646,43.734122],[15.802572,43.730613],[15.807331,43.723395],[15.805029,43.721714]]],[[[15.758098,43.739302],[15.757922,43.738096],[15.754894,43.737458],[15.750397,43.740652],[15.747687,43.746047],[15.745762,43.746303],[15.742938,43.749528],[15.747373,43.748054],[15.750542,43.744101],[15.758098,43.739302]]],[[[15.742488,43.750553],[15.739494,43.750745],[15.739476,43.751647],[15.742014,43.752655],[15.742488,43.750553]]],[[[15.723493,43.752282],[15.725559,43.751606],[15.72538,43.75079],[15.723493,43.752282]]],[[[15.743792,43.753352],[15.745965,43.753307],[15.745684,43.752771],[15.743792,43.753352]]],[[[15.718955,43.758992],[15.719867,43.759686],[15.720846,43.759039],[15.72012,43.758236],[15.718955,43.758992]]],[[[15.682857,43.777704],[15.681752,43.777281],[15.680881,43.778368],[15.68251,43.778844],[15.682857,43.777704]]],[[[15.918709,43.514101],[15.919016,43.514874],[15.919213,43.514566],[15.918709,43.514101]]],[[[15.888243,43.537488],[15.8863,43.539708],[15.888427,43.540592],[15.890293,43.539682],[15.890859,43.537816],[15.888243,43.537488]]],[[[15.930663,43.542156],[15.934718,43.544232],[15.935701,43.54091],[15.933498,43.539563],[15.930956,43.540668],[15.930663,43.542156]]],[[[15.898224,43.55986],[15.898833,43.558999],[15.89789,43.559503],[15.898224,43.55986]]],[[[15.879501,43.564563],[15.87674,43.56445],[15.875108,43.566132],[15.877764,43.566623],[15.879501,43.564563]]],[[[15.903086,43.568269],[15.895066,43.56963],[15.892367,43.572894],[15.896327,43.573713],[15.899665,43.571525],[15.903969,43.571106],[15.905031,43.569043],[15.903086,43.568269]]],[[[15.87071,43.575939],[15.870349,43.57734],[15.871917,43.57801],[15.872296,43.576128],[15.87071,43.575939]]],[[[15.912367,43.591991],[15.910334,43.593095],[15.912307,43.59479],[15.913378,43.593473],[15.912367,43.591991]]],[[[15.897038,43.628839],[15.896453,43.629709],[15.898225,43.632254],[15.902591,43.630714],[15.90665,43.630979],[15.90769,43.629626],[15.897038,43.628839]]],[[[15.915186,43.632123],[15.914182,43.632021],[15.914985,43.632468],[15.915186,43.632123]]],[[[15.816173,43.645134],[15.816282,43.647414],[15.820966,43.643467],[15.819202,43.642654],[15.816173,43.645134]]],[[[15.841873,43.646731],[15.841254,43.646776],[15.841599,43.647311],[15.841873,43.646731]]],[[[15.83983,43.650463],[15.841369,43.647746],[15.838667,43.648898],[15.83983,43.650463]]],[[[15.832939,43.650505],[15.833507,43.650061],[15.83292,43.650076],[15.832939,43.650505]]],[[[15.88771,43.652208],[15.88848,43.651609],[15.886413,43.652138],[15.88771,43.652208]]],[[[15.892798,43.650481],[15.892586,43.654693],[15.893826,43.655397],[15.896579,43.655446],[15.89953,43.652594],[15.894693,43.649892],[15.892798,43.650481]]],[[[15.880037,43.654744],[15.877784,43.656717],[15.878918,43.656448],[15.882486,43.653419],[15.880485,43.652706],[15.880037,43.654744]]],[[[15.908678,43.653656],[15.907579,43.654285],[15.910008,43.658095],[15.908869,43.65965],[15.910795,43.660069],[15.913095,43.655232],[15.910376,43.655704],[15.908678,43.653656]]],[[[15.827211,43.658045],[15.827185,43.658991],[15.828065,43.658457],[15.827211,43.658045]]],[[[15.886102,43.660677],[15.888473,43.659546],[15.888614,43.656634],[15.885159,43.658246],[15.886102,43.660677]]],[[[15.90415,43.661019],[15.903761,43.65847],[15.903565,43.657041],[15.902545,43.659756],[15.90415,43.661019]]],[[[15.87805,43.661394],[15.878989,43.66929],[15.881984,43.668405],[15.882663,43.665008],[15.881731,43.661602],[15.879798,43.660157],[15.87805,43.661394]]],[[[15.809795,43.668044],[15.812886,43.667292],[15.813258,43.664552],[15.811781,43.663592],[15.808276,43.665705],[15.809795,43.668044]]],[[[15.918338,43.672806],[15.919317,43.670933],[15.917433,43.669734],[15.916024,43.670537],[15.91533,43.670378],[15.914961,43.670414],[15.914628,43.670627],[15.915899,43.670616],[15.915884,43.671697],[15.913358,43.672224],[15.912652,43.670509],[15.910145,43.670174],[15.908319,43.673299],[15.91147,43.677307],[15.918338,43.672806]]],[[[15.846441,43.701821],[15.851385,43.700631],[15.85562,43.697258],[15.856892,43.692683],[15.860485,43.692219],[15.861905,43.690084],[15.861604,43.68799],[15.865598,43.685945],[15.864473,43.684687],[15.866961,43.684058],[15.865838,43.68274],[15.86707,43.682002],[15.863436,43.680651],[15.867128,43.68007],[15.866133,43.67747],[15.869455,43.678048],[15.866406,43.674703],[15.868858,43.674587],[15.868875,43.673555],[15.866779,43.672666],[15.862719,43.673644],[15.864651,43.670487],[15.869751,43.666814],[15.870522,43.662033],[15.869314,43.660461],[15.866862,43.66092],[15.864216,43.664304],[15.86133,43.665169],[15.861233,43.667331],[15.859565,43.667863],[15.860729,43.66925],[15.858836,43.671081],[15.859808,43.671858],[15.836683,43.684292],[15.830494,43.690902],[15.828631,43.690907],[15.82218,43.695013],[15.819068,43.69941],[15.819485,43.701143],[15.822898,43.701554],[15.833521,43.698052],[15.834939,43.696434],[15.833375,43.699665],[15.834765,43.698944],[15.835454,43.699646],[15.835388,43.702276],[15.833394,43.703997],[15.834896,43.704795],[15.834281,43.70699],[15.835289,43.708574],[15.837071,43.709472],[15.845551,43.705507],[15.846441,43.701821]]],[[[15.802266,43.714374],[15.801988,43.714547],[15.802365,43.714555],[15.802266,43.714374]]],[[[15.808867,43.716279],[15.807598,43.719497],[15.80972,43.720933],[15.813717,43.719418],[15.815864,43.716103],[15.813663,43.713852],[15.808867,43.716279]]],[[[15.852319,43.719966],[15.852032,43.719806],[15.852055,43.720166],[15.852319,43.719966]]],[[[15.881701,43.787581],[15.881564,43.787672],[15.881984,43.787699],[15.881701,43.787581]]],[[[15.858366,43.825056],[15.857394,43.825259],[15.858539,43.825462],[15.858366,43.825056]]],[[[15.981219,43.491544],[15.98065,43.491279],[15.981027,43.49165],[15.981219,43.491544]]],[[[15.969327,43.493352],[15.968864,43.493455],[15.969494,43.493693],[15.969327,43.493352]]],[[[15.943389,43.510541],[15.940055,43.5123],[15.937821,43.515933],[15.944662,43.51305],[15.945068,43.511248],[15.943389,43.510541]]],[[[15.947261,43.513579],[15.946698,43.513713],[15.947514,43.513834],[15.947261,43.513579]]],[[[15.971901,43.514411],[15.971728,43.514391],[15.971777,43.514461],[15.971901,43.514411]]],[[[15.943293,43.51745],[15.941478,43.518088],[15.941414,43.51878],[15.943342,43.519319],[15.943293,43.51745]]],[[[15.966806,43.529368],[15.966415,43.529404],[15.966639,43.529599],[15.966806,43.529368]]],[[[15.96216,43.532732],[15.960611,43.531534],[15.961734,43.53308],[15.96216,43.532732]]],[[[15.94755,43.534683],[15.948233,43.533632],[15.946833,43.533673],[15.94755,43.534683]]],[[[15.944274,43.671637],[15.943979,43.670935],[15.942585,43.671627],[15.944274,43.671637]]]]},"properties":{"id":10,"slug":"sibenska-biskupija","name":"Šibenska Biskupija","kind":"biskupija","seat":"Šibenik","area_km2":3016.3,"population":103797,"settlement_count":233,"parish_count":75,"church_count":110,"method":"naselja (DGU) → biskupija sjedeće/najbliže župe, spojeno"}}]}